module_id,dir,topic_name,timestamp,__srcfile
58,in,topic_250,1771685332028000,14_48_46_subscription_info_0.csv
58,in,topic_14,1771685338828000,14_48_46_subscription_info_0.csv
58,in,topic_14,1771685341988000,14_48_46_subscription_info_0.csv
58,in,topic_250,1771685350308000,14_48_46_subscription_info_0.csv
58,in,topic_250,1771685371868000,14_48_46_subscription_info_0.csv
58,in,topic_14,1771685373828000,14_48_46_subscription_info_0.csv
58,in,topic_129,1771685387932000,14_48_46_subscription_info_0.csv
58,in,topic_129,1771685394764000,14_48_46_subscription_info_0.csv
58,in,topic_129,1771685410388000,14_48_46_subscription_info_0.csv
58,in,topic_250,1771685447748000,14_48_46_subscription_info_0.csv
58,in,topic_250,1771685469268000,14_48_46_subscription_info_0.csv
58,in,topic_129,1771685470476000,14_48_46_subscription_info_0.csv
58,in,topic_14,1771685488188000,14_48_46_subscription_info_0.csv
58,in,topic_129,1771685494820000,14_48_46_subscription_info_0.csv
58,in,topic_14,1771685517964000,14_48_46_subscription_info_0.csv
58,in,topic_14,1771685518308000,14_48_46_subscription_info_0.csv
