timestamp,pub_timestamp,publisher_id,flag_armed,flag_multicopter_position_control_enabled,flag_control_manual_enabled,flag_control_auto_enabled,flag_control_offboard_enabled,flag_control_position_enabled,flag_control_velocity_enabled,flag_control_altitude_enabled,flag_control_climb_rate_enabled,flag_control_acceleration_enabled,flag_control_attitude_enabled,flag_control_rates_enabled,flag_control_allocation_enabled,flag_control_termination_enabled,source_id
1771685122636000,1771685122636000,93,1,1,0,1,0,1,1,1,1,0,1,1,1,0,0
1771685122660000,1771685122660000,93,1,1,0,1,0,1,1,1,1,0,1,1,1,0,0
1771685122672000,1771685122672000,93,1,1,0,1,0,1,1,1,1,0,1,1,1,0,0
1771685123176000,1771685123176000,93,1,1,0,1,0,1,1,1,1,0,1,1,1,0,0
1771685123680000,1771685123680000,93,1,1,0,1,0,1,1,1,1,0,1,1,1,0,0
1771685124184000,1771685124184000,93,1,1,0,1,0,1,1,1,1,0,1,1,1,0,0
1771685124688000,1771685124688000,93,1,1,0,1,0,1,1,1,1,0,1,1,1,0,0
1771685125192000,1771685125192000,93,1,1,0,1,0,1,1,1,1,0,1,1,1,0,0
1771685125696000,1771685125696000,93,1,1,0,1,0,1,1,1,1,0,1,1,1,0,0
1771685126200000,1771685126200000,93,1,1,0,1,0,1,1,1,1,0,1,1,1,0,0
1771685126704000,1771685126704000,93,1,1,0,1,0,1,1,1,1,0,1,1,1,0,0
1771685127208000,1771685127208000,93,1,1,0,1,0,1,1,1,1,0,1,1,1,0,0
1771685127712000,1771685127712000,93,1,1,0,1,0,1,1,1,1,0,1,1,1,0,0
1771685128216000,1771685128216000,93,1,1,0,1,0,1,1,1,1,0,1,1,1,0,0
1771685128720000,1771685128720000,93,1,1,0,1,0,1,1,1,1,0,1,1,1,0,0
1771685129224000,1771685129224000,93,1,1,0,1,0,1,1,1,1,0,1,1,1,0,0
1771685129728000,1771685129728000,93,1,1,0,1,0,1,1,1,1,0,1,1,1,0,0
1771685130232000,1771685130232000,93,1,1,0,1,0,1,1,1,1,0,1,1,1,0,0
1771685130736000,1771685130736000,93,1,1,0,1,0,1,1,1,1,0,1,1,1,0,0
1771685131240000,1771685131240000,93,1,1,0,1,0,1,1,1,1,0,1,1,1,0,0
1771685131744000,1771685131744000,93,1,1,0,1,0,1,1,1,1,0,1,1,1,0,0
1771685132248000,1771685132248000,93,1,1,0,1,0,1,1,1,1,0,1,1,1,0,0
1771685132752000,1771685132752000,93,1,1,0,1,0,1,1,1,1,0,1,1,1,0,0
1771685133256000,1771685133256000,93,1,1,0,1,0,1,1,1,1,0,1,1,1,0,0
1771685133760000,1771685133760000,93,1,1,0,1,0,1,1,1,1,0,1,1,1,0,0
1771685134264000,1771685134264000,93,1,1,0,1,0,1,1,1,1,0,1,1,1,0,0
1771685134768000,1771685134768000,93,1,1,0,1,0,1,1,1,1,0,1,1,1,0,0
1771685135272000,1771685135272000,93,1,1,0,1,0,1,1,1,1,0,1,1,1,0,0
1771685135776000,1771685135776000,93,1,1,0,1,0,1,1,1,1,0,1,1,1,0,0
1771685136280000,1771685136280000,93,1,1,0,1,0,1,1,1,1,0,1,1,1,0,0
1771685136784000,1771685136784000,93,1,1,0,1,0,1,1,1,1,0,1,1,1,0,0
1771685137288000,1771685137288000,93,1,1,0,1,0,1,1,1,1,0,1,1,1,0,0
1771685137792000,1771685137792000,93,1,1,0,1,0,1,1,1,1,0,1,1,1,0,0
1771685138296000,1771685138296000,93,1,1,0,1,0,1,1,1,1,0,1,1,1,0,0
1771685138800000,1771685138800000,93,1,1,0,1,0,1,1,1,1,0,1,1,1,0,0
1771685139304000,1771685139304000,93,1,1,0,1,0,1,1,1,1,0,1,1,1,0,0
1771685139808000,1771685139808000,93,1,1,0,1,0,1,1,1,1,0,1,1,1,0,0
1771685140312000,1771685140312000,93,1,1,0,1,0,1,1,1,1,0,1,1,1,0,0
1771685140816000,1771685140816000,93,1,1,0,1,0,1,1,1,1,0,1,1,1,0,0
1771685141320000,1771685141320000,93,1,1,0,1,0,1,1,1,1,0,1,1,1,0,0
1771685141824000,1771685141824000,93,1,1,0,1,0,1,1,1,1,0,1,1,1,0,0
1771685142328000,1771685142328000,93,1,1,0,1,0,1,1,1,1,0,1,1,1,0,0
1771685142832000,1771685142832000,93,1,1,0,1,0,1,1,1,1,0,1,1,1,0,0
1771685143336000,1771685143336000,93,1,1,0,1,0,1,1,1,1,0,1,1,1,0,0
1771685143840000,1771685143840000,93,1,1,0,1,0,1,1,1,1,0,1,1,1,0,0
1771685144344000,1771685144344000,93,1,1,0,1,0,1,1,1,1,0,1,1,1,0,0
1771685144848000,1771685144848000,93,1,1,0,1,0,1,1,1,1,0,1,1,1,0,0
1771685145352000,1771685145352000,93,1,1,0,1,0,1,1,1,1,0,1,1,1,0,0
1771685145856000,1771685145856000,93,1,1,0,1,0,1,1,1,1,0,1,1,1,0,0
1771685146360000,1771685146360000,93,1,1,0,1,0,1,1,1,1,0,1,1,1,0,0
1771685146864000,1771685146864000,93,1,1,0,1,0,1,1,1,1,0,1,1,1,0,0
1771685147368000,1771685147368000,93,1,1,0,1,0,1,1,1,1,0,1,1,1,0,0
1771685147872000,1771685147872000,93,1,1,0,1,0,1,1,1,1,0,1,1,1,0,0
1771685148376000,1771685148376000,93,1,1,0,1,0,1,1,1,1,0,1,1,1,0,0
1771685148880000,1771685148880000,93,1,1,0,1,0,1,1,1,1,0,1,1,1,0,0
1771685149384000,1771685149384000,93,1,1,0,1,0,1,1,1,1,0,1,1,1,0,0
1771685149888000,1771685149888000,93,1,1,0,1,0,1,1,1,1,0,1,1,1,0,0
1771685150392000,1771685150392000,93,1,1,0,1,0,1,1,1,1,0,1,1,1,0,0
1771685150896000,1771685150896000,93,1,1,0,1,0,1,1,1,1,0,1,1,1,0,0
1771685151400000,1771685151400000,93,1,1,0,1,0,1,1,1,1,0,1,1,1,0,0
1771685151904000,1771685151904000,93,1,1,0,1,0,1,1,1,1,0,1,1,1,0,0
1771685152408000,1771685152408000,93,1,1,0,1,0,1,1,1,1,0,1,1,1,0,0
1771685152912000,1771685152912000,93,1,1,0,1,0,1,1,1,1,0,1,1,1,0,0
1771685153416000,1771685153416000,93,1,1,0,1,0,1,1,1,1,0,1,1,1,0,0
1771685153920000,1771685153920000,93,1,1,0,1,0,1,1,1,1,0,1,1,1,0,0
1771685154424000,1771685154424000,93,1,1,0,1,0,1,1,1,1,0,1,1,1,0,0
1771685154928000,1771685154928000,93,1,1,0,1,0,1,1,1,1,0,1,1,1,0,0
1771685155432000,1771685155432000,93,1,1,0,1,0,1,1,1,1,0,1,1,1,0,0
1771685155936000,1771685155936000,93,1,1,0,1,0,1,1,1,1,0,1,1,1,0,0
1771685156440000,1771685156440000,93,1,1,0,1,0,1,1,1,1,0,1,1,1,0,0
1771685156944000,1771685156944000,93,1,1,0,1,0,1,1,1,1,0,1,1,1,0,0
1771685157448000,1771685157448000,93,1,1,0,1,0,1,1,1,1,0,1,1,1,0,0
1771685157952000,1771685157952000,93,1,1,0,1,0,1,1,1,1,0,1,1,1,0,0
1771685158456000,1771685158456000,93,1,1,0,1,0,1,1,1,1,0,1,1,1,0,0
1771685158960000,1771685158960000,93,1,1,0,1,0,1,1,1,1,0,1,1,1,0,0
1771685159464000,1771685159464000,93,1,1,0,1,0,1,1,1,1,0,1,1,1,0,0
1771685159968000,1771685159968000,93,1,1,0,1,0,1,1,1,1,0,1,1,1,0,0
1771685160472000,1771685160472000,93,1,1,0,1,0,1,1,1,1,0,1,1,1,0,0
1771685160976000,1771685160976000,93,1,1,0,1,0,1,1,1,1,0,1,1,1,0,0
1771685161480000,1771685161480000,93,1,1,0,1,0,1,1,1,1,0,1,1,1,0,0
1771685161984000,1771685161984000,93,1,1,0,1,0,1,1,1,1,0,1,1,1,0,0
1771685162488000,1771685162488000,93,1,1,0,1,0,1,1,1,1,0,1,1,1,0,0
1771685162992000,1771685162992000,93,1,1,0,1,0,1,1,1,1,0,1,1,1,0,0
1771685163496000,1771685163496000,93,1,1,0,1,0,1,1,1,1,0,1,1,1,0,0
1771685164000000,1771685164000000,93,1,1,0,1,0,1,1,1,1,0,1,1,1,0,0
1771685164504000,1771685164504000,93,1,1,0,1,0,1,1,1,1,0,1,1,1,0,0
1771685165008000,1771685165008000,93,1,1,0,1,0,1,1,1,1,0,1,1,1,0,0
1771685165512000,1771685165512000,93,1,1,0,1,0,1,1,1,1,0,1,1,1,0,0
1771685166016000,1771685166016000,93,1,1,0,1,0,1,1,1,1,0,1,1,1,0,0
1771685166520000,1771685166520000,93,1,1,0,1,0,1,1,1,1,0,1,1,1,0,0
1771685167024000,1771685167024000,93,1,1,0,1,0,1,1,1,1,0,1,1,1,0,0
1771685167528000,1771685167528000,93,1,1,0,1,0,1,1,1,1,0,1,1,1,0,0
1771685168032000,1771685168032000,93,1,1,0,1,0,1,1,1,1,0,1,1,1,0,0
1771685168536000,1771685168536000,93,1,1,0,1,0,1,1,1,1,0,1,1,1,0,0
1771685169040000,1771685169040000,93,1,1,0,1,0,1,1,1,1,0,1,1,1,0,0
1771685169544000,1771685169544000,93,1,1,0,1,0,1,1,1,1,0,1,1,1,0,0
1771685170048000,1771685170048000,93,1,1,0,1,0,1,1,1,1,0,1,1,1,0,0
1771685170552000,1771685170552000,93,1,1,0,1,0,1,1,1,1,0,1,1,1,0,0
1771685171056000,1771685171056000,93,1,1,0,1,0,1,1,1,1,0,1,1,1,0,0
1771685171224000,1771685171224000,93,1,1,0,1,0,1,1,1,1,0,1,1,1,0,0
1771685171728000,1771685171728000,93,1,1,0,1,0,1,1,1,1,0,1,1,1,0,0
1771685172232000,1771685172232000,93,1,1,0,1,0,1,1,1,1,0,1,1,1,0,0
1771685172736000,1771685172736000,93,1,1,0,1,0,1,1,1,1,0,1,1,1,0,0
1771685173240000,1771685173240000,93,1,1,0,1,0,1,1,1,1,0,1,1,1,0,0
1771685173744000,1771685173744000,93,1,1,0,1,0,1,1,1,1,0,1,1,1,0,0
1771685174248000,1771685174248000,93,1,1,0,1,0,1,1,1,1,0,1,1,1,0,0
1771685174752000,1771685174752000,93,1,1,0,1,0,1,1,1,1,0,1,1,1,0,0
1771685175256000,1771685175256000,93,1,1,0,1,0,1,1,1,1,0,1,1,1,0,0
1771685175760000,1771685175760000,93,1,1,0,1,0,1,1,1,1,0,1,1,1,0,0
1771685176264000,1771685176264000,93,1,1,0,1,0,1,1,1,1,0,1,1,1,0,0
1771685176768000,1771685176768000,93,1,1,0,1,0,1,1,1,1,0,1,1,1,0,0
1771685177272000,1771685177272000,93,1,1,0,1,0,1,1,1,1,0,1,1,1,0,0
1771685177776000,1771685177776000,93,1,1,0,1,0,1,1,1,1,0,1,1,1,0,0
1771685178280000,1771685178280000,93,1,1,0,1,0,1,1,1,1,0,1,1,1,0,0
1771685178784000,1771685178784000,93,1,1,0,1,0,1,1,1,1,0,1,1,1,0,0
1771685179288000,1771685179288000,93,1,1,0,1,0,1,1,1,1,0,1,1,1,0,0
1771685179792000,1771685179792000,93,1,1,0,1,0,1,1,1,1,0,1,1,1,0,0
1771685180296000,1771685180296000,93,1,1,0,1,0,1,1,1,1,0,1,1,1,0,0
1771685180800000,1771685180800000,93,1,1,0,1,0,1,1,1,1,0,1,1,1,0,0
1771685181304000,1771685181304000,93,1,1,0,1,0,1,1,1,1,0,1,1,1,0,0
1771685181808000,1771685181808000,93,1,1,0,1,0,1,1,1,1,0,1,1,1,0,0
1771685182312000,1771685182312000,93,1,1,0,1,0,1,1,1,1,0,1,1,1,0,0
1771685182816000,1771685182816000,93,1,1,0,1,0,1,1,1,1,0,1,1,1,0,0
1771685183320000,1771685183320000,93,1,1,0,1,0,1,1,1,1,0,1,1,1,0,0
1771685183824000,1771685183824000,93,1,1,0,1,0,1,1,1,1,0,1,1,1,0,0
1771685184328000,1771685184328000,93,1,1,0,1,0,1,1,1,1,0,1,1,1,0,0
1771685184832000,1771685184832000,93,1,1,0,1,0,1,1,1,1,0,1,1,1,0,0
1771685185336000,1771685185336000,93,1,1,0,1,0,1,1,1,1,0,1,1,1,0,0
1771685185840000,1771685185840000,93,1,1,0,1,0,1,1,1,1,0,1,1,1,0,0
1771685186344000,1771685186344000,93,1,1,0,1,0,1,1,1,1,0,1,1,1,0,0
1771685186848000,1771685186848000,93,1,1,0,1,0,1,1,1,1,0,1,1,1,0,0
1771685187352000,1771685187352000,93,1,1,0,1,0,1,1,1,1,0,1,1,1,0,0
1771685187856000,1771685187856000,93,1,1,0,1,0,1,1,1,1,0,1,1,1,0,0
1771685188360000,1771685188360000,93,1,1,0,1,0,1,1,1,1,0,1,1,1,0,0
1771685188864000,1771685188864000,93,1,1,0,1,0,1,1,1,1,0,1,1,1,0,0
1771685189368000,1771685189368000,93,1,1,0,1,0,1,1,1,1,0,1,1,1,0,0
1771685189872000,1771685189872000,93,1,1,0,1,0,1,1,1,1,0,1,1,1,0,0
1771685190376000,1771685190376000,93,1,1,0,1,0,1,1,1,1,0,1,1,1,0,0
1771685190880000,1771685190880000,93,1,1,0,1,0,1,1,1,1,0,1,1,1,0,0
1771685191384000,1771685191384000,93,1,1,0,1,0,1,1,1,1,0,1,1,1,0,0
1771685191888000,1771685191888000,93,1,1,0,1,0,1,1,1,1,0,1,1,1,0,0
1771685192392000,1771685192392000,93,1,1,0,1,0,1,1,1,1,0,1,1,1,0,0
1771685192896000,1771685192896000,93,1,1,0,1,0,1,1,1,1,0,1,1,1,0,0
1771685193400000,1771685193400000,93,1,1,0,1,0,1,1,1,1,0,1,1,1,0,0
1771685193904000,1771685193904000,93,1,1,0,1,0,1,1,1,1,0,1,1,1,0,0
1771685194408000,1771685194408000,93,1,1,0,1,0,1,1,1,1,0,1,1,1,0,0
1771685194912000,1771685194912000,93,1,1,0,1,0,1,1,1,1,0,1,1,1,0,0
1771685195416000,1771685195416000,93,1,1,0,1,0,1,1,1,1,0,1,1,1,0,0
1771685195920000,1771685195920000,93,1,1,0,1,0,1,1,1,1,0,1,1,1,0,0
1771685196424000,1771685196424000,93,1,1,0,1,0,1,1,1,1,0,1,1,1,0,0
1771685196928000,1771685196928000,93,1,1,0,1,0,1,1,1,1,0,1,1,1,0,0
1771685197432000,1771685197432000,93,1,1,0,1,0,1,1,1,1,0,1,1,1,0,0
1771685197936000,1771685197936000,93,1,1,0,1,0,1,1,1,1,0,1,1,1,0,0
1771685198440000,1771685198440000,93,1,1,0,1,0,1,1,1,1,0,1,1,1,0,0
1771685198944000,1771685198944000,93,1,1,0,1,0,1,1,1,1,0,1,1,1,0,0
1771685199448000,1771685199448000,93,1,1,0,1,0,1,1,1,1,0,1,1,1,0,0
1771685199952000,1771685199952000,93,1,1,0,1,0,1,1,1,1,0,1,1,1,0,0
1771685200456000,1771685200456000,93,1,1,0,1,0,1,1,1,1,0,1,1,1,0,0
1771685200960000,1771685200960000,93,1,1,0,1,0,1,1,1,1,0,1,1,1,0,0
1771685201464000,1771685201464000,93,1,1,0,1,0,1,1,1,1,0,1,1,1,0,0
1771685201968000,1771685201968000,93,1,1,0,1,0,1,1,1,1,0,1,1,1,0,0
1771685202472000,1771685202472000,93,1,1,0,1,0,1,1,1,1,0,1,1,1,0,0
1771685202976000,1771685202976000,93,1,1,0,1,0,1,1,1,1,0,1,1,1,0,0
1771685203480000,1771685203480000,93,1,1,0,1,0,1,1,1,1,0,1,1,1,0,0
1771685203984000,1771685203984000,93,1,1,0,1,0,1,1,1,1,0,1,1,1,0,0
1771685204488000,1771685204488000,93,1,1,0,1,0,1,1,1,1,0,1,1,1,0,0
1771685204992000,1771685204992000,93,1,1,0,1,0,1,1,1,1,0,1,1,1,0,0
1771685205496000,1771685205496000,93,1,1,0,1,0,1,1,1,1,0,1,1,1,0,0
1771685206000000,1771685206000000,93,1,1,0,1,0,1,1,1,1,0,1,1,1,0,0
1771685206504000,1771685206504000,93,1,1,0,1,0,1,1,1,1,0,1,1,1,0,0
1771685207008000,1771685207008000,93,1,1,0,1,0,1,1,1,1,0,1,1,1,0,0
1771685207512000,1771685207512000,93,1,1,0,1,0,1,1,1,1,0,1,1,1,0,0
1771685208016000,1771685208016000,93,1,1,0,1,0,1,1,1,1,0,1,1,1,0,0
1771685208520000,1771685208520000,93,1,1,0,1,0,1,1,1,1,0,1,1,1,0,0
1771685209024000,1771685209024000,93,1,1,0,1,0,1,1,1,1,0,1,1,1,0,0
1771685209528000,1771685209528000,93,1,1,0,1,0,1,1,1,1,0,1,1,1,0,0
1771685210032000,1771685210032000,93,1,1,0,1,0,1,1,1,1,0,1,1,1,0,0
1771685210536000,1771685210536000,93,1,1,0,1,0,1,1,1,1,0,1,1,1,0,0
1771685211040000,1771685211040000,93,1,1,0,1,0,1,1,1,1,0,1,1,1,0,0
1771685211544000,1771685211544000,93,1,1,0,1,0,1,1,1,1,0,1,1,1,0,0
1771685212048000,1771685212048000,93,1,1,0,1,0,1,1,1,1,0,1,1,1,0,0
1771685212552000,1771685212552000,93,1,1,0,1,0,1,1,1,1,0,1,1,1,0,0
1771685213056000,1771685213056000,93,1,1,0,1,0,1,1,1,1,0,1,1,1,0,0
1771685213560000,1771685213560000,93,1,1,0,1,0,1,1,1,1,0,1,1,1,0,0
1771685214064000,1771685214064000,93,1,1,0,1,0,1,1,1,1,0,1,1,1,0,0
1771685214568000,1771685214568000,93,1,1,0,1,0,1,1,1,1,0,1,1,1,0,0
1771685215072000,1771685215072000,93,1,1,0,1,0,1,1,1,1,0,1,1,1,0,0
1771685215576000,1771685215576000,93,1,1,0,1,0,1,1,1,1,0,1,1,1,0,0
1771685216080000,1771685216080000,93,1,1,0,1,0,1,1,1,1,0,1,1,1,0,0
1771685216584000,1771685216584000,93,1,1,0,1,0,1,1,1,1,0,1,1,1,0,0
1771685217088000,1771685217088000,93,1,1,0,1,0,1,1,1,1,0,1,1,1,0,0
1771685217592000,1771685217592000,93,1,1,0,1,0,1,1,1,1,0,1,1,1,0,0
1771685218096000,1771685218096000,93,1,1,0,1,0,1,1,1,1,0,1,1,1,0,0
1771685218600000,1771685218600000,93,1,1,0,1,0,1,1,1,1,0,1,1,1,0,0
1771685219104000,1771685219104000,93,1,1,0,1,0,1,1,1,1,0,1,1,1,0,0
1771685219608000,1771685219608000,93,1,1,0,1,0,1,1,1,1,0,1,1,1,0,0
1771685220112000,1771685220112000,93,1,1,0,1,0,1,1,1,1,0,1,1,1,0,0
1771685220616000,1771685220616000,93,1,1,0,1,0,1,1,1,1,0,1,1,1,0,0
1771685221120000,1771685221120000,93,1,1,0,1,0,1,1,1,1,0,1,1,1,0,0
1771685221624000,1771685221624000,93,1,1,0,1,0,1,1,1,1,0,1,1,1,0,0
1771685222128000,1771685222128000,93,1,1,0,1,0,1,1,1,1,0,1,1,1,0,0
1771685222632000,1771685222632000,93,1,1,0,1,0,1,1,1,1,0,1,1,1,0,0
1771685223136000,1771685223136000,93,1,1,0,1,0,1,1,1,1,0,1,1,1,0,0
1771685223640000,1771685223640000,93,1,1,0,1,0,1,1,1,1,0,1,1,1,0,0
1771685224144000,1771685224144000,93,1,1,0,1,0,1,1,1,1,0,1,1,1,0,0
1771685224648000,1771685224648000,93,1,1,0,1,0,1,1,1,1,0,1,1,1,0,0
1771685225152000,1771685225152000,93,1,1,0,1,0,1,1,1,1,0,1,1,1,0,0
1771685225656000,1771685225656000,93,1,1,0,1,0,1,1,1,1,0,1,1,1,0,0
1771685226160000,1771685226160000,93,1,1,0,1,0,1,1,1,1,0,1,1,1,0,0
1771685226664000,1771685226664000,93,1,1,0,1,0,1,1,1,1,0,1,1,1,0,0
1771685226700000,1771685226700000,93,1,1,0,1,0,1,1,1,1,0,1,1,1,0,0
1771685226712000,1771685226712000,93,1,1,0,1,0,1,1,1,1,0,1,1,1,0,0
1771685226724000,1771685226724000,93,1,1,0,1,0,1,1,1,1,0,1,1,1,0,0
1771685227228000,1771685227228000,93,1,1,0,1,0,1,1,1,1,0,1,1,1,0,0
1771685227732000,1771685227732000,93,1,1,0,1,0,1,1,1,1,0,1,1,1,0,0
1771685228236000,1771685228236000,93,1,1,0,1,0,1,1,1,1,0,1,1,1,0,0
1771685228740000,1771685228740000,93,1,1,0,1,0,1,1,1,1,0,1,1,1,0,0
1771685229244000,1771685229244000,93,1,1,0,1,0,1,1,1,1,0,1,1,1,0,0
1771685229748000,1771685229748000,93,1,1,0,1,0,1,1,1,1,0,1,1,1,0,0
1771685230252000,1771685230252000,93,1,1,0,1,0,1,1,1,1,0,1,1,1,0,0
1771685230756000,1771685230756000,93,1,1,0,1,0,1,1,1,1,0,1,1,1,0,0
1771685231260000,1771685231260000,93,1,1,0,1,0,1,1,1,1,0,1,1,1,0,0
1771685231764000,1771685231764000,93,1,1,0,1,0,1,1,1,1,0,1,1,1,0,0
1771685232268000,1771685232268000,93,1,1,0,1,0,1,1,1,1,0,1,1,1,0,0
1771685232772000,1771685232772000,93,1,1,0,1,0,1,1,1,1,0,1,1,1,0,0
1771685233276000,1771685233276000,93,1,1,0,1,0,1,1,1,1,0,1,1,1,0,0
1771685233780000,1771685233780000,93,1,1,0,1,0,1,1,1,1,0,1,1,1,0,0
1771685234284000,1771685234284000,93,1,1,0,1,0,1,1,1,1,0,1,1,1,0,0
1771685234788000,1771685234788000,93,1,1,0,1,0,1,1,1,1,0,1,1,1,0,0
1771685235292000,1771685235292000,93,1,1,0,1,0,1,1,1,1,0,1,1,1,0,0
1771685235796000,1771685235796000,93,1,1,0,1,0,1,1,1,1,0,1,1,1,0,0
1771685236300000,1771685236300000,93,1,1,0,1,0,1,1,1,1,0,1,1,1,0,0
1771685236804000,1771685236804000,93,1,1,0,1,0,1,1,1,1,0,1,1,1,0,0
1771685237308000,1771685237308000,93,1,1,0,1,0,1,1,1,1,0,1,1,1,0,0
1771685237812000,1771685237812000,93,1,1,0,1,0,1,1,1,1,0,1,1,1,0,0
1771685238316000,1771685238316000,93,1,1,0,1,0,1,1,1,1,0,1,1,1,0,0
1771685238820000,1771685238820000,93,1,1,0,1,0,1,1,1,1,0,1,1,1,0,0
1771685239324000,1771685239324000,93,1,1,0,1,0,1,1,1,1,0,1,1,1,0,0
1771685239828000,1771685239828000,93,1,1,0,1,0,1,1,1,1,0,1,1,1,0,0
1771685240332000,1771685240332000,93,1,1,0,1,0,1,1,1,1,0,1,1,1,0,0
1771685240836000,1771685240836000,93,1,1,0,1,0,1,1,1,1,0,1,1,1,0,0
1771685241340000,1771685241340000,93,1,1,0,1,0,1,1,1,1,0,1,1,1,0,0
1771685241844000,1771685241844000,93,1,1,0,1,0,1,1,1,1,0,1,1,1,0,0
1771685242348000,1771685242348000,93,1,1,0,1,0,1,1,1,1,0,1,1,1,0,0
1771685242852000,1771685242852000,93,1,1,0,1,0,1,1,1,1,0,1,1,1,0,0
1771685243356000,1771685243356000,93,1,1,0,1,0,1,1,1,1,0,1,1,1,0,0
1771685243860000,1771685243860000,93,1,1,0,1,0,1,1,1,1,0,1,1,1,0,0
1771685244364000,1771685244364000,93,1,1,0,1,0,1,1,1,1,0,1,1,1,0,0
1771685244868000,1771685244868000,93,1,1,0,1,0,1,1,1,1,0,1,1,1,0,0
1771685245372000,1771685245372000,93,1,1,0,1,0,1,1,1,1,0,1,1,1,0,0
1771685245876000,1771685245876000,93,1,1,0,1,0,1,1,1,1,0,1,1,1,0,0
1771685246380000,1771685246380000,93,1,1,0,1,0,1,1,1,1,0,1,1,1,0,0
1771685246884000,1771685246884000,93,1,1,0,1,0,1,1,1,1,0,1,1,1,0,0
1771685247388000,1771685247388000,93,1,1,0,1,0,1,1,1,1,0,1,1,1,0,0
1771685247892000,1771685247892000,93,1,1,0,1,0,1,1,1,1,0,1,1,1,0,0
1771685248396000,1771685248396000,93,1,1,0,1,0,1,1,1,1,0,1,1,1,0,0
1771685248900000,1771685248900000,93,1,1,0,1,0,1,1,1,1,0,1,1,1,0,0
1771685249404000,1771685249404000,93,1,1,0,1,0,1,1,1,1,0,1,1,1,0,0
1771685249908000,1771685249908000,93,1,1,0,1,0,1,1,1,1,0,1,1,1,0,0
1771685250412000,1771685250412000,93,1,1,0,1,0,1,1,1,1,0,1,1,1,0,0
1771685250916000,1771685250916000,93,1,1,0,1,0,1,1,1,1,0,1,1,1,0,0
1771685251420000,1771685251420000,93,1,1,0,1,0,1,1,1,1,0,1,1,1,0,0
1771685251924000,1771685251924000,93,1,1,0,1,0,1,1,1,1,0,1,1,1,0,0
1771685252428000,1771685252428000,93,1,1,0,1,0,1,1,1,1,0,1,1,1,0,0
1771685252932000,1771685252932000,93,1,1,0,1,0,1,1,1,1,0,1,1,1,0,0
1771685253436000,1771685253436000,93,1,1,0,1,0,1,1,1,1,0,1,1,1,0,0
1771685253940000,1771685253940000,93,1,1,0,1,0,1,1,1,1,0,1,1,1,0,0
1771685254444000,1771685254444000,93,1,1,0,1,0,1,1,1,1,0,1,1,1,0,0
1771685254948000,1771685254948000,93,1,1,0,1,0,1,1,1,1,0,1,1,1,0,0
1771685255452000,1771685255452000,93,1,1,0,1,0,1,1,1,1,0,1,1,1,0,0
1771685255956000,1771685255956000,93,1,1,0,1,0,1,1,1,1,0,1,1,1,0,0
1771685256460000,1771685256460000,93,1,1,0,1,0,1,1,1,1,0,1,1,1,0,0
1771685256964000,1771685256964000,93,1,1,0,1,0,1,1,1,1,0,1,1,1,0,0
1771685257468000,1771685257468000,93,1,1,0,1,0,1,1,1,1,0,1,1,1,0,0
1771685257972000,1771685257972000,93,1,1,0,1,0,1,1,1,1,0,1,1,1,0,0
1771685258476000,1771685258476000,93,1,1,0,1,0,1,1,1,1,0,1,1,1,0,0
1771685258980000,1771685258980000,93,1,1,0,1,0,1,1,1,1,0,1,1,1,0,0
1771685259484000,1771685259484000,93,1,1,0,1,0,1,1,1,1,0,1,1,1,0,0
1771685259988000,1771685259988000,93,1,1,0,1,0,1,1,1,1,0,1,1,1,0,0
1771685260492000,1771685260492000,93,1,1,0,1,0,1,1,1,1,0,1,1,1,0,0
1771685260996000,1771685260996000,93,1,1,0,1,0,1,1,1,1,0,1,1,1,0,0
1771685261500000,1771685261500000,93,1,1,0,1,0,1,1,1,1,0,1,1,1,0,0
1771685262004000,1771685262004000,93,1,1,0,1,0,1,1,1,1,0,1,1,1,0,0
1771685262508000,1771685262508000,93,1,1,0,1,0,1,1,1,1,0,1,1,1,0,0
1771685263012000,1771685263012000,93,1,1,0,1,0,1,1,1,1,0,1,1,1,0,0
1771685263516000,1771685263516000,93,1,1,0,1,0,1,1,1,1,0,1,1,1,0,0
1771685264020000,1771685264020000,93,1,1,0,1,0,1,1,1,1,0,1,1,1,0,0
1771685264524000,1771685264524000,93,1,1,0,1,0,1,1,1,1,0,1,1,1,0,0
1771685265028000,1771685265028000,93,1,1,0,1,0,1,1,1,1,0,1,1,1,0,0
1771685265532000,1771685265532000,93,1,1,0,1,0,1,1,1,1,0,1,1,1,0,0
1771685266036000,1771685266036000,93,1,1,0,1,0,1,1,1,1,0,1,1,1,0,0
1771685266540000,1771685266540000,93,1,1,0,1,0,1,1,1,1,0,1,1,1,0,0
1771685267044000,1771685267044000,93,1,1,0,1,0,1,1,1,1,0,1,1,1,0,0
1771685267548000,1771685267548000,93,1,1,0,1,0,1,1,1,1,0,1,1,1,0,0
1771685268052000,1771685268052000,93,1,1,0,1,0,1,1,1,1,0,1,1,1,0,0
1771685268556000,1771685268556000,93,1,1,0,1,0,1,1,1,1,0,1,1,1,0,0
1771685269060000,1771685269060000,93,1,1,0,1,0,1,1,1,1,0,1,1,1,0,0
1771685269564000,1771685269564000,93,1,1,0,1,0,1,1,1,1,0,1,1,1,0,0
1771685270068000,1771685270068000,93,1,1,0,1,0,1,1,1,1,0,1,1,1,0,0
1771685270572000,1771685270572000,93,1,1,0,1,0,1,1,1,1,0,1,1,1,0,0
1771685271076000,1771685271076000,93,1,1,0,1,0,1,1,1,1,0,1,1,1,0,0
1771685271580000,1771685271580000,93,1,1,0,1,0,1,1,1,1,0,1,1,1,0,0
1771685272084000,1771685272084000,93,1,1,0,1,0,1,1,1,1,0,1,1,1,0,0
1771685272588000,1771685272588000,93,1,1,0,1,0,1,1,1,1,0,1,1,1,0,0
1771685273092000,1771685273092000,93,1,1,0,1,0,1,1,1,1,0,1,1,1,0,0
1771685273596000,1771685273596000,93,1,1,0,1,0,1,1,1,1,0,1,1,1,0,0
1771685274100000,1771685274100000,93,1,1,0,1,0,1,1,1,1,0,1,1,1,0,0
1771685274604000,1771685274604000,93,1,1,0,1,0,1,1,1,1,0,1,1,1,0,0
1771685275108000,1771685275108000,93,1,1,0,1,0,1,1,1,1,0,1,1,1,0,0
1771685275612000,1771685275612000,93,1,1,0,1,0,1,1,1,1,0,1,1,1,0,0
1771685276116000,1771685276116000,93,1,1,0,1,0,1,1,1,1,0,1,1,1,0,0
1771685276620000,1771685276620000,93,1,1,0,1,0,1,1,1,1,0,1,1,1,0,0
1771685277124000,1771685277124000,93,1,1,0,1,0,1,1,1,1,0,1,1,1,0,0
1771685277628000,1771685277628000,93,1,1,0,1,0,1,1,1,1,0,1,1,1,0,0
1771685278132000,1771685278132000,93,1,1,0,1,0,1,1,1,1,0,1,1,1,0,0
1771685278636000,1771685278636000,93,1,1,0,1,0,1,1,1,1,0,1,1,1,0,0
1771685279140000,1771685279140000,93,1,1,0,1,0,1,1,1,1,0,1,1,1,0,0
1771685279644000,1771685279644000,93,1,1,0,1,0,1,1,1,1,0,1,1,1,0,0
1771685280148000,1771685280148000,93,1,1,0,1,0,1,1,1,1,0,1,1,1,0,0
1771685280652000,1771685280652000,93,1,1,0,1,0,1,1,1,1,0,1,1,1,0,0
1771685281156000,1771685281156000,93,1,1,0,1,0,1,1,1,1,0,1,1,1,0,0
1771685281660000,1771685281660000,93,1,1,0,1,0,1,1,1,1,0,1,1,1,0,0
1771685282164000,1771685282164000,93,1,1,0,1,0,1,1,1,1,0,1,1,1,0,0
1771685282668000,1771685282668000,93,1,1,0,1,0,1,1,1,1,0,1,1,1,0,0
1771685283172000,1771685283172000,93,1,1,0,1,0,1,1,1,1,0,1,1,1,0,0
1771685283676000,1771685283676000,93,1,1,0,1,0,1,1,1,1,0,1,1,1,0,0
1771685284180000,1771685284180000,93,1,1,0,1,0,1,1,1,1,0,1,1,1,0,0
1771685284684000,1771685284684000,93,1,1,0,1,0,1,1,1,1,0,1,1,1,0,0
1771685285188000,1771685285188000,93,1,1,0,1,0,1,1,1,1,0,1,1,1,0,0
1771685285692000,1771685285692000,93,1,1,0,1,0,1,1,1,1,0,1,1,1,0,0
1771685286196000,1771685286196000,93,1,1,0,1,0,1,1,1,1,0,1,1,1,0,0
1771685286700000,1771685286700000,93,1,1,0,1,0,1,1,1,1,0,1,1,1,0,0
1771685287204000,1771685287204000,93,1,1,0,1,0,1,1,1,1,0,1,1,1,0,0
1771685287708000,1771685287708000,93,1,1,0,1,0,1,1,1,1,0,1,1,1,0,0
1771685288212000,1771685288212000,93,1,1,0,1,0,1,1,1,1,0,1,1,1,0,0
1771685288716000,1771685288716000,93,1,1,0,1,0,1,1,1,1,0,1,1,1,0,0
1771685289220000,1771685289220000,93,1,1,0,1,0,1,1,1,1,0,1,1,1,0,0
1771685289724000,1771685289724000,93,1,1,0,1,0,1,1,1,1,0,1,1,1,0,0
1771685290228000,1771685290228000,93,1,1,0,1,0,1,1,1,1,0,1,1,1,0,0
1771685290732000,1771685290732000,93,1,1,0,1,0,1,1,1,1,0,1,1,1,0,0
1771685291236000,1771685291236000,93,1,1,0,1,0,1,1,1,1,0,1,1,1,0,0
1771685291740000,1771685291740000,93,1,1,0,1,0,1,1,1,1,0,1,1,1,0,0
1771685292244000,1771685292244000,93,1,1,0,1,0,1,1,1,1,0,1,1,1,0,0
1771685292748000,1771685292748000,93,1,1,0,1,0,1,1,1,1,0,1,1,1,0,0
1771685293252000,1771685293252000,93,1,1,0,1,0,1,1,1,1,0,1,1,1,0,0
1771685293756000,1771685293756000,93,1,1,0,1,0,1,1,1,1,0,1,1,1,0,0
1771685294260000,1771685294260000,93,1,1,0,1,0,1,1,1,1,0,1,1,1,0,0
1771685294764000,1771685294764000,93,1,1,0,1,0,1,1,1,1,0,1,1,1,0,0
1771685295268000,1771685295268000,93,1,1,0,1,0,1,1,1,1,0,1,1,1,0,0
1771685295772000,1771685295772000,93,1,1,0,1,0,1,1,1,1,0,1,1,1,0,0
1771685296276000,1771685296276000,93,1,1,0,1,0,1,1,1,1,0,1,1,1,0,0
1771685296780000,1771685296780000,93,1,1,0,1,0,1,1,1,1,0,1,1,1,0,0
1771685297284000,1771685297284000,93,1,1,0,1,0,1,1,1,1,0,1,1,1,0,0
1771685297788000,1771685297788000,93,1,1,0,1,0,1,1,1,1,0,1,1,1,0,0
1771685298292000,1771685298292000,93,1,1,0,1,0,1,1,1,1,0,1,1,1,0,0
1771685298796000,1771685298796000,93,1,1,0,1,0,1,1,1,1,0,1,1,1,0,0
1771685299300000,1771685299300000,93,1,1,0,1,0,1,1,1,1,0,1,1,1,0,0
1771685299804000,1771685299804000,93,1,1,0,1,0,1,1,1,1,0,1,1,1,0,0
1771685300308000,1771685300308000,93,1,1,0,1,0,1,1,1,1,0,1,1,1,0,0
1771685300812000,1771685300812000,93,1,1,0,1,0,1,1,1,1,0,1,1,1,0,0
1771685301316000,1771685301316000,93,1,1,0,1,0,1,1,1,1,0,1,1,1,0,0
1771685301820000,1771685301820000,93,1,1,0,1,0,1,1,1,1,0,1,1,1,0,0
1771685302324000,1771685302324000,93,1,1,0,1,0,1,1,1,1,0,1,1,1,0,0
1771685302828000,1771685302828000,93,1,1,0,1,0,1,1,1,1,0,1,1,1,0,0
1771685303332000,1771685303332000,93,1,1,0,1,0,1,1,1,1,0,1,1,1,0,0
1771685303836000,1771685303836000,93,1,1,0,1,0,1,1,1,1,0,1,1,1,0,0
1771685304340000,1771685304340000,93,1,1,0,1,0,1,1,1,1,0,1,1,1,0,0
1771685304844000,1771685304844000,93,1,1,0,1,0,1,1,1,1,0,1,1,1,0,0
1771685305348000,1771685305348000,93,1,1,0,1,0,1,1,1,1,0,1,1,1,0,0
1771685305852000,1771685305852000,93,1,1,0,1,0,1,1,1,1,0,1,1,1,0,0
1771685306356000,1771685306356000,93,1,1,0,1,0,1,1,1,1,0,1,1,1,0,0
1771685306860000,1771685306860000,93,1,1,0,1,0,1,1,1,1,0,1,1,1,0,0
1771685307364000,1771685307364000,93,1,1,0,1,0,1,1,1,1,0,1,1,1,0,0
1771685307868000,1771685307868000,93,1,1,0,1,0,1,1,1,1,0,1,1,1,0,0
1771685308372000,1771685308372000,93,1,1,0,1,0,1,1,1,1,0,1,1,1,0,0
1771685308876000,1771685308876000,93,1,1,0,1,0,1,1,1,1,0,1,1,1,0,0
1771685309380000,1771685309380000,93,1,1,0,1,0,1,1,1,1,0,1,1,1,0,0
1771685309884000,1771685309884000,93,1,1,0,1,0,1,1,1,1,0,1,1,1,0,0
1771685310388000,1771685310388000,93,1,1,0,1,0,1,1,1,1,0,1,1,1,0,0
1771685310892000,1771685310892000,93,1,1,0,1,0,1,1,1,1,0,1,1,1,0,0
1771685311396000,1771685311396000,93,1,1,0,1,0,1,1,1,1,0,1,1,1,0,0
1771685311900000,1771685311900000,93,1,1,0,1,0,1,1,1,1,0,1,1,1,0,0
1771685312404000,1771685312404000,93,1,1,0,1,0,1,1,1,1,0,1,1,1,0,0
1771685312908000,1771685312908000,93,1,1,0,1,0,1,1,1,1,0,1,1,1,0,0
1771685313412000,1771685313412000,93,1,1,0,1,0,1,1,1,1,0,1,1,1,0,0
1771685313916000,1771685313916000,93,1,1,0,1,0,1,1,1,1,0,1,1,1,0,0
1771685314420000,1771685314420000,93,1,1,0,1,0,1,1,1,1,0,1,1,1,0,0
1771685314924000,1771685314924000,93,1,1,0,1,0,1,1,1,1,0,1,1,1,0,0
1771685315428000,1771685315428000,93,1,1,0,1,0,1,1,1,1,0,1,1,1,0,0
1771685315932000,1771685315932000,93,1,1,0,1,0,1,1,1,1,0,1,1,1,0,0
1771685316436000,1771685316436000,93,1,1,0,1,0,1,1,1,1,0,1,1,1,0,0
1771685316940000,1771685316940000,93,1,1,0,1,0,1,1,1,1,0,1,1,1,0,0
1771685317444000,1771685317444000,93,1,1,0,1,0,1,1,1,1,0,1,1,1,0,0
1771685317948000,1771685317948000,93,1,1,0,1,0,1,1,1,1,0,1,1,1,0,0
1771685318452000,1771685318452000,93,1,1,0,1,0,1,1,1,1,0,1,1,1,0,0
1771685318956000,1771685318956000,93,1,1,0,1,0,1,1,1,1,0,1,1,1,0,0
1771685319460000,1771685319460000,93,1,1,0,1,0,1,1,1,1,0,1,1,1,0,0
1771685319964000,1771685319964000,93,1,1,0,1,0,1,1,1,1,0,1,1,1,0,0
1771685320468000,1771685320468000,93,1,1,0,1,0,1,1,1,1,0,1,1,1,0,0
1771685320780000,1771685320780000,93,1,1,0,1,0,1,1,1,1,0,1,1,1,0,0
1771685321284000,1771685321284000,93,1,1,0,1,0,1,1,1,1,0,1,1,1,0,0
1771685321788000,1771685321788000,93,1,1,0,1,0,1,1,1,1,0,1,1,1,0,0
1771685322292000,1771685322292000,93,1,1,0,1,0,1,1,1,1,0,1,1,1,0,0
1771685322736000,1771685322736000,93,0,1,0,1,0,1,1,1,1,0,1,1,1,0,0
1771685323240000,1771685323240000,93,0,1,0,1,0,1,1,1,1,0,1,1,1,0,0
