timestamp,pub_timestamp,publisher_id,_padding0[0],_padding0[1],_padding0[2],_padding0[3],_padding0[4],_padding0[5],_padding0[6],previous.pub_timestamp,previous.timestamp,previous.lat,previous.lon,previous.vx,previous.vy,previous.vz,previous.alt,previous.yaw,previous.loiter_radius,previous.loiter_minor_radius,previous.loiter_orientation,previous.acceptance_radius,previous.alt_acceptance_radius,previous.cruising_speed,previous.cruising_throttle,previous.publisher_id,previous.valid,previous.type,previous.loiter_direction_counter_clockwise,previous.loiter_pattern,previous.gliding_enabled,previous._padding0[0],previous._padding0[1],current.pub_timestamp,current.timestamp,current.lat,current.lon,current.vx,current.vy,current.vz,current.alt,current.yaw,current.loiter_radius,current.loiter_minor_radius,current.loiter_orientation,current.acceptance_radius,current.alt_acceptance_radius,current.cruising_speed,current.cruising_throttle,current.publisher_id,current.valid,current.type,current.loiter_direction_counter_clockwise,current.loiter_pattern,current.gliding_enabled,current._padding0[0],current._padding0[1],next.pub_timestamp,next.timestamp,next.lat,next.lon,next.vx,next.vy,next.vz,next.alt,next.yaw,next.loiter_radius,next.loiter_minor_radius,next.loiter_orientation,next.acceptance_radius,next.alt_acceptance_radius,next.cruising_speed,next.cruising_throttle,next.publisher_id,next.valid,next.type,next.loiter_direction_counter_clockwise,next.loiter_pattern,next.gliding_enabled,next._padding0[0],next._padding0[1]
1771684924764000,1771684924764000,96,0,0,0,0,0,0,0,0,1771684924764000,nan,nan,0.0,0.0,0.0,0.0,nan,80.0,0.0,0.0,2.0,0.0,-1.0,nan,0,0,5,0,0,0,0,0,0,1771684924764000,nan,nan,0.0,0.0,0.0,0.0,nan,80.0,0.0,0.0,2.0,0.0,-1.0,nan,0,0,5,0,0,0,0,0,0,1771684924764000,nan,nan,0.0,0.0,0.0,0.0,nan,80.0,0.0,0.0,2.0,0.0,-1.0,nan,0,0,5,0,0,0,0,0
1771684924812000,1771684924812000,96,0,0,0,0,0,0,0,0,1771684924812000,nan,nan,0.0,0.0,0.0,0.0,nan,80.0,0.0,0.0,2.0,0.0,-1.0,nan,0,0,5,0,0,0,0,0,0,1771684924812000,nan,nan,0.0,0.0,0.0,0.0,nan,80.0,0.0,0.0,2.0,0.0,-1.0,nan,0,0,5,0,0,0,0,0,0,1771684924812000,nan,nan,0.0,0.0,0.0,0.0,nan,80.0,0.0,0.0,2.0,0.0,-1.0,nan,0,0,5,0,0,0,0,0
1771684924868000,1771684924868000,96,0,0,0,0,0,0,0,0,1771684924868000,nan,nan,0.0,0.0,0.0,0.0,nan,80.0,0.0,0.0,2.0,0.0,-1.0,nan,0,0,5,0,0,0,0,0,0,1771684924868000,nan,nan,0.0,0.0,0.0,0.0,nan,80.0,0.0,0.0,2.0,0.0,-1.0,nan,0,0,5,0,0,0,0,0,0,1771684924868000,nan,nan,0.0,0.0,0.0,0.0,nan,80.0,0.0,0.0,2.0,0.0,-1.0,nan,0,0,5,0,0,0,0,0
1771684924916000,1771684924916000,96,0,0,0,0,0,0,0,0,1771684924916000,nan,nan,0.0,0.0,0.0,0.0,nan,80.0,0.0,0.0,2.0,0.0,-1.0,nan,0,0,5,0,0,0,0,0,0,1771684924916000,nan,nan,0.0,0.0,0.0,0.0,nan,80.0,0.0,0.0,2.0,0.0,-1.0,nan,0,0,5,0,0,0,0,0,0,1771684924916000,nan,nan,0.0,0.0,0.0,0.0,nan,80.0,0.0,0.0,2.0,0.0,-1.0,nan,0,0,5,0,0,0,0,0
1771684924964000,1771684924964000,96,0,0,0,0,0,0,0,0,1771684924964000,nan,nan,0.0,0.0,0.0,0.0,nan,80.0,0.0,0.0,2.0,0.0,-1.0,nan,0,0,5,0,0,0,0,0,0,1771684924964000,nan,nan,0.0,0.0,0.0,0.0,nan,80.0,0.0,0.0,2.0,0.0,-1.0,nan,0,0,5,0,0,0,0,0,0,1771684924964000,nan,nan,0.0,0.0,0.0,0.0,nan,80.0,0.0,0.0,2.0,0.0,-1.0,nan,0,0,5,0,0,0,0,0
1771684925012000,1771684925012000,96,0,0,0,0,0,0,0,0,1771684925012000,nan,nan,0.0,0.0,0.0,0.0,nan,80.0,0.0,0.0,2.0,0.0,-1.0,nan,0,0,5,0,0,0,0,0,0,1771684925012000,nan,nan,0.0,0.0,0.0,0.0,nan,80.0,0.0,0.0,2.0,0.0,-1.0,nan,0,0,5,0,0,0,0,0,0,1771684925012000,nan,nan,0.0,0.0,0.0,0.0,nan,80.0,0.0,0.0,2.0,0.0,-1.0,nan,0,0,5,0,0,0,0,0
1771684925068000,1771684925068000,96,0,0,0,0,0,0,0,0,1771684925068000,nan,nan,0.0,0.0,0.0,0.0,nan,80.0,0.0,0.0,2.0,0.0,-1.0,nan,0,0,5,0,0,0,0,0,0,1771684925068000,nan,nan,0.0,0.0,0.0,0.0,nan,80.0,0.0,0.0,2.0,0.0,-1.0,nan,0,0,5,0,0,0,0,0,0,1771684925068000,nan,nan,0.0,0.0,0.0,0.0,nan,80.0,0.0,0.0,2.0,0.0,-1.0,nan,0,0,5,0,0,0,0,0
1771684925116000,1771684925116000,96,0,0,0,0,0,0,0,0,1771684925116000,nan,nan,0.0,0.0,0.0,0.0,nan,80.0,0.0,0.0,2.0,0.0,-1.0,nan,0,0,5,0,0,0,0,0,0,1771684925116000,nan,nan,0.0,0.0,0.0,0.0,nan,80.0,0.0,0.0,2.0,0.0,-1.0,nan,0,0,5,0,0,0,0,0,0,1771684925116000,nan,nan,0.0,0.0,0.0,0.0,nan,80.0,0.0,0.0,2.0,0.0,-1.0,nan,0,0,5,0,0,0,0,0
1771684925164000,1771684925164000,96,0,0,0,0,0,0,0,0,1771684925164000,nan,nan,0.0,0.0,0.0,0.0,nan,80.0,0.0,0.0,2.0,0.0,-1.0,nan,0,0,5,0,0,0,0,0,0,1771684925164000,nan,nan,0.0,0.0,0.0,0.0,nan,80.0,0.0,0.0,2.0,0.0,-1.0,nan,0,0,5,0,0,0,0,0,0,1771684925164000,nan,nan,0.0,0.0,0.0,0.0,nan,80.0,0.0,0.0,2.0,0.0,-1.0,nan,0,0,5,0,0,0,0,0
1771684925212000,1771684925212000,96,0,0,0,0,0,0,0,0,1771684925212000,nan,nan,0.0,0.0,0.0,0.0,nan,80.0,0.0,0.0,2.0,0.0,-1.0,nan,0,0,5,0,0,0,0,0,0,1771684925212000,nan,nan,0.0,0.0,0.0,0.0,nan,80.0,0.0,0.0,2.0,0.0,-1.0,nan,0,0,5,0,0,0,0,0,0,1771684925212000,nan,nan,0.0,0.0,0.0,0.0,nan,80.0,0.0,0.0,2.0,0.0,-1.0,nan,0,0,5,0,0,0,0,0
1771684925268000,1771684925268000,96,0,0,0,0,0,0,0,0,1771684925268000,nan,nan,0.0,0.0,0.0,0.0,nan,80.0,0.0,0.0,2.0,0.0,-1.0,nan,0,0,5,0,0,0,0,0,0,1771684925268000,nan,nan,0.0,0.0,0.0,0.0,nan,80.0,0.0,0.0,2.0,0.0,-1.0,nan,0,0,5,0,0,0,0,0,0,1771684925268000,nan,nan,0.0,0.0,0.0,0.0,nan,80.0,0.0,0.0,2.0,0.0,-1.0,nan,0,0,5,0,0,0,0,0
1771684925316000,1771684925316000,96,0,0,0,0,0,0,0,0,1771684925316000,nan,nan,0.0,0.0,0.0,0.0,nan,80.0,0.0,0.0,2.0,0.0,-1.0,nan,0,0,5,0,0,0,0,0,0,1771684925316000,nan,nan,0.0,0.0,0.0,0.0,nan,80.0,0.0,0.0,2.0,0.0,-1.0,nan,0,0,5,0,0,0,0,0,0,1771684925316000,nan,nan,0.0,0.0,0.0,0.0,nan,80.0,0.0,0.0,2.0,0.0,-1.0,nan,0,0,5,0,0,0,0,0
1771684925364000,1771684925364000,96,0,0,0,0,0,0,0,0,1771684925364000,nan,nan,0.0,0.0,0.0,0.0,nan,80.0,0.0,0.0,2.0,0.0,-1.0,nan,0,0,5,0,0,0,0,0,0,1771684925364000,nan,nan,0.0,0.0,0.0,0.0,nan,80.0,0.0,0.0,2.0,0.0,-1.0,nan,0,0,5,0,0,0,0,0,0,1771684925364000,nan,nan,0.0,0.0,0.0,0.0,nan,80.0,0.0,0.0,2.0,0.0,-1.0,nan,0,0,5,0,0,0,0,0
1771684925412000,1771684925412000,96,0,0,0,0,0,0,0,0,1771684925412000,nan,nan,0.0,0.0,0.0,0.0,nan,80.0,0.0,0.0,2.0,0.0,-1.0,nan,0,0,5,0,0,0,0,0,0,1771684925412000,nan,nan,0.0,0.0,0.0,0.0,nan,80.0,0.0,0.0,2.0,0.0,-1.0,nan,0,0,5,0,0,0,0,0,0,1771684925412000,nan,nan,0.0,0.0,0.0,0.0,nan,80.0,0.0,0.0,2.0,0.0,-1.0,nan,0,0,5,0,0,0,0,0
1771684925468000,1771684925468000,96,0,0,0,0,0,0,0,0,1771684925468000,nan,nan,0.0,0.0,0.0,0.0,nan,80.0,0.0,0.0,2.0,0.0,-1.0,nan,0,0,5,0,0,0,0,0,0,1771684925468000,nan,nan,0.0,0.0,0.0,0.0,nan,80.0,0.0,0.0,2.0,0.0,-1.0,nan,0,0,5,0,0,0,0,0,0,1771684925468000,nan,nan,0.0,0.0,0.0,0.0,nan,80.0,0.0,0.0,2.0,0.0,-1.0,nan,0,0,5,0,0,0,0,0
1771684925516000,1771684925516000,96,0,0,0,0,0,0,0,0,1771684925516000,nan,nan,0.0,0.0,0.0,0.0,nan,80.0,0.0,0.0,2.0,0.0,-1.0,nan,0,0,5,0,0,0,0,0,0,1771684925516000,nan,nan,0.0,0.0,0.0,0.0,nan,80.0,0.0,0.0,2.0,0.0,-1.0,nan,0,0,5,0,0,0,0,0,0,1771684925516000,nan,nan,0.0,0.0,0.0,0.0,nan,80.0,0.0,0.0,2.0,0.0,-1.0,nan,0,0,5,0,0,0,0,0
1771684925564000,1771684925564000,96,0,0,0,0,0,0,0,0,1771684925564000,nan,nan,0.0,0.0,0.0,0.0,nan,80.0,0.0,0.0,2.0,0.0,-1.0,nan,0,0,5,0,0,0,0,0,0,1771684925564000,nan,nan,0.0,0.0,0.0,0.0,nan,80.0,0.0,0.0,2.0,0.0,-1.0,nan,0,0,5,0,0,0,0,0,0,1771684925564000,nan,nan,0.0,0.0,0.0,0.0,nan,80.0,0.0,0.0,2.0,0.0,-1.0,nan,0,0,5,0,0,0,0,0
1771684925612000,1771684925612000,96,0,0,0,0,0,0,0,0,1771684925612000,nan,nan,0.0,0.0,0.0,0.0,nan,80.0,0.0,0.0,2.0,0.0,-1.0,nan,0,0,5,0,0,0,0,0,0,1771684925612000,nan,nan,0.0,0.0,0.0,0.0,nan,80.0,0.0,0.0,2.0,0.0,-1.0,nan,0,0,5,0,0,0,0,0,0,1771684925612000,nan,nan,0.0,0.0,0.0,0.0,nan,80.0,0.0,0.0,2.0,0.0,-1.0,nan,0,0,5,0,0,0,0,0
1771684925620000,1771684925620000,96,0,0,0,0,0,0,0,0,1771684925620000,nan,nan,0.0,0.0,0.0,0.0,nan,80.0,0.0,0.0,2.0,0.0,-1.0,nan,0,0,5,0,0,0,0,0,0,1771684925620000,nan,nan,0.0,0.0,0.0,0.0,nan,80.0,0.0,0.0,2.0,0.0,-1.0,nan,0,0,5,0,0,0,0,0,0,1771684925620000,nan,nan,0.0,0.0,0.0,0.0,nan,80.0,0.0,0.0,2.0,0.0,-1.0,nan,0,0,5,0,0,0,0,0
1771684925676000,1771684925676000,96,0,0,0,0,0,0,0,0,1771684925676000,nan,nan,0.0,0.0,0.0,0.0,nan,80.0,0.0,0.0,2.0,0.0,-1.0,nan,0,0,5,0,0,0,0,0,0,1771684925676000,nan,nan,0.0,0.0,0.0,0.0,nan,80.0,0.0,0.0,2.0,0.0,-1.0,nan,0,0,5,0,0,0,0,0,0,1771684925676000,nan,nan,0.0,0.0,0.0,0.0,nan,80.0,0.0,0.0,2.0,0.0,-1.0,nan,0,0,5,0,0,0,0,0
1771684925724000,1771684925724000,96,0,0,0,0,0,0,0,0,1771684925724000,nan,nan,0.0,0.0,0.0,0.0,nan,80.0,0.0,0.0,2.0,0.0,-1.0,nan,0,0,5,0,0,0,0,0,0,1771684925724000,nan,nan,0.0,0.0,0.0,0.0,nan,80.0,0.0,0.0,2.0,0.0,-1.0,nan,0,0,5,0,0,0,0,0,0,1771684925724000,nan,nan,0.0,0.0,0.0,0.0,nan,80.0,0.0,0.0,2.0,0.0,-1.0,nan,0,0,5,0,0,0,0,0
1771684925772000,1771684925772000,96,0,0,0,0,0,0,0,0,1771684925772000,nan,nan,0.0,0.0,0.0,0.0,nan,80.0,0.0,0.0,2.0,0.0,-1.0,nan,0,0,5,0,0,0,0,0,0,1771684925772000,nan,nan,0.0,0.0,0.0,0.0,nan,80.0,0.0,0.0,2.0,0.0,-1.0,nan,0,0,5,0,0,0,0,0,0,1771684925772000,nan,nan,0.0,0.0,0.0,0.0,nan,80.0,0.0,0.0,2.0,0.0,-1.0,nan,0,0,5,0,0,0,0,0
1771684925820000,1771684925820000,96,0,0,0,0,0,0,0,0,1771684925820000,nan,nan,0.0,0.0,0.0,0.0,nan,80.0,0.0,0.0,2.0,0.0,-1.0,nan,0,0,5,0,0,0,0,0,0,1771684925820000,nan,nan,0.0,0.0,0.0,0.0,nan,80.0,0.0,0.0,2.0,0.0,-1.0,nan,0,0,5,0,0,0,0,0,0,1771684925820000,nan,nan,0.0,0.0,0.0,0.0,nan,80.0,0.0,0.0,2.0,0.0,-1.0,nan,0,0,5,0,0,0,0,0
1771684925876000,1771684925876000,96,0,0,0,0,0,0,0,0,1771684925876000,nan,nan,0.0,0.0,0.0,0.0,nan,80.0,0.0,0.0,2.0,0.0,-1.0,nan,0,0,5,0,0,0,0,0,0,1771684925876000,nan,nan,0.0,0.0,0.0,0.0,nan,80.0,0.0,0.0,2.0,0.0,-1.0,nan,0,0,5,0,0,0,0,0,0,1771684925876000,nan,nan,0.0,0.0,0.0,0.0,nan,80.0,0.0,0.0,2.0,0.0,-1.0,nan,0,0,5,0,0,0,0,0
1771684925924000,1771684925924000,96,0,0,0,0,0,0,0,0,1771684925924000,nan,nan,0.0,0.0,0.0,0.0,nan,80.0,0.0,0.0,2.0,0.0,-1.0,nan,0,0,5,0,0,0,0,0,0,1771684925924000,nan,nan,0.0,0.0,0.0,0.0,nan,80.0,0.0,0.0,2.0,0.0,-1.0,nan,0,0,5,0,0,0,0,0,0,1771684925924000,nan,nan,0.0,0.0,0.0,0.0,nan,80.0,0.0,0.0,2.0,0.0,-1.0,nan,0,0,5,0,0,0,0,0
1771684925972000,1771684925972000,96,0,0,0,0,0,0,0,0,1771684925972000,nan,nan,0.0,0.0,0.0,0.0,nan,80.0,0.0,0.0,2.0,0.0,-1.0,nan,0,0,5,0,0,0,0,0,0,1771684925972000,nan,nan,0.0,0.0,0.0,0.0,nan,80.0,0.0,0.0,2.0,0.0,-1.0,nan,0,0,5,0,0,0,0,0,0,1771684925972000,nan,nan,0.0,0.0,0.0,0.0,nan,80.0,0.0,0.0,2.0,0.0,-1.0,nan,0,0,5,0,0,0,0,0
1771684926020000,1771684926020000,96,0,0,0,0,0,0,0,0,1771684926020000,nan,nan,0.0,0.0,0.0,0.0,nan,80.0,0.0,0.0,2.0,0.0,-1.0,nan,0,0,5,0,0,0,0,0,0,1771684926020000,nan,nan,0.0,0.0,0.0,0.0,nan,80.0,0.0,0.0,2.0,0.0,-1.0,nan,0,0,5,0,0,0,0,0,0,1771684926020000,nan,nan,0.0,0.0,0.0,0.0,nan,80.0,0.0,0.0,2.0,0.0,-1.0,nan,0,0,5,0,0,0,0,0
1771684926076000,1771684926076000,96,0,0,0,0,0,0,0,0,1771684926076000,nan,nan,0.0,0.0,0.0,0.0,nan,80.0,0.0,0.0,2.0,0.0,-1.0,nan,0,0,5,0,0,0,0,0,0,1771684926076000,nan,nan,0.0,0.0,0.0,0.0,nan,80.0,0.0,0.0,2.0,0.0,-1.0,nan,0,0,5,0,0,0,0,0,0,1771684926076000,nan,nan,0.0,0.0,0.0,0.0,nan,80.0,0.0,0.0,2.0,0.0,-1.0,nan,0,0,5,0,0,0,0,0
1771684926124000,1771684926124000,96,0,0,0,0,0,0,0,0,1771684926124000,nan,nan,0.0,0.0,0.0,0.0,nan,80.0,0.0,0.0,2.0,0.0,-1.0,nan,0,0,5,0,0,0,0,0,0,1771684926124000,nan,nan,0.0,0.0,0.0,0.0,nan,80.0,0.0,0.0,2.0,0.0,-1.0,nan,0,0,5,0,0,0,0,0,0,1771684926124000,nan,nan,0.0,0.0,0.0,0.0,nan,80.0,0.0,0.0,2.0,0.0,-1.0,nan,0,0,5,0,0,0,0,0
1771684926172000,1771684926172000,96,0,0,0,0,0,0,0,0,1771684926172000,nan,nan,0.0,0.0,0.0,0.0,nan,80.0,0.0,0.0,2.0,0.0,-1.0,nan,0,0,5,0,0,0,0,0,0,1771684926172000,nan,nan,0.0,0.0,0.0,0.0,nan,80.0,0.0,0.0,2.0,0.0,-1.0,nan,0,0,5,0,0,0,0,0,0,1771684926172000,nan,nan,0.0,0.0,0.0,0.0,nan,80.0,0.0,0.0,2.0,0.0,-1.0,nan,0,0,5,0,0,0,0,0
1771684926220000,1771684926220000,96,0,0,0,0,0,0,0,0,1771684926220000,nan,nan,0.0,0.0,0.0,0.0,nan,80.0,0.0,0.0,2.0,0.0,-1.0,nan,0,0,5,0,0,0,0,0,0,1771684926220000,nan,nan,0.0,0.0,0.0,0.0,nan,80.0,0.0,0.0,2.0,0.0,-1.0,nan,0,0,5,0,0,0,0,0,0,1771684926220000,nan,nan,0.0,0.0,0.0,0.0,nan,80.0,0.0,0.0,2.0,0.0,-1.0,nan,0,0,5,0,0,0,0,0
1771684926276000,1771684926276000,96,0,0,0,0,0,0,0,0,1771684926276000,nan,nan,0.0,0.0,0.0,0.0,nan,80.0,0.0,0.0,2.0,0.0,-1.0,nan,0,0,5,0,0,0,0,0,0,1771684926276000,nan,nan,0.0,0.0,0.0,0.0,nan,80.0,0.0,0.0,2.0,0.0,-1.0,nan,0,0,5,0,0,0,0,0,0,1771684926276000,nan,nan,0.0,0.0,0.0,0.0,nan,80.0,0.0,0.0,2.0,0.0,-1.0,nan,0,0,5,0,0,0,0,0
1771684926324000,1771684926324000,96,0,0,0,0,0,0,0,0,1771684926324000,nan,nan,0.0,0.0,0.0,0.0,nan,80.0,0.0,0.0,2.0,0.0,-1.0,nan,0,0,5,0,0,0,0,0,0,1771684926324000,nan,nan,0.0,0.0,0.0,0.0,nan,80.0,0.0,0.0,2.0,0.0,-1.0,nan,0,0,5,0,0,0,0,0,0,1771684926324000,nan,nan,0.0,0.0,0.0,0.0,nan,80.0,0.0,0.0,2.0,0.0,-1.0,nan,0,0,5,0,0,0,0,0
1771684926372000,1771684926372000,96,0,0,0,0,0,0,0,0,1771684926372000,nan,nan,0.0,0.0,0.0,0.0,nan,80.0,0.0,0.0,2.0,0.0,-1.0,nan,0,0,5,0,0,0,0,0,0,1771684926372000,nan,nan,0.0,0.0,0.0,0.0,nan,80.0,0.0,0.0,2.0,0.0,-1.0,nan,0,0,5,0,0,0,0,0,0,1771684926372000,nan,nan,0.0,0.0,0.0,0.0,nan,80.0,0.0,0.0,2.0,0.0,-1.0,nan,0,0,5,0,0,0,0,0
1771684926420000,1771684926420000,96,0,0,0,0,0,0,0,0,1771684926420000,nan,nan,0.0,0.0,0.0,0.0,nan,80.0,0.0,0.0,2.0,0.0,-1.0,nan,0,0,5,0,0,0,0,0,0,1771684926420000,nan,nan,0.0,0.0,0.0,0.0,nan,80.0,0.0,0.0,2.0,0.0,-1.0,nan,0,0,5,0,0,0,0,0,0,1771684926420000,nan,nan,0.0,0.0,0.0,0.0,nan,80.0,0.0,0.0,2.0,0.0,-1.0,nan,0,0,5,0,0,0,0,0
1771684926476000,1771684926476000,96,0,0,0,0,0,0,0,0,1771684926476000,nan,nan,0.0,0.0,0.0,0.0,nan,80.0,0.0,0.0,2.0,0.0,-1.0,nan,0,0,5,0,0,0,0,0,0,1771684926476000,nan,nan,0.0,0.0,0.0,0.0,nan,80.0,0.0,0.0,2.0,0.0,-1.0,nan,0,0,5,0,0,0,0,0,0,1771684926476000,nan,nan,0.0,0.0,0.0,0.0,nan,80.0,0.0,0.0,2.0,0.0,-1.0,nan,0,0,5,0,0,0,0,0
1771684926524000,1771684926524000,96,0,0,0,0,0,0,0,0,1771684926524000,nan,nan,0.0,0.0,0.0,0.0,nan,80.0,0.0,0.0,2.0,0.0,-1.0,nan,0,0,5,0,0,0,0,0,0,1771684926524000,nan,nan,0.0,0.0,0.0,0.0,nan,80.0,0.0,0.0,2.0,0.0,-1.0,nan,0,0,5,0,0,0,0,0,0,1771684926524000,nan,nan,0.0,0.0,0.0,0.0,nan,80.0,0.0,0.0,2.0,0.0,-1.0,nan,0,0,5,0,0,0,0,0
1771684926572000,1771684926572000,96,0,0,0,0,0,0,0,0,1771684926572000,nan,nan,0.0,0.0,0.0,0.0,nan,80.0,0.0,0.0,2.0,0.0,-1.0,nan,0,0,5,0,0,0,0,0,0,1771684926572000,nan,nan,0.0,0.0,0.0,0.0,nan,80.0,0.0,0.0,2.0,0.0,-1.0,nan,0,0,5,0,0,0,0,0,0,1771684926572000,nan,nan,0.0,0.0,0.0,0.0,nan,80.0,0.0,0.0,2.0,0.0,-1.0,nan,0,0,5,0,0,0,0,0
1771684926620000,1771684926620000,96,0,0,0,0,0,0,0,0,1771684926620000,nan,nan,0.0,0.0,0.0,0.0,nan,80.0,0.0,0.0,2.0,0.0,-1.0,nan,0,0,5,0,0,0,0,0,0,1771684926620000,nan,nan,0.0,0.0,0.0,0.0,nan,80.0,0.0,0.0,2.0,0.0,-1.0,nan,0,0,5,0,0,0,0,0,0,1771684926620000,nan,nan,0.0,0.0,0.0,0.0,nan,80.0,0.0,0.0,2.0,0.0,-1.0,nan,0,0,5,0,0,0,0,0
1771684926628000,1771684926628000,96,0,0,0,0,0,0,0,0,1771684926628000,nan,nan,0.0,0.0,0.0,0.0,nan,80.0,0.0,0.0,2.0,0.0,-1.0,nan,0,0,5,0,0,0,0,0,0,1771684926628000,nan,nan,0.0,0.0,0.0,0.0,nan,80.0,0.0,0.0,2.0,0.0,-1.0,nan,0,0,5,0,0,0,0,0,0,1771684926628000,nan,nan,0.0,0.0,0.0,0.0,nan,80.0,0.0,0.0,2.0,0.0,-1.0,nan,0,0,5,0,0,0,0,0
1771684926684000,1771684926684000,96,0,0,0,0,0,0,0,0,1771684926684000,nan,nan,0.0,0.0,0.0,0.0,nan,80.0,0.0,0.0,2.0,0.0,-1.0,nan,0,0,5,0,0,0,0,0,0,1771684926684000,nan,nan,0.0,0.0,0.0,0.0,nan,80.0,0.0,0.0,2.0,0.0,-1.0,nan,0,0,5,0,0,0,0,0,0,1771684926684000,nan,nan,0.0,0.0,0.0,0.0,nan,80.0,0.0,0.0,2.0,0.0,-1.0,nan,0,0,5,0,0,0,0,0
1771684926732000,1771684926732000,96,0,0,0,0,0,0,0,0,1771684926732000,nan,nan,0.0,0.0,0.0,0.0,nan,80.0,0.0,0.0,2.0,0.0,-1.0,nan,0,0,5,0,0,0,0,0,0,1771684926732000,nan,nan,0.0,0.0,0.0,0.0,nan,80.0,0.0,0.0,2.0,0.0,-1.0,nan,0,0,5,0,0,0,0,0,0,1771684926732000,nan,nan,0.0,0.0,0.0,0.0,nan,80.0,0.0,0.0,2.0,0.0,-1.0,nan,0,0,5,0,0,0,0,0
1771684926780000,1771684926780000,96,0,0,0,0,0,0,0,0,1771684926780000,nan,nan,0.0,0.0,0.0,0.0,nan,80.0,0.0,0.0,2.0,0.0,-1.0,nan,0,0,5,0,0,0,0,0,0,1771684926780000,nan,nan,0.0,0.0,0.0,0.0,nan,80.0,0.0,0.0,2.0,0.0,-1.0,nan,0,0,5,0,0,0,0,0,0,1771684926780000,nan,nan,0.0,0.0,0.0,0.0,nan,80.0,0.0,0.0,2.0,0.0,-1.0,nan,0,0,5,0,0,0,0,0
1771684926828000,1771684926828000,96,0,0,0,0,0,0,0,0,1771684926828000,nan,nan,0.0,0.0,0.0,0.0,nan,80.0,0.0,0.0,2.0,0.0,-1.0,nan,0,0,5,0,0,0,0,0,0,1771684926828000,nan,nan,0.0,0.0,0.0,0.0,nan,80.0,0.0,0.0,2.0,0.0,-1.0,nan,0,0,5,0,0,0,0,0,0,1771684926828000,nan,nan,0.0,0.0,0.0,0.0,nan,80.0,0.0,0.0,2.0,0.0,-1.0,nan,0,0,5,0,0,0,0,0
1771684926884000,1771684926884000,96,0,0,0,0,0,0,0,0,1771684926884000,nan,nan,0.0,0.0,0.0,0.0,nan,80.0,0.0,0.0,2.0,0.0,-1.0,nan,0,0,5,0,0,0,0,0,0,1771684926884000,nan,nan,0.0,0.0,0.0,0.0,nan,80.0,0.0,0.0,2.0,0.0,-1.0,nan,0,0,5,0,0,0,0,0,0,1771684926884000,nan,nan,0.0,0.0,0.0,0.0,nan,80.0,0.0,0.0,2.0,0.0,-1.0,nan,0,0,5,0,0,0,0,0
1771684926932000,1771684926932000,96,0,0,0,0,0,0,0,0,1771684926932000,nan,nan,0.0,0.0,0.0,0.0,nan,80.0,0.0,0.0,2.0,0.0,-1.0,nan,0,0,5,0,0,0,0,0,0,1771684926932000,nan,nan,0.0,0.0,0.0,0.0,nan,80.0,0.0,0.0,2.0,0.0,-1.0,nan,0,0,5,0,0,0,0,0,0,1771684926932000,nan,nan,0.0,0.0,0.0,0.0,nan,80.0,0.0,0.0,2.0,0.0,-1.0,nan,0,0,5,0,0,0,0,0
1771684926980000,1771684926980000,96,0,0,0,0,0,0,0,0,1771684926980000,nan,nan,0.0,0.0,0.0,0.0,nan,80.0,0.0,0.0,2.0,0.0,-1.0,nan,0,0,5,0,0,0,0,0,0,1771684926980000,nan,nan,0.0,0.0,0.0,0.0,nan,80.0,0.0,0.0,2.0,0.0,-1.0,nan,0,0,5,0,0,0,0,0,0,1771684926980000,nan,nan,0.0,0.0,0.0,0.0,nan,80.0,0.0,0.0,2.0,0.0,-1.0,nan,0,0,5,0,0,0,0,0
1771684927028000,1771684927028000,96,0,0,0,0,0,0,0,0,1771684927028000,nan,nan,0.0,0.0,0.0,0.0,nan,80.0,0.0,0.0,2.0,0.0,-1.0,nan,0,0,5,0,0,0,0,0,0,1771684927028000,nan,nan,0.0,0.0,0.0,0.0,nan,80.0,0.0,0.0,2.0,0.0,-1.0,nan,0,0,5,0,0,0,0,0,0,1771684927028000,nan,nan,0.0,0.0,0.0,0.0,nan,80.0,0.0,0.0,2.0,0.0,-1.0,nan,0,0,5,0,0,0,0,0
1771684927084000,1771684927084000,96,0,0,0,0,0,0,0,0,1771684927084000,nan,nan,0.0,0.0,0.0,0.0,nan,80.0,0.0,0.0,2.0,0.0,-1.0,nan,0,0,5,0,0,0,0,0,0,1771684927084000,nan,nan,0.0,0.0,0.0,0.0,nan,80.0,0.0,0.0,2.0,0.0,-1.0,nan,0,0,5,0,0,0,0,0,0,1771684927084000,nan,nan,0.0,0.0,0.0,0.0,nan,80.0,0.0,0.0,2.0,0.0,-1.0,nan,0,0,5,0,0,0,0,0
1771684927132000,1771684927132000,96,0,0,0,0,0,0,0,0,1771684927132000,nan,nan,0.0,0.0,0.0,0.0,nan,80.0,0.0,0.0,2.0,0.0,-1.0,nan,0,0,5,0,0,0,0,0,0,1771684927132000,nan,nan,0.0,0.0,0.0,0.0,nan,80.0,0.0,0.0,2.0,0.0,-1.0,nan,0,0,5,0,0,0,0,0,0,1771684927132000,nan,nan,0.0,0.0,0.0,0.0,nan,80.0,0.0,0.0,2.0,0.0,-1.0,nan,0,0,5,0,0,0,0,0
1771684927180000,1771684927180000,96,0,0,0,0,0,0,0,0,1771684927180000,nan,nan,0.0,0.0,0.0,0.0,nan,80.0,0.0,0.0,2.0,0.0,-1.0,nan,0,0,5,0,0,0,0,0,0,1771684927180000,nan,nan,0.0,0.0,0.0,0.0,nan,80.0,0.0,0.0,2.0,0.0,-1.0,nan,0,0,5,0,0,0,0,0,0,1771684927180000,nan,nan,0.0,0.0,0.0,0.0,nan,80.0,0.0,0.0,2.0,0.0,-1.0,nan,0,0,5,0,0,0,0,0
1771684927228000,1771684927228000,96,0,0,0,0,0,0,0,0,1771684927228000,nan,nan,0.0,0.0,0.0,0.0,nan,80.0,0.0,0.0,2.0,0.0,-1.0,nan,0,0,5,0,0,0,0,0,0,1771684927228000,nan,nan,0.0,0.0,0.0,0.0,nan,80.0,0.0,0.0,2.0,0.0,-1.0,nan,0,0,5,0,0,0,0,0,0,1771684927228000,nan,nan,0.0,0.0,0.0,0.0,nan,80.0,0.0,0.0,2.0,0.0,-1.0,nan,0,0,5,0,0,0,0,0
1771684927284000,1771684927284000,96,0,0,0,0,0,0,0,0,1771684927284000,nan,nan,0.0,0.0,0.0,0.0,nan,80.0,0.0,0.0,2.0,0.0,-1.0,nan,0,0,5,0,0,0,0,0,0,1771684927284000,nan,nan,0.0,0.0,0.0,0.0,nan,80.0,0.0,0.0,2.0,0.0,-1.0,nan,0,0,5,0,0,0,0,0,0,1771684927284000,nan,nan,0.0,0.0,0.0,0.0,nan,80.0,0.0,0.0,2.0,0.0,-1.0,nan,0,0,5,0,0,0,0,0
1771684927332000,1771684927332000,96,0,0,0,0,0,0,0,0,1771684927332000,nan,nan,0.0,0.0,0.0,0.0,nan,80.0,0.0,0.0,2.0,0.0,-1.0,nan,0,0,5,0,0,0,0,0,0,1771684927332000,nan,nan,0.0,0.0,0.0,0.0,nan,80.0,0.0,0.0,2.0,0.0,-1.0,nan,0,0,5,0,0,0,0,0,0,1771684927332000,nan,nan,0.0,0.0,0.0,0.0,nan,80.0,0.0,0.0,2.0,0.0,-1.0,nan,0,0,5,0,0,0,0,0
1771684927380000,1771684927380000,96,0,0,0,0,0,0,0,0,1771684927380000,nan,nan,0.0,0.0,0.0,0.0,nan,80.0,0.0,0.0,2.0,0.0,-1.0,nan,0,0,5,0,0,0,0,0,0,1771684927380000,nan,nan,0.0,0.0,0.0,0.0,nan,80.0,0.0,0.0,2.0,0.0,-1.0,nan,0,0,5,0,0,0,0,0,0,1771684927380000,nan,nan,0.0,0.0,0.0,0.0,nan,80.0,0.0,0.0,2.0,0.0,-1.0,nan,0,0,5,0,0,0,0,0
1771684927428000,1771684927428000,96,0,0,0,0,0,0,0,0,1771684927428000,nan,nan,0.0,0.0,0.0,0.0,nan,80.0,0.0,0.0,2.0,0.0,-1.0,nan,0,0,5,0,0,0,0,0,0,1771684927428000,nan,nan,0.0,0.0,0.0,0.0,nan,80.0,0.0,0.0,2.0,0.0,-1.0,nan,0,0,5,0,0,0,0,0,0,1771684927428000,nan,nan,0.0,0.0,0.0,0.0,nan,80.0,0.0,0.0,2.0,0.0,-1.0,nan,0,0,5,0,0,0,0,0
1771684927484000,1771684927484000,96,0,0,0,0,0,0,0,0,1771684927484000,nan,nan,0.0,0.0,0.0,0.0,nan,80.0,0.0,0.0,2.0,0.0,-1.0,nan,0,0,5,0,0,0,0,0,0,1771684927484000,nan,nan,0.0,0.0,0.0,0.0,nan,80.0,0.0,0.0,2.0,0.0,-1.0,nan,0,0,5,0,0,0,0,0,0,1771684927484000,nan,nan,0.0,0.0,0.0,0.0,nan,80.0,0.0,0.0,2.0,0.0,-1.0,nan,0,0,5,0,0,0,0,0
1771684927532000,1771684927532000,96,0,0,0,0,0,0,0,0,1771684927532000,nan,nan,0.0,0.0,0.0,0.0,nan,80.0,0.0,0.0,2.0,0.0,-1.0,nan,0,0,5,0,0,0,0,0,0,1771684927532000,nan,nan,0.0,0.0,0.0,0.0,nan,80.0,0.0,0.0,2.0,0.0,-1.0,nan,0,0,5,0,0,0,0,0,0,1771684927532000,nan,nan,0.0,0.0,0.0,0.0,nan,80.0,0.0,0.0,2.0,0.0,-1.0,nan,0,0,5,0,0,0,0,0
1771684927580000,1771684927580000,96,0,0,0,0,0,0,0,0,1771684927580000,nan,nan,0.0,0.0,0.0,0.0,nan,80.0,0.0,0.0,2.0,0.0,-1.0,nan,0,0,5,0,0,0,0,0,0,1771684927580000,nan,nan,0.0,0.0,0.0,0.0,nan,80.0,0.0,0.0,2.0,0.0,-1.0,nan,0,0,5,0,0,0,0,0,0,1771684927580000,nan,nan,0.0,0.0,0.0,0.0,nan,80.0,0.0,0.0,2.0,0.0,-1.0,nan,0,0,5,0,0,0,0,0
1771684927628000,1771684927628000,96,0,0,0,0,0,0,0,0,1771684927628000,nan,nan,0.0,0.0,0.0,0.0,nan,80.0,0.0,0.0,2.0,0.0,-1.0,nan,0,0,5,0,0,0,0,0,0,1771684927628000,nan,nan,0.0,0.0,0.0,0.0,nan,80.0,0.0,0.0,2.0,0.0,-1.0,nan,0,0,5,0,0,0,0,0,0,1771684927628000,nan,nan,0.0,0.0,0.0,0.0,nan,80.0,0.0,0.0,2.0,0.0,-1.0,nan,0,0,5,0,0,0,0,0
1771684927636000,1771684927636000,96,0,0,0,0,0,0,0,0,1771684927636000,nan,nan,0.0,0.0,0.0,0.0,nan,80.0,0.0,0.0,2.0,0.0,-1.0,nan,0,0,5,0,0,0,0,0,0,1771684927636000,nan,nan,0.0,0.0,0.0,0.0,nan,80.0,0.0,0.0,2.0,0.0,-1.0,nan,0,0,5,0,0,0,0,0,0,1771684927636000,nan,nan,0.0,0.0,0.0,0.0,nan,80.0,0.0,0.0,2.0,0.0,-1.0,nan,0,0,5,0,0,0,0,0
1771684927692000,1771684927692000,96,0,0,0,0,0,0,0,0,1771684927692000,nan,nan,0.0,0.0,0.0,0.0,nan,80.0,0.0,0.0,2.0,0.0,-1.0,nan,0,0,5,0,0,0,0,0,0,1771684927692000,nan,nan,0.0,0.0,0.0,0.0,nan,80.0,0.0,0.0,2.0,0.0,-1.0,nan,0,0,5,0,0,0,0,0,0,1771684927692000,nan,nan,0.0,0.0,0.0,0.0,nan,80.0,0.0,0.0,2.0,0.0,-1.0,nan,0,0,5,0,0,0,0,0
1771684927740000,1771684927740000,96,0,0,0,0,0,0,0,0,1771684927740000,nan,nan,0.0,0.0,0.0,0.0,nan,80.0,0.0,0.0,2.0,0.0,-1.0,nan,0,0,5,0,0,0,0,0,0,1771684927740000,nan,nan,0.0,0.0,0.0,0.0,nan,80.0,0.0,0.0,2.0,0.0,-1.0,nan,0,0,5,0,0,0,0,0,0,1771684927740000,nan,nan,0.0,0.0,0.0,0.0,nan,80.0,0.0,0.0,2.0,0.0,-1.0,nan,0,0,5,0,0,0,0,0
1771684927788000,1771684927788000,96,0,0,0,0,0,0,0,0,1771684927788000,nan,nan,0.0,0.0,0.0,0.0,nan,80.0,0.0,0.0,2.0,0.0,-1.0,nan,0,0,5,0,0,0,0,0,0,1771684927788000,nan,nan,0.0,0.0,0.0,0.0,nan,80.0,0.0,0.0,2.0,0.0,-1.0,nan,0,0,5,0,0,0,0,0,0,1771684927788000,nan,nan,0.0,0.0,0.0,0.0,nan,80.0,0.0,0.0,2.0,0.0,-1.0,nan,0,0,5,0,0,0,0,0
1771684927836000,1771684927836000,96,0,0,0,0,0,0,0,0,1771684927836000,nan,nan,0.0,0.0,0.0,0.0,nan,80.0,0.0,0.0,2.0,0.0,-1.0,nan,0,0,5,0,0,0,0,0,0,1771684927836000,nan,nan,0.0,0.0,0.0,0.0,nan,80.0,0.0,0.0,2.0,0.0,-1.0,nan,0,0,5,0,0,0,0,0,0,1771684927836000,nan,nan,0.0,0.0,0.0,0.0,nan,80.0,0.0,0.0,2.0,0.0,-1.0,nan,0,0,5,0,0,0,0,0
1771684927892000,1771684927892000,96,0,0,0,0,0,0,0,0,1771684927892000,nan,nan,0.0,0.0,0.0,0.0,nan,80.0,0.0,0.0,2.0,0.0,-1.0,nan,0,0,5,0,0,0,0,0,0,1771684927892000,nan,nan,0.0,0.0,0.0,0.0,nan,80.0,0.0,0.0,2.0,0.0,-1.0,nan,0,0,5,0,0,0,0,0,0,1771684927892000,nan,nan,0.0,0.0,0.0,0.0,nan,80.0,0.0,0.0,2.0,0.0,-1.0,nan,0,0,5,0,0,0,0,0
1771684927940000,1771684927940000,96,0,0,0,0,0,0,0,0,1771684927940000,nan,nan,0.0,0.0,0.0,0.0,nan,80.0,0.0,0.0,2.0,0.0,-1.0,nan,0,0,5,0,0,0,0,0,0,1771684927940000,nan,nan,0.0,0.0,0.0,0.0,nan,80.0,0.0,0.0,2.0,0.0,-1.0,nan,0,0,5,0,0,0,0,0,0,1771684927940000,nan,nan,0.0,0.0,0.0,0.0,nan,80.0,0.0,0.0,2.0,0.0,-1.0,nan,0,0,5,0,0,0,0,0
1771684927988000,1771684927988000,96,0,0,0,0,0,0,0,0,1771684927988000,nan,nan,0.0,0.0,0.0,0.0,nan,80.0,0.0,0.0,2.0,0.0,-1.0,nan,0,0,5,0,0,0,0,0,0,1771684927988000,nan,nan,0.0,0.0,0.0,0.0,nan,80.0,0.0,0.0,2.0,0.0,-1.0,nan,0,0,5,0,0,0,0,0,0,1771684927988000,nan,nan,0.0,0.0,0.0,0.0,nan,80.0,0.0,0.0,2.0,0.0,-1.0,nan,0,0,5,0,0,0,0,0
1771684928036000,1771684928036000,96,0,0,0,0,0,0,0,0,1771684928036000,nan,nan,0.0,0.0,0.0,0.0,nan,80.0,0.0,0.0,2.0,0.0,-1.0,nan,0,0,5,0,0,0,0,0,0,1771684928036000,nan,nan,0.0,0.0,0.0,0.0,nan,80.0,0.0,0.0,2.0,0.0,-1.0,nan,0,0,5,0,0,0,0,0,0,1771684928036000,nan,nan,0.0,0.0,0.0,0.0,nan,80.0,0.0,0.0,2.0,0.0,-1.0,nan,0,0,5,0,0,0,0,0
1771684928092000,1771684928092000,96,0,0,0,0,0,0,0,0,1771684928092000,nan,nan,0.0,0.0,0.0,0.0,nan,80.0,0.0,0.0,2.0,0.0,-1.0,nan,0,0,5,0,0,0,0,0,0,1771684928092000,nan,nan,0.0,0.0,0.0,0.0,nan,80.0,0.0,0.0,2.0,0.0,-1.0,nan,0,0,5,0,0,0,0,0,0,1771684928092000,nan,nan,0.0,0.0,0.0,0.0,nan,80.0,0.0,0.0,2.0,0.0,-1.0,nan,0,0,5,0,0,0,0,0
1771684928140000,1771684928140000,96,0,0,0,0,0,0,0,0,1771684928140000,nan,nan,0.0,0.0,0.0,0.0,nan,80.0,0.0,0.0,2.0,0.0,-1.0,nan,0,0,5,0,0,0,0,0,0,1771684928140000,nan,nan,0.0,0.0,0.0,0.0,nan,80.0,0.0,0.0,2.0,0.0,-1.0,nan,0,0,5,0,0,0,0,0,0,1771684928140000,nan,nan,0.0,0.0,0.0,0.0,nan,80.0,0.0,0.0,2.0,0.0,-1.0,nan,0,0,5,0,0,0,0,0
1771684928188000,1771684928188000,96,0,0,0,0,0,0,0,0,1771684928188000,nan,nan,0.0,0.0,0.0,0.0,nan,80.0,0.0,0.0,2.0,0.0,-1.0,nan,0,0,5,0,0,0,0,0,0,1771684928188000,nan,nan,0.0,0.0,0.0,0.0,nan,80.0,0.0,0.0,2.0,0.0,-1.0,nan,0,0,5,0,0,0,0,0,0,1771684928188000,nan,nan,0.0,0.0,0.0,0.0,nan,80.0,0.0,0.0,2.0,0.0,-1.0,nan,0,0,5,0,0,0,0,0
1771684928236000,1771684928236000,96,0,0,0,0,0,0,0,0,1771684928236000,nan,nan,0.0,0.0,0.0,0.0,nan,80.0,0.0,0.0,2.0,0.0,-1.0,nan,0,0,5,0,0,0,0,0,0,1771684928236000,nan,nan,0.0,0.0,0.0,0.0,nan,80.0,0.0,0.0,2.0,0.0,-1.0,nan,0,0,5,0,0,0,0,0,0,1771684928236000,nan,nan,0.0,0.0,0.0,0.0,nan,80.0,0.0,0.0,2.0,0.0,-1.0,nan,0,0,5,0,0,0,0,0
1771684928292000,1771684928292000,96,0,0,0,0,0,0,0,0,1771684928292000,nan,nan,0.0,0.0,0.0,0.0,nan,80.0,0.0,0.0,2.0,0.0,-1.0,nan,0,0,5,0,0,0,0,0,0,1771684928292000,nan,nan,0.0,0.0,0.0,0.0,nan,80.0,0.0,0.0,2.0,0.0,-1.0,nan,0,0,5,0,0,0,0,0,0,1771684928292000,nan,nan,0.0,0.0,0.0,0.0,nan,80.0,0.0,0.0,2.0,0.0,-1.0,nan,0,0,5,0,0,0,0,0
1771684928340000,1771684928340000,96,0,0,0,0,0,0,0,0,1771684928340000,nan,nan,0.0,0.0,0.0,0.0,nan,80.0,0.0,0.0,2.0,0.0,-1.0,nan,0,0,5,0,0,0,0,0,0,1771684928340000,nan,nan,0.0,0.0,0.0,0.0,nan,80.0,0.0,0.0,2.0,0.0,-1.0,nan,0,0,5,0,0,0,0,0,0,1771684928340000,nan,nan,0.0,0.0,0.0,0.0,nan,80.0,0.0,0.0,2.0,0.0,-1.0,nan,0,0,5,0,0,0,0,0
1771684928388000,1771684928388000,96,0,0,0,0,0,0,0,0,1771684928388000,nan,nan,0.0,0.0,0.0,0.0,nan,80.0,0.0,0.0,2.0,0.0,-1.0,nan,0,0,5,0,0,0,0,0,0,1771684928388000,nan,nan,0.0,0.0,0.0,0.0,nan,80.0,0.0,0.0,2.0,0.0,-1.0,nan,0,0,5,0,0,0,0,0,0,1771684928388000,nan,nan,0.0,0.0,0.0,0.0,nan,80.0,0.0,0.0,2.0,0.0,-1.0,nan,0,0,5,0,0,0,0,0
1771684928436000,1771684928436000,96,0,0,0,0,0,0,0,0,1771684928436000,nan,nan,0.0,0.0,0.0,0.0,nan,80.0,0.0,0.0,2.0,0.0,-1.0,nan,0,0,5,0,0,0,0,0,0,1771684928436000,nan,nan,0.0,0.0,0.0,0.0,nan,80.0,0.0,0.0,2.0,0.0,-1.0,nan,0,0,5,0,0,0,0,0,0,1771684928436000,nan,nan,0.0,0.0,0.0,0.0,nan,80.0,0.0,0.0,2.0,0.0,-1.0,nan,0,0,5,0,0,0,0,0
1771684928492000,1771684928492000,96,0,0,0,0,0,0,0,0,1771684928492000,nan,nan,0.0,0.0,0.0,0.0,nan,80.0,0.0,0.0,2.0,0.0,-1.0,nan,0,0,5,0,0,0,0,0,0,1771684928492000,nan,nan,0.0,0.0,0.0,0.0,nan,80.0,0.0,0.0,2.0,0.0,-1.0,nan,0,0,5,0,0,0,0,0,0,1771684928492000,nan,nan,0.0,0.0,0.0,0.0,nan,80.0,0.0,0.0,2.0,0.0,-1.0,nan,0,0,5,0,0,0,0,0
1771684928540000,1771684928540000,96,0,0,0,0,0,0,0,0,1771684928540000,nan,nan,0.0,0.0,0.0,0.0,nan,80.0,0.0,0.0,2.0,0.0,-1.0,nan,0,0,5,0,0,0,0,0,0,1771684928540000,nan,nan,0.0,0.0,0.0,0.0,nan,80.0,0.0,0.0,2.0,0.0,-1.0,nan,0,0,5,0,0,0,0,0,0,1771684928540000,nan,nan,0.0,0.0,0.0,0.0,nan,80.0,0.0,0.0,2.0,0.0,-1.0,nan,0,0,5,0,0,0,0,0
1771684928588000,1771684928588000,96,0,0,0,0,0,0,0,0,1771684928588000,nan,nan,0.0,0.0,0.0,0.0,nan,80.0,0.0,0.0,2.0,0.0,-1.0,nan,0,0,5,0,0,0,0,0,0,1771684928588000,nan,nan,0.0,0.0,0.0,0.0,nan,80.0,0.0,0.0,2.0,0.0,-1.0,nan,0,0,5,0,0,0,0,0,0,1771684928588000,nan,nan,0.0,0.0,0.0,0.0,nan,80.0,0.0,0.0,2.0,0.0,-1.0,nan,0,0,5,0,0,0,0,0
1771684928636000,1771684928636000,96,0,0,0,0,0,0,0,0,1771684928636000,nan,nan,0.0,0.0,0.0,0.0,nan,80.0,0.0,0.0,2.0,0.0,-1.0,nan,0,0,5,0,0,0,0,0,0,1771684928636000,nan,nan,0.0,0.0,0.0,0.0,nan,80.0,0.0,0.0,2.0,0.0,-1.0,nan,0,0,5,0,0,0,0,0,0,1771684928636000,nan,nan,0.0,0.0,0.0,0.0,nan,80.0,0.0,0.0,2.0,0.0,-1.0,nan,0,0,5,0,0,0,0,0
1771684928644000,1771684928644000,96,0,0,0,0,0,0,0,0,1771684928644000,nan,nan,0.0,0.0,0.0,0.0,nan,80.0,0.0,0.0,2.0,0.0,-1.0,nan,0,0,5,0,0,0,0,0,0,1771684928644000,nan,nan,0.0,0.0,0.0,0.0,nan,80.0,0.0,0.0,2.0,0.0,-1.0,nan,0,0,5,0,0,0,0,0,0,1771684928644000,nan,nan,0.0,0.0,0.0,0.0,nan,80.0,0.0,0.0,2.0,0.0,-1.0,nan,0,0,5,0,0,0,0,0
1771684928700000,1771684928700000,96,0,0,0,0,0,0,0,0,1771684928700000,nan,nan,0.0,0.0,0.0,0.0,nan,80.0,0.0,0.0,2.0,0.0,-1.0,nan,0,0,5,0,0,0,0,0,0,1771684928700000,nan,nan,0.0,0.0,0.0,0.0,nan,80.0,0.0,0.0,2.0,0.0,-1.0,nan,0,0,5,0,0,0,0,0,0,1771684928700000,nan,nan,0.0,0.0,0.0,0.0,nan,80.0,0.0,0.0,2.0,0.0,-1.0,nan,0,0,5,0,0,0,0,0
1771684928748000,1771684928748000,96,0,0,0,0,0,0,0,0,1771684928748000,nan,nan,0.0,0.0,0.0,0.0,nan,80.0,0.0,0.0,2.0,0.0,-1.0,nan,0,0,5,0,0,0,0,0,0,1771684928748000,nan,nan,0.0,0.0,0.0,0.0,nan,80.0,0.0,0.0,2.0,0.0,-1.0,nan,0,0,5,0,0,0,0,0,0,1771684928748000,nan,nan,0.0,0.0,0.0,0.0,nan,80.0,0.0,0.0,2.0,0.0,-1.0,nan,0,0,5,0,0,0,0,0
1771684928796000,1771684928796000,96,0,0,0,0,0,0,0,0,1771684928796000,nan,nan,0.0,0.0,0.0,0.0,nan,80.0,0.0,0.0,2.0,0.0,-1.0,nan,0,0,5,0,0,0,0,0,0,1771684928796000,nan,nan,0.0,0.0,0.0,0.0,nan,80.0,0.0,0.0,2.0,0.0,-1.0,nan,0,0,5,0,0,0,0,0,0,1771684928796000,nan,nan,0.0,0.0,0.0,0.0,nan,80.0,0.0,0.0,2.0,0.0,-1.0,nan,0,0,5,0,0,0,0,0
1771684928844000,1771684928844000,96,0,0,0,0,0,0,0,0,1771684928844000,nan,nan,0.0,0.0,0.0,0.0,nan,80.0,0.0,0.0,2.0,0.0,-1.0,nan,0,0,5,0,0,0,0,0,0,1771684928844000,nan,nan,0.0,0.0,0.0,0.0,nan,80.0,0.0,0.0,2.0,0.0,-1.0,nan,0,0,5,0,0,0,0,0,0,1771684928844000,nan,nan,0.0,0.0,0.0,0.0,nan,80.0,0.0,0.0,2.0,0.0,-1.0,nan,0,0,5,0,0,0,0,0
1771684928900000,1771684928900000,96,0,0,0,0,0,0,0,0,1771684928900000,nan,nan,0.0,0.0,0.0,0.0,nan,80.0,0.0,0.0,2.0,0.0,-1.0,nan,0,0,5,0,0,0,0,0,0,1771684928900000,nan,nan,0.0,0.0,0.0,0.0,nan,80.0,0.0,0.0,2.0,0.0,-1.0,nan,0,0,5,0,0,0,0,0,0,1771684928900000,nan,nan,0.0,0.0,0.0,0.0,nan,80.0,0.0,0.0,2.0,0.0,-1.0,nan,0,0,5,0,0,0,0,0
1771684928948000,1771684928948000,96,0,0,0,0,0,0,0,0,1771684928948000,nan,nan,0.0,0.0,0.0,0.0,nan,80.0,0.0,0.0,2.0,0.0,-1.0,nan,0,0,5,0,0,0,0,0,0,1771684928948000,nan,nan,0.0,0.0,0.0,0.0,nan,80.0,0.0,0.0,2.0,0.0,-1.0,nan,0,0,5,0,0,0,0,0,0,1771684928948000,nan,nan,0.0,0.0,0.0,0.0,nan,80.0,0.0,0.0,2.0,0.0,-1.0,nan,0,0,5,0,0,0,0,0
1771684928996000,1771684928996000,96,0,0,0,0,0,0,0,0,1771684928996000,nan,nan,0.0,0.0,0.0,0.0,nan,80.0,0.0,0.0,2.0,0.0,-1.0,nan,0,0,5,0,0,0,0,0,0,1771684928996000,nan,nan,0.0,0.0,0.0,0.0,nan,80.0,0.0,0.0,2.0,0.0,-1.0,nan,0,0,5,0,0,0,0,0,0,1771684928996000,nan,nan,0.0,0.0,0.0,0.0,nan,80.0,0.0,0.0,2.0,0.0,-1.0,nan,0,0,5,0,0,0,0,0
1771684929044000,1771684929044000,96,0,0,0,0,0,0,0,0,1771684929044000,nan,nan,0.0,0.0,0.0,0.0,nan,80.0,0.0,0.0,2.0,0.0,-1.0,nan,0,0,5,0,0,0,0,0,0,1771684929044000,nan,nan,0.0,0.0,0.0,0.0,nan,80.0,0.0,0.0,2.0,0.0,-1.0,nan,0,0,5,0,0,0,0,0,0,1771684929044000,nan,nan,0.0,0.0,0.0,0.0,nan,80.0,0.0,0.0,2.0,0.0,-1.0,nan,0,0,5,0,0,0,0,0
1771684929100000,1771684929100000,96,0,0,0,0,0,0,0,0,1771684929100000,nan,nan,0.0,0.0,0.0,0.0,nan,80.0,0.0,0.0,2.0,0.0,-1.0,nan,0,0,5,0,0,0,0,0,0,1771684929100000,nan,nan,0.0,0.0,0.0,0.0,nan,80.0,0.0,0.0,2.0,0.0,-1.0,nan,0,0,5,0,0,0,0,0,0,1771684929100000,nan,nan,0.0,0.0,0.0,0.0,nan,80.0,0.0,0.0,2.0,0.0,-1.0,nan,0,0,5,0,0,0,0,0
1771684929148000,1771684929148000,96,0,0,0,0,0,0,0,0,1771684929148000,nan,nan,0.0,0.0,0.0,0.0,nan,80.0,0.0,0.0,2.0,0.0,-1.0,nan,0,0,5,0,0,0,0,0,0,1771684929148000,nan,nan,0.0,0.0,0.0,0.0,nan,80.0,0.0,0.0,2.0,0.0,-1.0,nan,0,0,5,0,0,0,0,0,0,1771684929148000,nan,nan,0.0,0.0,0.0,0.0,nan,80.0,0.0,0.0,2.0,0.0,-1.0,nan,0,0,5,0,0,0,0,0
1771684929196000,1771684929196000,96,0,0,0,0,0,0,0,0,1771684929196000,nan,nan,0.0,0.0,0.0,0.0,nan,80.0,0.0,0.0,2.0,0.0,-1.0,nan,0,0,5,0,0,0,0,0,0,1771684929196000,nan,nan,0.0,0.0,0.0,0.0,nan,80.0,0.0,0.0,2.0,0.0,-1.0,nan,0,0,5,0,0,0,0,0,0,1771684929196000,nan,nan,0.0,0.0,0.0,0.0,nan,80.0,0.0,0.0,2.0,0.0,-1.0,nan,0,0,5,0,0,0,0,0
1771684929244000,1771684929244000,96,0,0,0,0,0,0,0,0,1771684929244000,nan,nan,0.0,0.0,0.0,0.0,nan,80.0,0.0,0.0,2.0,0.0,-1.0,nan,0,0,5,0,0,0,0,0,0,1771684929244000,nan,nan,0.0,0.0,0.0,0.0,nan,80.0,0.0,0.0,2.0,0.0,-1.0,nan,0,0,5,0,0,0,0,0,0,1771684929244000,nan,nan,0.0,0.0,0.0,0.0,nan,80.0,0.0,0.0,2.0,0.0,-1.0,nan,0,0,5,0,0,0,0,0
1771684929300000,1771684929300000,96,0,0,0,0,0,0,0,0,1771684929300000,nan,nan,0.0,0.0,0.0,0.0,nan,80.0,0.0,0.0,2.0,0.0,-1.0,nan,0,0,5,0,0,0,0,0,0,1771684929300000,nan,nan,0.0,0.0,0.0,0.0,nan,80.0,0.0,0.0,2.0,0.0,-1.0,nan,0,0,5,0,0,0,0,0,0,1771684929300000,nan,nan,0.0,0.0,0.0,0.0,nan,80.0,0.0,0.0,2.0,0.0,-1.0,nan,0,0,5,0,0,0,0,0
1771684929348000,1771684929348000,96,0,0,0,0,0,0,0,0,1771684929348000,nan,nan,0.0,0.0,0.0,0.0,nan,80.0,0.0,0.0,2.0,0.0,-1.0,nan,0,0,5,0,0,0,0,0,0,1771684929348000,nan,nan,0.0,0.0,0.0,0.0,nan,80.0,0.0,0.0,2.0,0.0,-1.0,nan,0,0,5,0,0,0,0,0,0,1771684929348000,nan,nan,0.0,0.0,0.0,0.0,nan,80.0,0.0,0.0,2.0,0.0,-1.0,nan,0,0,5,0,0,0,0,0
1771684929396000,1771684929396000,96,0,0,0,0,0,0,0,0,1771684929396000,nan,nan,0.0,0.0,0.0,0.0,nan,80.0,0.0,0.0,2.0,0.0,-1.0,nan,0,0,5,0,0,0,0,0,0,1771684929396000,nan,nan,0.0,0.0,0.0,0.0,nan,80.0,0.0,0.0,2.0,0.0,-1.0,nan,0,0,5,0,0,0,0,0,0,1771684929396000,nan,nan,0.0,0.0,0.0,0.0,nan,80.0,0.0,0.0,2.0,0.0,-1.0,nan,0,0,5,0,0,0,0,0
1771684929444000,1771684929444000,96,0,0,0,0,0,0,0,0,1771684929444000,nan,nan,0.0,0.0,0.0,0.0,nan,80.0,0.0,0.0,2.0,0.0,-1.0,nan,0,0,5,0,0,0,0,0,0,1771684929444000,nan,nan,0.0,0.0,0.0,0.0,nan,80.0,0.0,0.0,2.0,0.0,-1.0,nan,0,0,5,0,0,0,0,0,0,1771684929444000,nan,nan,0.0,0.0,0.0,0.0,nan,80.0,0.0,0.0,2.0,0.0,-1.0,nan,0,0,5,0,0,0,0,0
1771684929472000,1771684929472000,96,0,0,0,0,0,0,0,0,1771684929472000,nan,nan,0.0,0.0,0.0,0.0,nan,80.0,0.0,0.0,2.0,0.0,-1.0,nan,0,0,5,0,0,0,0,0,0,1771684929472000,nan,nan,0.0,0.0,0.0,0.0,nan,80.0,0.0,0.0,2.0,0.0,-1.0,nan,0,0,5,0,0,0,0,0,0,1771684929472000,nan,nan,0.0,0.0,0.0,0.0,nan,80.0,0.0,0.0,2.0,0.0,-1.0,nan,0,0,5,0,0,0,0,0
1771684929524000,1771684929524000,96,0,0,0,0,0,0,0,0,1771684929524000,nan,nan,0.0,0.0,0.0,0.0,nan,80.0,0.0,0.0,2.0,0.0,-1.0,nan,0,0,5,0,0,0,0,0,0,1771684929524000,nan,nan,0.0,0.0,0.0,0.0,nan,80.0,0.0,0.0,2.0,0.0,-1.0,nan,0,0,5,0,0,0,0,0,0,1771684929524000,nan,nan,0.0,0.0,0.0,0.0,nan,80.0,0.0,0.0,2.0,0.0,-1.0,nan,0,0,5,0,0,0,0,0
1771684929572000,1771684929572000,96,0,0,0,0,0,0,0,0,1771684929572000,nan,nan,0.0,0.0,0.0,0.0,nan,80.0,0.0,0.0,2.0,0.0,-1.0,nan,0,0,5,0,0,0,0,0,0,1771684929572000,nan,nan,0.0,0.0,0.0,0.0,nan,80.0,0.0,0.0,2.0,0.0,-1.0,nan,0,0,5,0,0,0,0,0,0,1771684929572000,nan,nan,0.0,0.0,0.0,0.0,nan,80.0,0.0,0.0,2.0,0.0,-1.0,nan,0,0,5,0,0,0,0,0
1771684929604000,1771684929604000,96,0,0,0,0,0,0,0,0,1771684929604000,nan,nan,0.0,0.0,0.0,0.0,nan,80.0,0.0,0.0,2.0,0.0,-1.0,nan,0,0,5,0,0,0,0,0,0,1771684929604000,nan,nan,0.0,0.0,0.0,0.0,nan,80.0,0.0,0.0,2.0,0.0,-1.0,nan,0,0,5,0,0,0,0,0,0,1771684929604000,nan,nan,0.0,0.0,0.0,0.0,nan,80.0,0.0,0.0,2.0,0.0,-1.0,nan,0,0,5,0,0,0,0,0
1771684929660000,1771684929660000,96,0,0,0,0,0,0,0,0,1771684929660000,nan,nan,0.0,0.0,0.0,0.0,nan,80.0,0.0,0.0,2.0,0.0,-1.0,nan,0,0,5,0,0,0,0,0,0,1771684929660000,nan,nan,0.0,0.0,0.0,0.0,nan,80.0,0.0,0.0,2.0,0.0,-1.0,nan,0,0,5,0,0,0,0,0,0,1771684929660000,nan,nan,0.0,0.0,0.0,0.0,nan,80.0,0.0,0.0,2.0,0.0,-1.0,nan,0,0,5,0,0,0,0,0
1771684929708000,1771684929708000,96,0,0,0,0,0,0,0,0,1771684929708000,nan,nan,0.0,0.0,0.0,0.0,nan,80.0,0.0,0.0,2.0,0.0,-1.0,nan,0,0,5,0,0,0,0,0,0,1771684929708000,nan,nan,0.0,0.0,0.0,0.0,nan,80.0,0.0,0.0,2.0,0.0,-1.0,nan,0,0,5,0,0,0,0,0,0,1771684929708000,nan,nan,0.0,0.0,0.0,0.0,nan,80.0,0.0,0.0,2.0,0.0,-1.0,nan,0,0,5,0,0,0,0,0
1771684929756000,1771684929756000,96,0,0,0,0,0,0,0,0,1771684929756000,nan,nan,0.0,0.0,0.0,0.0,nan,80.0,0.0,0.0,2.0,0.0,-1.0,nan,0,0,5,0,0,0,0,0,0,1771684929756000,nan,nan,0.0,0.0,0.0,0.0,nan,80.0,0.0,0.0,2.0,0.0,-1.0,nan,0,0,5,0,0,0,0,0,0,1771684929756000,nan,nan,0.0,0.0,0.0,0.0,nan,80.0,0.0,0.0,2.0,0.0,-1.0,nan,0,0,5,0,0,0,0,0
1771684929804000,1771684929804000,96,0,0,0,0,0,0,0,0,1771684929804000,nan,nan,0.0,0.0,0.0,0.0,nan,80.0,0.0,0.0,2.0,0.0,-1.0,nan,0,0,5,0,0,0,0,0,0,1771684929804000,nan,nan,0.0,0.0,0.0,0.0,nan,80.0,0.0,0.0,2.0,0.0,-1.0,nan,0,0,5,0,0,0,0,0,0,1771684929804000,nan,nan,0.0,0.0,0.0,0.0,nan,80.0,0.0,0.0,2.0,0.0,-1.0,nan,0,0,5,0,0,0,0,0
1771684929860000,1771684929860000,96,0,0,0,0,0,0,0,0,1771684929860000,nan,nan,0.0,0.0,0.0,0.0,nan,80.0,0.0,0.0,2.0,0.0,-1.0,nan,0,0,5,0,0,0,0,0,0,1771684929860000,nan,nan,0.0,0.0,0.0,0.0,nan,80.0,0.0,0.0,2.0,0.0,-1.0,nan,0,0,5,0,0,0,0,0,0,1771684929860000,nan,nan,0.0,0.0,0.0,0.0,nan,80.0,0.0,0.0,2.0,0.0,-1.0,nan,0,0,5,0,0,0,0,0
1771684929908000,1771684929908000,96,0,0,0,0,0,0,0,0,1771684929908000,nan,nan,0.0,0.0,0.0,0.0,nan,80.0,0.0,0.0,2.0,0.0,-1.0,nan,0,0,5,0,0,0,0,0,0,1771684929908000,nan,nan,0.0,0.0,0.0,0.0,nan,80.0,0.0,0.0,2.0,0.0,-1.0,nan,0,0,5,0,0,0,0,0,0,1771684929908000,nan,nan,0.0,0.0,0.0,0.0,nan,80.0,0.0,0.0,2.0,0.0,-1.0,nan,0,0,5,0,0,0,0,0
1771684929956000,1771684929956000,96,0,0,0,0,0,0,0,0,1771684929956000,nan,nan,0.0,0.0,0.0,0.0,nan,80.0,0.0,0.0,2.0,0.0,-1.0,nan,0,0,5,0,0,0,0,0,0,1771684929956000,nan,nan,0.0,0.0,0.0,0.0,nan,80.0,0.0,0.0,2.0,0.0,-1.0,nan,0,0,5,0,0,0,0,0,0,1771684929956000,nan,nan,0.0,0.0,0.0,0.0,nan,80.0,0.0,0.0,2.0,0.0,-1.0,nan,0,0,5,0,0,0,0,0
1771684930004000,1771684930004000,96,0,0,0,0,0,0,0,0,1771684930004000,nan,nan,0.0,0.0,0.0,0.0,nan,80.0,0.0,0.0,2.0,0.0,-1.0,nan,0,0,5,0,0,0,0,0,0,1771684930004000,nan,nan,0.0,0.0,0.0,0.0,nan,80.0,0.0,0.0,2.0,0.0,-1.0,nan,0,0,5,0,0,0,0,0,0,1771684930004000,nan,nan,0.0,0.0,0.0,0.0,nan,80.0,0.0,0.0,2.0,0.0,-1.0,nan,0,0,5,0,0,0,0,0
1771684930060000,1771684930060000,96,0,0,0,0,0,0,0,0,1771684930060000,nan,nan,0.0,0.0,0.0,0.0,nan,80.0,0.0,0.0,2.0,0.0,-1.0,nan,0,0,5,0,0,0,0,0,0,1771684930060000,nan,nan,0.0,0.0,0.0,0.0,nan,80.0,0.0,0.0,2.0,0.0,-1.0,nan,0,0,5,0,0,0,0,0,0,1771684930060000,nan,nan,0.0,0.0,0.0,0.0,nan,80.0,0.0,0.0,2.0,0.0,-1.0,nan,0,0,5,0,0,0,0,0
1771684930108000,1771684930108000,96,0,0,0,0,0,0,0,0,1771684930108000,nan,nan,0.0,0.0,0.0,0.0,nan,80.0,0.0,0.0,2.0,0.0,-1.0,nan,0,0,5,0,0,0,0,0,0,1771684930108000,nan,nan,0.0,0.0,0.0,0.0,nan,80.0,0.0,0.0,2.0,0.0,-1.0,nan,0,0,5,0,0,0,0,0,0,1771684930108000,nan,nan,0.0,0.0,0.0,0.0,nan,80.0,0.0,0.0,2.0,0.0,-1.0,nan,0,0,5,0,0,0,0,0
1771684930156000,1771684930156000,96,0,0,0,0,0,0,0,0,1771684930156000,nan,nan,0.0,0.0,0.0,0.0,nan,80.0,0.0,0.0,2.0,0.0,-1.0,nan,0,0,5,0,0,0,0,0,0,1771684930156000,nan,nan,0.0,0.0,0.0,0.0,nan,80.0,0.0,0.0,2.0,0.0,-1.0,nan,0,0,5,0,0,0,0,0,0,1771684930156000,nan,nan,0.0,0.0,0.0,0.0,nan,80.0,0.0,0.0,2.0,0.0,-1.0,nan,0,0,5,0,0,0,0,0
1771684930204000,1771684930204000,96,0,0,0,0,0,0,0,0,1771684930204000,nan,nan,0.0,0.0,0.0,0.0,nan,80.0,0.0,0.0,2.0,0.0,-1.0,nan,0,0,5,0,0,0,0,0,0,1771684930204000,nan,nan,0.0,0.0,0.0,0.0,nan,80.0,0.0,0.0,2.0,0.0,-1.0,nan,0,0,5,0,0,0,0,0,0,1771684930204000,nan,nan,0.0,0.0,0.0,0.0,nan,80.0,0.0,0.0,2.0,0.0,-1.0,nan,0,0,5,0,0,0,0,0
1771684930260000,1771684930260000,96,0,0,0,0,0,0,0,0,1771684930260000,nan,nan,0.0,0.0,0.0,0.0,nan,80.0,0.0,0.0,2.0,0.0,-1.0,nan,0,0,5,0,0,0,0,0,0,1771684930260000,nan,nan,0.0,0.0,0.0,0.0,nan,80.0,0.0,0.0,2.0,0.0,-1.0,nan,0,0,5,0,0,0,0,0,0,1771684930260000,nan,nan,0.0,0.0,0.0,0.0,nan,80.0,0.0,0.0,2.0,0.0,-1.0,nan,0,0,5,0,0,0,0,0
1771684930308000,1771684930308000,96,0,0,0,0,0,0,0,0,1771684930308000,nan,nan,0.0,0.0,0.0,0.0,nan,80.0,0.0,0.0,2.0,0.0,-1.0,nan,0,0,5,0,0,0,0,0,0,1771684930308000,nan,nan,0.0,0.0,0.0,0.0,nan,80.0,0.0,0.0,2.0,0.0,-1.0,nan,0,0,5,0,0,0,0,0,0,1771684930308000,nan,nan,0.0,0.0,0.0,0.0,nan,80.0,0.0,0.0,2.0,0.0,-1.0,nan,0,0,5,0,0,0,0,0
1771684930356000,1771684930356000,96,0,0,0,0,0,0,0,0,1771684930356000,nan,nan,0.0,0.0,0.0,0.0,nan,80.0,0.0,0.0,2.0,0.0,-1.0,nan,0,0,5,0,0,0,0,0,0,1771684930356000,nan,nan,0.0,0.0,0.0,0.0,nan,80.0,0.0,0.0,2.0,0.0,-1.0,nan,0,0,5,0,0,0,0,0,0,1771684930356000,nan,nan,0.0,0.0,0.0,0.0,nan,80.0,0.0,0.0,2.0,0.0,-1.0,nan,0,0,5,0,0,0,0,0
1771684930404000,1771684930404000,96,0,0,0,0,0,0,0,0,1771684930404000,nan,nan,0.0,0.0,0.0,0.0,nan,80.0,0.0,0.0,2.0,0.0,-1.0,nan,0,0,5,0,0,0,0,0,0,1771684930404000,nan,nan,0.0,0.0,0.0,0.0,nan,80.0,0.0,0.0,2.0,0.0,-1.0,nan,0,0,5,0,0,0,0,0,0,1771684930404000,nan,nan,0.0,0.0,0.0,0.0,nan,80.0,0.0,0.0,2.0,0.0,-1.0,nan,0,0,5,0,0,0,0,0
1771684930460000,1771684930460000,96,0,0,0,0,0,0,0,0,1771684930460000,nan,nan,0.0,0.0,0.0,0.0,nan,80.0,0.0,0.0,2.0,0.0,-1.0,nan,0,0,5,0,0,0,0,0,0,1771684930460000,nan,nan,0.0,0.0,0.0,0.0,nan,80.0,0.0,0.0,2.0,0.0,-1.0,nan,0,0,5,0,0,0,0,0,0,1771684930460000,nan,nan,0.0,0.0,0.0,0.0,nan,80.0,0.0,0.0,2.0,0.0,-1.0,nan,0,0,5,0,0,0,0,0
1771684930508000,1771684930508000,96,0,0,0,0,0,0,0,0,1771684930508000,nan,nan,0.0,0.0,0.0,0.0,nan,80.0,0.0,0.0,2.0,0.0,-1.0,nan,0,0,5,0,0,0,0,0,0,1771684930508000,nan,nan,0.0,0.0,0.0,0.0,nan,80.0,0.0,0.0,2.0,0.0,-1.0,nan,0,0,5,0,0,0,0,0,0,1771684930508000,nan,nan,0.0,0.0,0.0,0.0,nan,80.0,0.0,0.0,2.0,0.0,-1.0,nan,0,0,5,0,0,0,0,0
1771684930556000,1771684930556000,96,0,0,0,0,0,0,0,0,1771684930556000,nan,nan,0.0,0.0,0.0,0.0,nan,80.0,0.0,0.0,2.0,0.0,-1.0,nan,0,0,5,0,0,0,0,0,0,1771684930556000,nan,nan,0.0,0.0,0.0,0.0,nan,80.0,0.0,0.0,2.0,0.0,-1.0,nan,0,0,5,0,0,0,0,0,0,1771684930556000,nan,nan,0.0,0.0,0.0,0.0,nan,80.0,0.0,0.0,2.0,0.0,-1.0,nan,0,0,5,0,0,0,0,0
1771684930604000,1771684930604000,96,0,0,0,0,0,0,0,0,1771684930604000,nan,nan,0.0,0.0,0.0,0.0,nan,80.0,0.0,0.0,2.0,0.0,-1.0,nan,0,0,5,0,0,0,0,0,0,1771684930604000,nan,nan,0.0,0.0,0.0,0.0,nan,80.0,0.0,0.0,2.0,0.0,-1.0,nan,0,0,5,0,0,0,0,0,0,1771684930604000,nan,nan,0.0,0.0,0.0,0.0,nan,80.0,0.0,0.0,2.0,0.0,-1.0,nan,0,0,5,0,0,0,0,0
1771684930612000,1771684930612000,96,0,0,0,0,0,0,0,0,1771684930612000,nan,nan,0.0,0.0,0.0,0.0,nan,80.0,0.0,0.0,2.0,0.0,-1.0,nan,0,0,5,0,0,0,0,0,0,1771684930612000,nan,nan,0.0,0.0,0.0,0.0,nan,80.0,0.0,0.0,2.0,0.0,-1.0,nan,0,0,5,0,0,0,0,0,0,1771684930612000,nan,nan,0.0,0.0,0.0,0.0,nan,80.0,0.0,0.0,2.0,0.0,-1.0,nan,0,0,5,0,0,0,0,0
1771684930668000,1771684930668000,96,0,0,0,0,0,0,0,0,1771684930668000,nan,nan,0.0,0.0,0.0,0.0,nan,80.0,0.0,0.0,2.0,0.0,-1.0,nan,0,0,5,0,0,0,0,0,0,1771684930668000,nan,nan,0.0,0.0,0.0,0.0,nan,80.0,0.0,0.0,2.0,0.0,-1.0,nan,0,0,5,0,0,0,0,0,0,1771684930668000,nan,nan,0.0,0.0,0.0,0.0,nan,80.0,0.0,0.0,2.0,0.0,-1.0,nan,0,0,5,0,0,0,0,0
1771684930716000,1771684930716000,96,0,0,0,0,0,0,0,0,1771684930716000,nan,nan,0.0,0.0,0.0,0.0,nan,80.0,0.0,0.0,2.0,0.0,-1.0,nan,0,0,5,0,0,0,0,0,0,1771684930716000,nan,nan,0.0,0.0,0.0,0.0,nan,80.0,0.0,0.0,2.0,0.0,-1.0,nan,0,0,5,0,0,0,0,0,0,1771684930716000,nan,nan,0.0,0.0,0.0,0.0,nan,80.0,0.0,0.0,2.0,0.0,-1.0,nan,0,0,5,0,0,0,0,0
1771684930764000,1771684930764000,96,0,0,0,0,0,0,0,0,1771684930764000,nan,nan,0.0,0.0,0.0,0.0,nan,80.0,0.0,0.0,2.0,0.0,-1.0,nan,0,0,5,0,0,0,0,0,0,1771684930764000,nan,nan,0.0,0.0,0.0,0.0,nan,80.0,0.0,0.0,2.0,0.0,-1.0,nan,0,0,5,0,0,0,0,0,0,1771684930764000,nan,nan,0.0,0.0,0.0,0.0,nan,80.0,0.0,0.0,2.0,0.0,-1.0,nan,0,0,5,0,0,0,0,0
1771684930812000,1771684930812000,96,0,0,0,0,0,0,0,0,1771684930812000,nan,nan,0.0,0.0,0.0,0.0,nan,80.0,0.0,0.0,2.0,0.0,-1.0,nan,0,0,5,0,0,0,0,0,0,1771684930812000,nan,nan,0.0,0.0,0.0,0.0,nan,80.0,0.0,0.0,2.0,0.0,-1.0,nan,0,0,5,0,0,0,0,0,0,1771684930812000,nan,nan,0.0,0.0,0.0,0.0,nan,80.0,0.0,0.0,2.0,0.0,-1.0,nan,0,0,5,0,0,0,0,0
1771684930868000,1771684930868000,96,0,0,0,0,0,0,0,0,1771684930868000,nan,nan,0.0,0.0,0.0,0.0,nan,80.0,0.0,0.0,2.0,0.0,-1.0,nan,0,0,5,0,0,0,0,0,0,1771684930868000,nan,nan,0.0,0.0,0.0,0.0,nan,80.0,0.0,0.0,2.0,0.0,-1.0,nan,0,0,5,0,0,0,0,0,0,1771684930868000,nan,nan,0.0,0.0,0.0,0.0,nan,80.0,0.0,0.0,2.0,0.0,-1.0,nan,0,0,5,0,0,0,0,0
1771684930916000,1771684930916000,96,0,0,0,0,0,0,0,0,1771684930916000,nan,nan,0.0,0.0,0.0,0.0,nan,80.0,0.0,0.0,2.0,0.0,-1.0,nan,0,0,5,0,0,0,0,0,0,1771684930916000,nan,nan,0.0,0.0,0.0,0.0,nan,80.0,0.0,0.0,2.0,0.0,-1.0,nan,0,0,5,0,0,0,0,0,0,1771684930916000,nan,nan,0.0,0.0,0.0,0.0,nan,80.0,0.0,0.0,2.0,0.0,-1.0,nan,0,0,5,0,0,0,0,0
1771684930964000,1771684930964000,96,0,0,0,0,0,0,0,0,1771684930964000,nan,nan,0.0,0.0,0.0,0.0,nan,80.0,0.0,0.0,2.0,0.0,-1.0,nan,0,0,5,0,0,0,0,0,0,1771684930964000,nan,nan,0.0,0.0,0.0,0.0,nan,80.0,0.0,0.0,2.0,0.0,-1.0,nan,0,0,5,0,0,0,0,0,0,1771684930964000,nan,nan,0.0,0.0,0.0,0.0,nan,80.0,0.0,0.0,2.0,0.0,-1.0,nan,0,0,5,0,0,0,0,0
1771684931012000,1771684931012000,96,0,0,0,0,0,0,0,0,1771684931012000,nan,nan,0.0,0.0,0.0,0.0,nan,80.0,0.0,0.0,2.0,0.0,-1.0,nan,0,0,5,0,0,0,0,0,0,1771684931012000,nan,nan,0.0,0.0,0.0,0.0,nan,80.0,0.0,0.0,2.0,0.0,-1.0,nan,0,0,5,0,0,0,0,0,0,1771684931012000,nan,nan,0.0,0.0,0.0,0.0,nan,80.0,0.0,0.0,2.0,0.0,-1.0,nan,0,0,5,0,0,0,0,0
1771684931068000,1771684931068000,96,0,0,0,0,0,0,0,0,1771684931068000,nan,nan,0.0,0.0,0.0,0.0,nan,80.0,0.0,0.0,2.0,0.0,-1.0,nan,0,0,5,0,0,0,0,0,0,1771684931068000,nan,nan,0.0,0.0,0.0,0.0,nan,80.0,0.0,0.0,2.0,0.0,-1.0,nan,0,0,5,0,0,0,0,0,0,1771684931068000,nan,nan,0.0,0.0,0.0,0.0,nan,80.0,0.0,0.0,2.0,0.0,-1.0,nan,0,0,5,0,0,0,0,0
1771684931116000,1771684931116000,96,0,0,0,0,0,0,0,0,1771684931116000,nan,nan,0.0,0.0,0.0,0.0,nan,80.0,0.0,0.0,2.0,0.0,-1.0,nan,0,0,5,0,0,0,0,0,0,1771684931116000,nan,nan,0.0,0.0,0.0,0.0,nan,80.0,0.0,0.0,2.0,0.0,-1.0,nan,0,0,5,0,0,0,0,0,0,1771684931116000,nan,nan,0.0,0.0,0.0,0.0,nan,80.0,0.0,0.0,2.0,0.0,-1.0,nan,0,0,5,0,0,0,0,0
1771684931164000,1771684931164000,96,0,0,0,0,0,0,0,0,1771684931164000,nan,nan,0.0,0.0,0.0,0.0,nan,80.0,0.0,0.0,2.0,0.0,-1.0,nan,0,0,5,0,0,0,0,0,0,1771684931164000,nan,nan,0.0,0.0,0.0,0.0,nan,80.0,0.0,0.0,2.0,0.0,-1.0,nan,0,0,5,0,0,0,0,0,0,1771684931164000,nan,nan,0.0,0.0,0.0,0.0,nan,80.0,0.0,0.0,2.0,0.0,-1.0,nan,0,0,5,0,0,0,0,0
1771684931212000,1771684931212000,96,0,0,0,0,0,0,0,0,1771684931212000,nan,nan,0.0,0.0,0.0,0.0,nan,80.0,0.0,0.0,2.0,0.0,-1.0,nan,0,0,5,0,0,0,0,0,0,1771684931212000,nan,nan,0.0,0.0,0.0,0.0,nan,80.0,0.0,0.0,2.0,0.0,-1.0,nan,0,0,5,0,0,0,0,0,0,1771684931212000,nan,nan,0.0,0.0,0.0,0.0,nan,80.0,0.0,0.0,2.0,0.0,-1.0,nan,0,0,5,0,0,0,0,0
1771684931268000,1771684931268000,96,0,0,0,0,0,0,0,0,1771684931268000,nan,nan,0.0,0.0,0.0,0.0,nan,80.0,0.0,0.0,2.0,0.0,-1.0,nan,0,0,5,0,0,0,0,0,0,1771684931268000,nan,nan,0.0,0.0,0.0,0.0,nan,80.0,0.0,0.0,2.0,0.0,-1.0,nan,0,0,5,0,0,0,0,0,0,1771684931268000,nan,nan,0.0,0.0,0.0,0.0,nan,80.0,0.0,0.0,2.0,0.0,-1.0,nan,0,0,5,0,0,0,0,0
1771684931316000,1771684931316000,96,0,0,0,0,0,0,0,0,1771684931316000,nan,nan,0.0,0.0,0.0,0.0,nan,80.0,0.0,0.0,2.0,0.0,-1.0,nan,0,0,5,0,0,0,0,0,0,1771684931316000,nan,nan,0.0,0.0,0.0,0.0,nan,80.0,0.0,0.0,2.0,0.0,-1.0,nan,0,0,5,0,0,0,0,0,0,1771684931316000,nan,nan,0.0,0.0,0.0,0.0,nan,80.0,0.0,0.0,2.0,0.0,-1.0,nan,0,0,5,0,0,0,0,0
1771684931364000,1771684931364000,96,0,0,0,0,0,0,0,0,1771684931364000,nan,nan,0.0,0.0,0.0,0.0,nan,80.0,0.0,0.0,2.0,0.0,-1.0,nan,0,0,5,0,0,0,0,0,0,1771684931364000,nan,nan,0.0,0.0,0.0,0.0,nan,80.0,0.0,0.0,2.0,0.0,-1.0,nan,0,0,5,0,0,0,0,0,0,1771684931364000,nan,nan,0.0,0.0,0.0,0.0,nan,80.0,0.0,0.0,2.0,0.0,-1.0,nan,0,0,5,0,0,0,0,0
1771684931412000,1771684931412000,96,0,0,0,0,0,0,0,0,1771684931412000,nan,nan,0.0,0.0,0.0,0.0,nan,80.0,0.0,0.0,2.0,0.0,-1.0,nan,0,0,5,0,0,0,0,0,0,1771684931412000,nan,nan,0.0,0.0,0.0,0.0,nan,80.0,0.0,0.0,2.0,0.0,-1.0,nan,0,0,5,0,0,0,0,0,0,1771684931412000,nan,nan,0.0,0.0,0.0,0.0,nan,80.0,0.0,0.0,2.0,0.0,-1.0,nan,0,0,5,0,0,0,0,0
1771684931468000,1771684931468000,96,0,0,0,0,0,0,0,0,1771684931468000,nan,nan,0.0,0.0,0.0,0.0,nan,80.0,0.0,0.0,2.0,0.0,-1.0,nan,0,0,5,0,0,0,0,0,0,1771684931468000,nan,nan,0.0,0.0,0.0,0.0,nan,80.0,0.0,0.0,2.0,0.0,-1.0,nan,0,0,5,0,0,0,0,0,0,1771684931468000,nan,nan,0.0,0.0,0.0,0.0,nan,80.0,0.0,0.0,2.0,0.0,-1.0,nan,0,0,5,0,0,0,0,0
1771684931516000,1771684931516000,96,0,0,0,0,0,0,0,0,1771684931516000,nan,nan,0.0,0.0,0.0,0.0,nan,80.0,0.0,0.0,2.0,0.0,-1.0,nan,0,0,5,0,0,0,0,0,0,1771684931516000,nan,nan,0.0,0.0,0.0,0.0,nan,80.0,0.0,0.0,2.0,0.0,-1.0,nan,0,0,5,0,0,0,0,0,0,1771684931516000,nan,nan,0.0,0.0,0.0,0.0,nan,80.0,0.0,0.0,2.0,0.0,-1.0,nan,0,0,5,0,0,0,0,0
1771684931564000,1771684931564000,96,0,0,0,0,0,0,0,0,1771684931564000,nan,nan,0.0,0.0,0.0,0.0,nan,80.0,0.0,0.0,2.0,0.0,-1.0,nan,0,0,5,0,0,0,0,0,0,1771684931564000,nan,nan,0.0,0.0,0.0,0.0,nan,80.0,0.0,0.0,2.0,0.0,-1.0,nan,0,0,5,0,0,0,0,0,0,1771684931564000,nan,nan,0.0,0.0,0.0,0.0,nan,80.0,0.0,0.0,2.0,0.0,-1.0,nan,0,0,5,0,0,0,0,0
1771684931612000,1771684931612000,96,0,0,0,0,0,0,0,0,1771684931612000,nan,nan,0.0,0.0,0.0,0.0,nan,80.0,0.0,0.0,2.0,0.0,-1.0,nan,0,0,5,0,0,0,0,0,0,1771684931612000,nan,nan,0.0,0.0,0.0,0.0,nan,80.0,0.0,0.0,2.0,0.0,-1.0,nan,0,0,5,0,0,0,0,0,0,1771684931612000,nan,nan,0.0,0.0,0.0,0.0,nan,80.0,0.0,0.0,2.0,0.0,-1.0,nan,0,0,5,0,0,0,0,0
1771684931620000,1771684931620000,96,0,0,0,0,0,0,0,0,1771684931620000,nan,nan,0.0,0.0,0.0,0.0,nan,80.0,0.0,0.0,2.0,0.0,-1.0,nan,0,0,5,0,0,0,0,0,0,1771684931620000,nan,nan,0.0,0.0,0.0,0.0,nan,80.0,0.0,0.0,2.0,0.0,-1.0,nan,0,0,5,0,0,0,0,0,0,1771684931620000,nan,nan,0.0,0.0,0.0,0.0,nan,80.0,0.0,0.0,2.0,0.0,-1.0,nan,0,0,5,0,0,0,0,0
1771684931676000,1771684931676000,96,0,0,0,0,0,0,0,0,1771684931676000,nan,nan,0.0,0.0,0.0,0.0,nan,80.0,0.0,0.0,2.0,0.0,-1.0,nan,0,0,5,0,0,0,0,0,0,1771684931676000,nan,nan,0.0,0.0,0.0,0.0,nan,80.0,0.0,0.0,2.0,0.0,-1.0,nan,0,0,5,0,0,0,0,0,0,1771684931676000,nan,nan,0.0,0.0,0.0,0.0,nan,80.0,0.0,0.0,2.0,0.0,-1.0,nan,0,0,5,0,0,0,0,0
1771684931724000,1771684931724000,96,0,0,0,0,0,0,0,0,1771684931724000,nan,nan,0.0,0.0,0.0,0.0,nan,80.0,0.0,0.0,2.0,0.0,-1.0,nan,0,0,5,0,0,0,0,0,0,1771684931724000,nan,nan,0.0,0.0,0.0,0.0,nan,80.0,0.0,0.0,2.0,0.0,-1.0,nan,0,0,5,0,0,0,0,0,0,1771684931724000,nan,nan,0.0,0.0,0.0,0.0,nan,80.0,0.0,0.0,2.0,0.0,-1.0,nan,0,0,5,0,0,0,0,0
1771684931772000,1771684931772000,96,0,0,0,0,0,0,0,0,1771684931772000,nan,nan,0.0,0.0,0.0,0.0,nan,80.0,0.0,0.0,2.0,0.0,-1.0,nan,0,0,5,0,0,0,0,0,0,1771684931772000,nan,nan,0.0,0.0,0.0,0.0,nan,80.0,0.0,0.0,2.0,0.0,-1.0,nan,0,0,5,0,0,0,0,0,0,1771684931772000,nan,nan,0.0,0.0,0.0,0.0,nan,80.0,0.0,0.0,2.0,0.0,-1.0,nan,0,0,5,0,0,0,0,0
1771684931820000,1771684931820000,96,0,0,0,0,0,0,0,0,1771684931820000,nan,nan,0.0,0.0,0.0,0.0,nan,80.0,0.0,0.0,2.0,0.0,-1.0,nan,0,0,5,0,0,0,0,0,0,1771684931820000,nan,nan,0.0,0.0,0.0,0.0,nan,80.0,0.0,0.0,2.0,0.0,-1.0,nan,0,0,5,0,0,0,0,0,0,1771684931820000,nan,nan,0.0,0.0,0.0,0.0,nan,80.0,0.0,0.0,2.0,0.0,-1.0,nan,0,0,5,0,0,0,0,0
1771684931876000,1771684931876000,96,0,0,0,0,0,0,0,0,1771684931876000,nan,nan,0.0,0.0,0.0,0.0,nan,80.0,0.0,0.0,2.0,0.0,-1.0,nan,0,0,5,0,0,0,0,0,0,1771684931876000,nan,nan,0.0,0.0,0.0,0.0,nan,80.0,0.0,0.0,2.0,0.0,-1.0,nan,0,0,5,0,0,0,0,0,0,1771684931876000,nan,nan,0.0,0.0,0.0,0.0,nan,80.0,0.0,0.0,2.0,0.0,-1.0,nan,0,0,5,0,0,0,0,0
1771684931924000,1771684931924000,96,0,0,0,0,0,0,0,0,1771684931924000,nan,nan,0.0,0.0,0.0,0.0,nan,80.0,0.0,0.0,2.0,0.0,-1.0,nan,0,0,5,0,0,0,0,0,0,1771684931924000,nan,nan,0.0,0.0,0.0,0.0,nan,80.0,0.0,0.0,2.0,0.0,-1.0,nan,0,0,5,0,0,0,0,0,0,1771684931924000,nan,nan,0.0,0.0,0.0,0.0,nan,80.0,0.0,0.0,2.0,0.0,-1.0,nan,0,0,5,0,0,0,0,0
1771684931972000,1771684931972000,96,0,0,0,0,0,0,0,0,1771684931972000,nan,nan,0.0,0.0,0.0,0.0,nan,80.0,0.0,0.0,2.0,0.0,-1.0,nan,0,0,5,0,0,0,0,0,0,1771684931972000,nan,nan,0.0,0.0,0.0,0.0,nan,80.0,0.0,0.0,2.0,0.0,-1.0,nan,0,0,5,0,0,0,0,0,0,1771684931972000,nan,nan,0.0,0.0,0.0,0.0,nan,80.0,0.0,0.0,2.0,0.0,-1.0,nan,0,0,5,0,0,0,0,0
1771684932020000,1771684932020000,96,0,0,0,0,0,0,0,0,1771684932020000,nan,nan,0.0,0.0,0.0,0.0,nan,80.0,0.0,0.0,2.0,0.0,-1.0,nan,0,0,5,0,0,0,0,0,0,1771684932020000,nan,nan,0.0,0.0,0.0,0.0,nan,80.0,0.0,0.0,2.0,0.0,-1.0,nan,0,0,5,0,0,0,0,0,0,1771684932020000,nan,nan,0.0,0.0,0.0,0.0,nan,80.0,0.0,0.0,2.0,0.0,-1.0,nan,0,0,5,0,0,0,0,0
1771684932076000,1771684932076000,96,0,0,0,0,0,0,0,0,1771684932076000,nan,nan,0.0,0.0,0.0,0.0,nan,80.0,0.0,0.0,2.0,0.0,-1.0,nan,0,0,5,0,0,0,0,0,0,1771684932076000,nan,nan,0.0,0.0,0.0,0.0,nan,80.0,0.0,0.0,2.0,0.0,-1.0,nan,0,0,5,0,0,0,0,0,0,1771684932076000,nan,nan,0.0,0.0,0.0,0.0,nan,80.0,0.0,0.0,2.0,0.0,-1.0,nan,0,0,5,0,0,0,0,0
1771684932124000,1771684932124000,96,0,0,0,0,0,0,0,0,1771684932124000,nan,nan,0.0,0.0,0.0,0.0,nan,80.0,0.0,0.0,2.0,0.0,-1.0,nan,0,0,5,0,0,0,0,0,0,1771684932124000,nan,nan,0.0,0.0,0.0,0.0,nan,80.0,0.0,0.0,2.0,0.0,-1.0,nan,0,0,5,0,0,0,0,0,0,1771684932124000,nan,nan,0.0,0.0,0.0,0.0,nan,80.0,0.0,0.0,2.0,0.0,-1.0,nan,0,0,5,0,0,0,0,0
1771684932172000,1771684932172000,96,0,0,0,0,0,0,0,0,1771684932172000,nan,nan,0.0,0.0,0.0,0.0,nan,80.0,0.0,0.0,2.0,0.0,-1.0,nan,0,0,5,0,0,0,0,0,0,1771684932172000,nan,nan,0.0,0.0,0.0,0.0,nan,80.0,0.0,0.0,2.0,0.0,-1.0,nan,0,0,5,0,0,0,0,0,0,1771684932172000,nan,nan,0.0,0.0,0.0,0.0,nan,80.0,0.0,0.0,2.0,0.0,-1.0,nan,0,0,5,0,0,0,0,0
1771684932220000,1771684932220000,96,0,0,0,0,0,0,0,0,1771684932220000,nan,nan,0.0,0.0,0.0,0.0,nan,80.0,0.0,0.0,2.0,0.0,-1.0,nan,0,0,5,0,0,0,0,0,0,1771684932220000,nan,nan,0.0,0.0,0.0,0.0,nan,80.0,0.0,0.0,2.0,0.0,-1.0,nan,0,0,5,0,0,0,0,0,0,1771684932220000,nan,nan,0.0,0.0,0.0,0.0,nan,80.0,0.0,0.0,2.0,0.0,-1.0,nan,0,0,5,0,0,0,0,0
1771684932276000,1771684932276000,96,0,0,0,0,0,0,0,0,1771684932276000,nan,nan,0.0,0.0,0.0,0.0,nan,80.0,0.0,0.0,2.0,0.0,-1.0,nan,0,0,5,0,0,0,0,0,0,1771684932276000,nan,nan,0.0,0.0,0.0,0.0,nan,80.0,0.0,0.0,2.0,0.0,-1.0,nan,0,0,5,0,0,0,0,0,0,1771684932276000,nan,nan,0.0,0.0,0.0,0.0,nan,80.0,0.0,0.0,2.0,0.0,-1.0,nan,0,0,5,0,0,0,0,0
1771684932324000,1771684932324000,96,0,0,0,0,0,0,0,0,1771684932324000,nan,nan,0.0,0.0,0.0,0.0,nan,80.0,0.0,0.0,2.0,0.0,-1.0,nan,0,0,5,0,0,0,0,0,0,1771684932324000,nan,nan,0.0,0.0,0.0,0.0,nan,80.0,0.0,0.0,2.0,0.0,-1.0,nan,0,0,5,0,0,0,0,0,0,1771684932324000,nan,nan,0.0,0.0,0.0,0.0,nan,80.0,0.0,0.0,2.0,0.0,-1.0,nan,0,0,5,0,0,0,0,0
1771684932372000,1771684932372000,96,0,0,0,0,0,0,0,0,1771684932372000,nan,nan,0.0,0.0,0.0,0.0,nan,80.0,0.0,0.0,2.0,0.0,-1.0,nan,0,0,5,0,0,0,0,0,0,1771684932372000,nan,nan,0.0,0.0,0.0,0.0,nan,80.0,0.0,0.0,2.0,0.0,-1.0,nan,0,0,5,0,0,0,0,0,0,1771684932372000,nan,nan,0.0,0.0,0.0,0.0,nan,80.0,0.0,0.0,2.0,0.0,-1.0,nan,0,0,5,0,0,0,0,0
1771684932420000,1771684932420000,96,0,0,0,0,0,0,0,0,1771684932420000,nan,nan,0.0,0.0,0.0,0.0,nan,80.0,0.0,0.0,2.0,0.0,-1.0,nan,0,0,5,0,0,0,0,0,0,1771684932420000,nan,nan,0.0,0.0,0.0,0.0,nan,80.0,0.0,0.0,2.0,0.0,-1.0,nan,0,0,5,0,0,0,0,0,0,1771684932420000,nan,nan,0.0,0.0,0.0,0.0,nan,80.0,0.0,0.0,2.0,0.0,-1.0,nan,0,0,5,0,0,0,0,0
1771684932476000,1771684932476000,96,0,0,0,0,0,0,0,0,1771684932476000,nan,nan,0.0,0.0,0.0,0.0,nan,80.0,0.0,0.0,2.0,0.0,-1.0,nan,0,0,5,0,0,0,0,0,0,1771684932476000,nan,nan,0.0,0.0,0.0,0.0,nan,80.0,0.0,0.0,2.0,0.0,-1.0,nan,0,0,5,0,0,0,0,0,0,1771684932476000,nan,nan,0.0,0.0,0.0,0.0,nan,80.0,0.0,0.0,2.0,0.0,-1.0,nan,0,0,5,0,0,0,0,0
1771684932524000,1771684932524000,96,0,0,0,0,0,0,0,0,1771684932524000,nan,nan,0.0,0.0,0.0,0.0,nan,80.0,0.0,0.0,2.0,0.0,-1.0,nan,0,0,5,0,0,0,0,0,0,1771684932524000,nan,nan,0.0,0.0,0.0,0.0,nan,80.0,0.0,0.0,2.0,0.0,-1.0,nan,0,0,5,0,0,0,0,0,0,1771684932524000,nan,nan,0.0,0.0,0.0,0.0,nan,80.0,0.0,0.0,2.0,0.0,-1.0,nan,0,0,5,0,0,0,0,0
1771684932572000,1771684932572000,96,0,0,0,0,0,0,0,0,1771684932572000,nan,nan,0.0,0.0,0.0,0.0,nan,80.0,0.0,0.0,2.0,0.0,-1.0,nan,0,0,5,0,0,0,0,0,0,1771684932572000,nan,nan,0.0,0.0,0.0,0.0,nan,80.0,0.0,0.0,2.0,0.0,-1.0,nan,0,0,5,0,0,0,0,0,0,1771684932572000,nan,nan,0.0,0.0,0.0,0.0,nan,80.0,0.0,0.0,2.0,0.0,-1.0,nan,0,0,5,0,0,0,0,0
1771684932620000,1771684932620000,96,0,0,0,0,0,0,0,0,1771684932620000,nan,nan,0.0,0.0,0.0,0.0,nan,80.0,0.0,0.0,2.0,0.0,-1.0,nan,0,0,5,0,0,0,0,0,0,1771684932620000,nan,nan,0.0,0.0,0.0,0.0,nan,80.0,0.0,0.0,2.0,0.0,-1.0,nan,0,0,5,0,0,0,0,0,0,1771684932620000,nan,nan,0.0,0.0,0.0,0.0,nan,80.0,0.0,0.0,2.0,0.0,-1.0,nan,0,0,5,0,0,0,0,0
1771684932628000,1771684932628000,96,0,0,0,0,0,0,0,0,1771684932628000,nan,nan,0.0,0.0,0.0,0.0,nan,80.0,0.0,0.0,2.0,0.0,-1.0,nan,0,0,5,0,0,0,0,0,0,1771684932628000,nan,nan,0.0,0.0,0.0,0.0,nan,80.0,0.0,0.0,2.0,0.0,-1.0,nan,0,0,5,0,0,0,0,0,0,1771684932628000,nan,nan,0.0,0.0,0.0,0.0,nan,80.0,0.0,0.0,2.0,0.0,-1.0,nan,0,0,5,0,0,0,0,0
1771684932684000,1771684932684000,96,0,0,0,0,0,0,0,0,1771684932684000,nan,nan,0.0,0.0,0.0,0.0,nan,80.0,0.0,0.0,2.0,0.0,-1.0,nan,0,0,5,0,0,0,0,0,0,1771684932684000,nan,nan,0.0,0.0,0.0,0.0,nan,80.0,0.0,0.0,2.0,0.0,-1.0,nan,0,0,5,0,0,0,0,0,0,1771684932684000,nan,nan,0.0,0.0,0.0,0.0,nan,80.0,0.0,0.0,2.0,0.0,-1.0,nan,0,0,5,0,0,0,0,0
1771684932732000,1771684932732000,96,0,0,0,0,0,0,0,0,1771684932732000,nan,nan,0.0,0.0,0.0,0.0,nan,80.0,0.0,0.0,2.0,0.0,-1.0,nan,0,0,5,0,0,0,0,0,0,1771684932732000,nan,nan,0.0,0.0,0.0,0.0,nan,80.0,0.0,0.0,2.0,0.0,-1.0,nan,0,0,5,0,0,0,0,0,0,1771684932732000,nan,nan,0.0,0.0,0.0,0.0,nan,80.0,0.0,0.0,2.0,0.0,-1.0,nan,0,0,5,0,0,0,0,0
1771684932780000,1771684932780000,96,0,0,0,0,0,0,0,0,1771684932780000,nan,nan,0.0,0.0,0.0,0.0,nan,80.0,0.0,0.0,2.0,0.0,-1.0,nan,0,0,5,0,0,0,0,0,0,1771684932780000,nan,nan,0.0,0.0,0.0,0.0,nan,80.0,0.0,0.0,2.0,0.0,-1.0,nan,0,0,5,0,0,0,0,0,0,1771684932780000,nan,nan,0.0,0.0,0.0,0.0,nan,80.0,0.0,0.0,2.0,0.0,-1.0,nan,0,0,5,0,0,0,0,0
1771684932828000,1771684932828000,96,0,0,0,0,0,0,0,0,1771684932828000,nan,nan,0.0,0.0,0.0,0.0,nan,80.0,0.0,0.0,2.0,0.0,-1.0,nan,0,0,5,0,0,0,0,0,0,1771684932828000,nan,nan,0.0,0.0,0.0,0.0,nan,80.0,0.0,0.0,2.0,0.0,-1.0,nan,0,0,5,0,0,0,0,0,0,1771684932828000,nan,nan,0.0,0.0,0.0,0.0,nan,80.0,0.0,0.0,2.0,0.0,-1.0,nan,0,0,5,0,0,0,0,0
1771684932884000,1771684932884000,96,0,0,0,0,0,0,0,0,1771684932884000,nan,nan,0.0,0.0,0.0,0.0,nan,80.0,0.0,0.0,2.0,0.0,-1.0,nan,0,0,5,0,0,0,0,0,0,1771684932884000,nan,nan,0.0,0.0,0.0,0.0,nan,80.0,0.0,0.0,2.0,0.0,-1.0,nan,0,0,5,0,0,0,0,0,0,1771684932884000,nan,nan,0.0,0.0,0.0,0.0,nan,80.0,0.0,0.0,2.0,0.0,-1.0,nan,0,0,5,0,0,0,0,0
1771684932932000,1771684932932000,96,0,0,0,0,0,0,0,0,1771684932932000,nan,nan,0.0,0.0,0.0,0.0,nan,80.0,0.0,0.0,2.0,0.0,-1.0,nan,0,0,5,0,0,0,0,0,0,1771684932932000,nan,nan,0.0,0.0,0.0,0.0,nan,80.0,0.0,0.0,2.0,0.0,-1.0,nan,0,0,5,0,0,0,0,0,0,1771684932932000,nan,nan,0.0,0.0,0.0,0.0,nan,80.0,0.0,0.0,2.0,0.0,-1.0,nan,0,0,5,0,0,0,0,0
1771684932980000,1771684932980000,96,0,0,0,0,0,0,0,0,1771684932980000,nan,nan,0.0,0.0,0.0,0.0,nan,80.0,0.0,0.0,2.0,0.0,-1.0,nan,0,0,5,0,0,0,0,0,0,1771684932980000,nan,nan,0.0,0.0,0.0,0.0,nan,80.0,0.0,0.0,2.0,0.0,-1.0,nan,0,0,5,0,0,0,0,0,0,1771684932980000,nan,nan,0.0,0.0,0.0,0.0,nan,80.0,0.0,0.0,2.0,0.0,-1.0,nan,0,0,5,0,0,0,0,0
1771684933028000,1771684933028000,96,0,0,0,0,0,0,0,0,1771684933028000,nan,nan,0.0,0.0,0.0,0.0,nan,80.0,0.0,0.0,2.0,0.0,-1.0,nan,0,0,5,0,0,0,0,0,0,1771684933028000,nan,nan,0.0,0.0,0.0,0.0,nan,80.0,0.0,0.0,2.0,0.0,-1.0,nan,0,0,5,0,0,0,0,0,0,1771684933028000,nan,nan,0.0,0.0,0.0,0.0,nan,80.0,0.0,0.0,2.0,0.0,-1.0,nan,0,0,5,0,0,0,0,0
1771684933084000,1771684933084000,96,0,0,0,0,0,0,0,0,1771684933084000,nan,nan,0.0,0.0,0.0,0.0,nan,80.0,0.0,0.0,2.0,0.0,-1.0,nan,0,0,5,0,0,0,0,0,0,1771684933084000,nan,nan,0.0,0.0,0.0,0.0,nan,80.0,0.0,0.0,2.0,0.0,-1.0,nan,0,0,5,0,0,0,0,0,0,1771684933084000,nan,nan,0.0,0.0,0.0,0.0,nan,80.0,0.0,0.0,2.0,0.0,-1.0,nan,0,0,5,0,0,0,0,0
1771684933132000,1771684933132000,96,0,0,0,0,0,0,0,0,1771684933132000,nan,nan,0.0,0.0,0.0,0.0,nan,80.0,0.0,0.0,2.0,0.0,-1.0,nan,0,0,5,0,0,0,0,0,0,1771684933132000,nan,nan,0.0,0.0,0.0,0.0,nan,80.0,0.0,0.0,2.0,0.0,-1.0,nan,0,0,5,0,0,0,0,0,0,1771684933132000,nan,nan,0.0,0.0,0.0,0.0,nan,80.0,0.0,0.0,2.0,0.0,-1.0,nan,0,0,5,0,0,0,0,0
1771684933180000,1771684933180000,96,0,0,0,0,0,0,0,0,1771684933180000,nan,nan,0.0,0.0,0.0,0.0,nan,80.0,0.0,0.0,2.0,0.0,-1.0,nan,0,0,5,0,0,0,0,0,0,1771684933180000,nan,nan,0.0,0.0,0.0,0.0,nan,80.0,0.0,0.0,2.0,0.0,-1.0,nan,0,0,5,0,0,0,0,0,0,1771684933180000,nan,nan,0.0,0.0,0.0,0.0,nan,80.0,0.0,0.0,2.0,0.0,-1.0,nan,0,0,5,0,0,0,0,0
1771684933228000,1771684933228000,96,0,0,0,0,0,0,0,0,1771684933228000,nan,nan,0.0,0.0,0.0,0.0,nan,80.0,0.0,0.0,2.0,0.0,-1.0,nan,0,0,5,0,0,0,0,0,0,1771684933228000,nan,nan,0.0,0.0,0.0,0.0,nan,80.0,0.0,0.0,2.0,0.0,-1.0,nan,0,0,5,0,0,0,0,0,0,1771684933228000,nan,nan,0.0,0.0,0.0,0.0,nan,80.0,0.0,0.0,2.0,0.0,-1.0,nan,0,0,5,0,0,0,0,0
1771684933284000,1771684933284000,96,0,0,0,0,0,0,0,0,1771684933284000,nan,nan,0.0,0.0,0.0,0.0,nan,80.0,0.0,0.0,2.0,0.0,-1.0,nan,0,0,5,0,0,0,0,0,0,1771684933284000,nan,nan,0.0,0.0,0.0,0.0,nan,80.0,0.0,0.0,2.0,0.0,-1.0,nan,0,0,5,0,0,0,0,0,0,1771684933284000,nan,nan,0.0,0.0,0.0,0.0,nan,80.0,0.0,0.0,2.0,0.0,-1.0,nan,0,0,5,0,0,0,0,0
1771684933332000,1771684933332000,96,0,0,0,0,0,0,0,0,1771684933332000,nan,nan,0.0,0.0,0.0,0.0,nan,80.0,0.0,0.0,2.0,0.0,-1.0,nan,0,0,5,0,0,0,0,0,0,1771684933332000,nan,nan,0.0,0.0,0.0,0.0,nan,80.0,0.0,0.0,2.0,0.0,-1.0,nan,0,0,5,0,0,0,0,0,0,1771684933332000,nan,nan,0.0,0.0,0.0,0.0,nan,80.0,0.0,0.0,2.0,0.0,-1.0,nan,0,0,5,0,0,0,0,0
1771684933380000,1771684933380000,96,0,0,0,0,0,0,0,0,1771684933380000,nan,nan,0.0,0.0,0.0,0.0,nan,80.0,0.0,0.0,2.0,0.0,-1.0,nan,0,0,5,0,0,0,0,0,0,1771684933380000,nan,nan,0.0,0.0,0.0,0.0,nan,80.0,0.0,0.0,2.0,0.0,-1.0,nan,0,0,5,0,0,0,0,0,0,1771684933380000,nan,nan,0.0,0.0,0.0,0.0,nan,80.0,0.0,0.0,2.0,0.0,-1.0,nan,0,0,5,0,0,0,0,0
1771684933428000,1771684933428000,96,0,0,0,0,0,0,0,0,1771684933428000,nan,nan,0.0,0.0,0.0,0.0,nan,80.0,0.0,0.0,2.0,0.0,-1.0,nan,0,0,5,0,0,0,0,0,0,1771684933428000,nan,nan,0.0,0.0,0.0,0.0,nan,80.0,0.0,0.0,2.0,0.0,-1.0,nan,0,0,5,0,0,0,0,0,0,1771684933428000,nan,nan,0.0,0.0,0.0,0.0,nan,80.0,0.0,0.0,2.0,0.0,-1.0,nan,0,0,5,0,0,0,0,0
1771684933484000,1771684933484000,96,0,0,0,0,0,0,0,0,1771684933484000,nan,nan,0.0,0.0,0.0,0.0,nan,80.0,0.0,0.0,2.0,0.0,-1.0,nan,0,0,5,0,0,0,0,0,0,1771684933484000,nan,nan,0.0,0.0,0.0,0.0,nan,80.0,0.0,0.0,2.0,0.0,-1.0,nan,0,0,5,0,0,0,0,0,0,1771684933484000,nan,nan,0.0,0.0,0.0,0.0,nan,80.0,0.0,0.0,2.0,0.0,-1.0,nan,0,0,5,0,0,0,0,0
1771684933532000,1771684933532000,96,0,0,0,0,0,0,0,0,1771684933532000,nan,nan,0.0,0.0,0.0,0.0,nan,80.0,0.0,0.0,2.0,0.0,-1.0,nan,0,0,5,0,0,0,0,0,0,1771684933532000,nan,nan,0.0,0.0,0.0,0.0,nan,80.0,0.0,0.0,2.0,0.0,-1.0,nan,0,0,5,0,0,0,0,0,0,1771684933532000,nan,nan,0.0,0.0,0.0,0.0,nan,80.0,0.0,0.0,2.0,0.0,-1.0,nan,0,0,5,0,0,0,0,0
1771684933580000,1771684933580000,96,0,0,0,0,0,0,0,0,1771684933580000,nan,nan,0.0,0.0,0.0,0.0,nan,80.0,0.0,0.0,2.0,0.0,-1.0,nan,0,0,5,0,0,0,0,0,0,1771684933580000,nan,nan,0.0,0.0,0.0,0.0,nan,80.0,0.0,0.0,2.0,0.0,-1.0,nan,0,0,5,0,0,0,0,0,0,1771684933580000,nan,nan,0.0,0.0,0.0,0.0,nan,80.0,0.0,0.0,2.0,0.0,-1.0,nan,0,0,5,0,0,0,0,0
1771684933628000,1771684933628000,96,0,0,0,0,0,0,0,0,1771684933628000,nan,nan,0.0,0.0,0.0,0.0,nan,80.0,0.0,0.0,2.0,0.0,-1.0,nan,0,0,5,0,0,0,0,0,0,1771684933628000,nan,nan,0.0,0.0,0.0,0.0,nan,80.0,0.0,0.0,2.0,0.0,-1.0,nan,0,0,5,0,0,0,0,0,0,1771684933628000,nan,nan,0.0,0.0,0.0,0.0,nan,80.0,0.0,0.0,2.0,0.0,-1.0,nan,0,0,5,0,0,0,0,0
1771684933636000,1771684933636000,96,0,0,0,0,0,0,0,0,1771684933636000,nan,nan,0.0,0.0,0.0,0.0,nan,80.0,0.0,0.0,2.0,0.0,-1.0,nan,0,0,5,0,0,0,0,0,0,1771684933636000,nan,nan,0.0,0.0,0.0,0.0,nan,80.0,0.0,0.0,2.0,0.0,-1.0,nan,0,0,5,0,0,0,0,0,0,1771684933636000,nan,nan,0.0,0.0,0.0,0.0,nan,80.0,0.0,0.0,2.0,0.0,-1.0,nan,0,0,5,0,0,0,0,0
1771684933692000,1771684933692000,96,0,0,0,0,0,0,0,0,1771684933692000,nan,nan,0.0,0.0,0.0,0.0,nan,80.0,0.0,0.0,2.0,0.0,-1.0,nan,0,0,5,0,0,0,0,0,0,1771684933692000,nan,nan,0.0,0.0,0.0,0.0,nan,80.0,0.0,0.0,2.0,0.0,-1.0,nan,0,0,5,0,0,0,0,0,0,1771684933692000,nan,nan,0.0,0.0,0.0,0.0,nan,80.0,0.0,0.0,2.0,0.0,-1.0,nan,0,0,5,0,0,0,0,0
1771684933740000,1771684933740000,96,0,0,0,0,0,0,0,0,1771684933740000,nan,nan,0.0,0.0,0.0,0.0,nan,80.0,0.0,0.0,2.0,0.0,-1.0,nan,0,0,5,0,0,0,0,0,0,1771684933740000,nan,nan,0.0,0.0,0.0,0.0,nan,80.0,0.0,0.0,2.0,0.0,-1.0,nan,0,0,5,0,0,0,0,0,0,1771684933740000,nan,nan,0.0,0.0,0.0,0.0,nan,80.0,0.0,0.0,2.0,0.0,-1.0,nan,0,0,5,0,0,0,0,0
1771684933788000,1771684933788000,96,0,0,0,0,0,0,0,0,1771684933788000,nan,nan,0.0,0.0,0.0,0.0,nan,80.0,0.0,0.0,2.0,0.0,-1.0,nan,0,0,5,0,0,0,0,0,0,1771684933788000,nan,nan,0.0,0.0,0.0,0.0,nan,80.0,0.0,0.0,2.0,0.0,-1.0,nan,0,0,5,0,0,0,0,0,0,1771684933788000,nan,nan,0.0,0.0,0.0,0.0,nan,80.0,0.0,0.0,2.0,0.0,-1.0,nan,0,0,5,0,0,0,0,0
1771684933836000,1771684933836000,96,0,0,0,0,0,0,0,0,1771684933836000,nan,nan,0.0,0.0,0.0,0.0,nan,80.0,0.0,0.0,2.0,0.0,-1.0,nan,0,0,5,0,0,0,0,0,0,1771684933836000,nan,nan,0.0,0.0,0.0,0.0,nan,80.0,0.0,0.0,2.0,0.0,-1.0,nan,0,0,5,0,0,0,0,0,0,1771684933836000,nan,nan,0.0,0.0,0.0,0.0,nan,80.0,0.0,0.0,2.0,0.0,-1.0,nan,0,0,5,0,0,0,0,0
1771684933892000,1771684933892000,96,0,0,0,0,0,0,0,0,1771684933892000,nan,nan,0.0,0.0,0.0,0.0,nan,80.0,0.0,0.0,2.0,0.0,-1.0,nan,0,0,5,0,0,0,0,0,0,1771684933892000,nan,nan,0.0,0.0,0.0,0.0,nan,80.0,0.0,0.0,2.0,0.0,-1.0,nan,0,0,5,0,0,0,0,0,0,1771684933892000,nan,nan,0.0,0.0,0.0,0.0,nan,80.0,0.0,0.0,2.0,0.0,-1.0,nan,0,0,5,0,0,0,0,0
1771684933940000,1771684933940000,96,0,0,0,0,0,0,0,0,1771684933940000,nan,nan,0.0,0.0,0.0,0.0,nan,80.0,0.0,0.0,2.0,0.0,-1.0,nan,0,0,5,0,0,0,0,0,0,1771684933940000,nan,nan,0.0,0.0,0.0,0.0,nan,80.0,0.0,0.0,2.0,0.0,-1.0,nan,0,0,5,0,0,0,0,0,0,1771684933940000,nan,nan,0.0,0.0,0.0,0.0,nan,80.0,0.0,0.0,2.0,0.0,-1.0,nan,0,0,5,0,0,0,0,0
1771684933988000,1771684933988000,96,0,0,0,0,0,0,0,0,1771684933988000,nan,nan,0.0,0.0,0.0,0.0,nan,80.0,0.0,0.0,2.0,0.0,-1.0,nan,0,0,5,0,0,0,0,0,0,1771684933988000,nan,nan,0.0,0.0,0.0,0.0,nan,80.0,0.0,0.0,2.0,0.0,-1.0,nan,0,0,5,0,0,0,0,0,0,1771684933988000,nan,nan,0.0,0.0,0.0,0.0,nan,80.0,0.0,0.0,2.0,0.0,-1.0,nan,0,0,5,0,0,0,0,0
1771684934036000,1771684934036000,96,0,0,0,0,0,0,0,0,1771684934036000,nan,nan,0.0,0.0,0.0,0.0,nan,80.0,0.0,0.0,2.0,0.0,-1.0,nan,0,0,5,0,0,0,0,0,0,1771684934036000,nan,nan,0.0,0.0,0.0,0.0,nan,80.0,0.0,0.0,2.0,0.0,-1.0,nan,0,0,5,0,0,0,0,0,0,1771684934036000,nan,nan,0.0,0.0,0.0,0.0,nan,80.0,0.0,0.0,2.0,0.0,-1.0,nan,0,0,5,0,0,0,0,0
1771684934092000,1771684934092000,96,0,0,0,0,0,0,0,0,1771684934092000,nan,nan,0.0,0.0,0.0,0.0,nan,80.0,0.0,0.0,2.0,0.0,-1.0,nan,0,0,5,0,0,0,0,0,0,1771684934092000,nan,nan,0.0,0.0,0.0,0.0,nan,80.0,0.0,0.0,2.0,0.0,-1.0,nan,0,0,5,0,0,0,0,0,0,1771684934092000,nan,nan,0.0,0.0,0.0,0.0,nan,80.0,0.0,0.0,2.0,0.0,-1.0,nan,0,0,5,0,0,0,0,0
1771684934140000,1771684934140000,96,0,0,0,0,0,0,0,0,1771684934140000,nan,nan,0.0,0.0,0.0,0.0,nan,80.0,0.0,0.0,2.0,0.0,-1.0,nan,0,0,5,0,0,0,0,0,0,1771684934140000,nan,nan,0.0,0.0,0.0,0.0,nan,80.0,0.0,0.0,2.0,0.0,-1.0,nan,0,0,5,0,0,0,0,0,0,1771684934140000,nan,nan,0.0,0.0,0.0,0.0,nan,80.0,0.0,0.0,2.0,0.0,-1.0,nan,0,0,5,0,0,0,0,0
1771684934196000,1771684934196000,96,0,0,0,0,0,0,0,0,1771684934196000,nan,nan,0.0,0.0,0.0,0.0,nan,80.0,0.0,0.0,2.0,0.0,-1.0,nan,0,0,5,0,0,0,0,0,0,1771684934196000,nan,nan,0.0,0.0,0.0,0.0,nan,80.0,0.0,0.0,2.0,0.0,-1.0,nan,0,0,5,0,0,0,0,0,0,1771684934196000,nan,nan,0.0,0.0,0.0,0.0,nan,80.0,0.0,0.0,2.0,0.0,-1.0,nan,0,0,5,0,0,0,0,0
1771684934244000,1771684934244000,96,0,0,0,0,0,0,0,0,1771684934244000,nan,nan,0.0,0.0,0.0,0.0,nan,80.0,0.0,0.0,2.0,0.0,-1.0,nan,0,0,5,0,0,0,0,0,0,1771684934244000,nan,nan,0.0,0.0,0.0,0.0,nan,80.0,0.0,0.0,2.0,0.0,-1.0,nan,0,0,5,0,0,0,0,0,0,1771684934244000,nan,nan,0.0,0.0,0.0,0.0,nan,80.0,0.0,0.0,2.0,0.0,-1.0,nan,0,0,5,0,0,0,0,0
1771684934292000,1771684934292000,96,0,0,0,0,0,0,0,0,1771684934292000,nan,nan,0.0,0.0,0.0,0.0,nan,80.0,0.0,0.0,2.0,0.0,-1.0,nan,0,0,5,0,0,0,0,0,0,1771684934292000,nan,nan,0.0,0.0,0.0,0.0,nan,80.0,0.0,0.0,2.0,0.0,-1.0,nan,0,0,5,0,0,0,0,0,0,1771684934292000,nan,nan,0.0,0.0,0.0,0.0,nan,80.0,0.0,0.0,2.0,0.0,-1.0,nan,0,0,5,0,0,0,0,0
1771684934340000,1771684934340000,96,0,0,0,0,0,0,0,0,1771684934340000,nan,nan,0.0,0.0,0.0,0.0,nan,80.0,0.0,0.0,2.0,0.0,-1.0,nan,0,0,5,0,0,0,0,0,0,1771684934340000,nan,nan,0.0,0.0,0.0,0.0,nan,80.0,0.0,0.0,2.0,0.0,-1.0,nan,0,0,5,0,0,0,0,0,0,1771684934340000,nan,nan,0.0,0.0,0.0,0.0,nan,80.0,0.0,0.0,2.0,0.0,-1.0,nan,0,0,5,0,0,0,0,0
1771684934396000,1771684934396000,96,0,0,0,0,0,0,0,0,1771684934396000,nan,nan,0.0,0.0,0.0,0.0,nan,80.0,0.0,0.0,2.0,0.0,-1.0,nan,0,0,5,0,0,0,0,0,0,1771684934396000,nan,nan,0.0,0.0,0.0,0.0,nan,80.0,0.0,0.0,2.0,0.0,-1.0,nan,0,0,5,0,0,0,0,0,0,1771684934396000,nan,nan,0.0,0.0,0.0,0.0,nan,80.0,0.0,0.0,2.0,0.0,-1.0,nan,0,0,5,0,0,0,0,0
1771684934444000,1771684934444000,96,0,0,0,0,0,0,0,0,1771684934444000,nan,nan,0.0,0.0,0.0,0.0,nan,80.0,0.0,0.0,2.0,0.0,-1.0,nan,0,0,5,0,0,0,0,0,0,1771684934444000,nan,nan,0.0,0.0,0.0,0.0,nan,80.0,0.0,0.0,2.0,0.0,-1.0,nan,0,0,5,0,0,0,0,0,0,1771684934444000,nan,nan,0.0,0.0,0.0,0.0,nan,80.0,0.0,0.0,2.0,0.0,-1.0,nan,0,0,5,0,0,0,0,0
1771684934492000,1771684934492000,96,0,0,0,0,0,0,0,0,1771684934492000,nan,nan,0.0,0.0,0.0,0.0,nan,80.0,0.0,0.0,2.0,0.0,-1.0,nan,0,0,5,0,0,0,0,0,0,1771684934492000,nan,nan,0.0,0.0,0.0,0.0,nan,80.0,0.0,0.0,2.0,0.0,-1.0,nan,0,0,5,0,0,0,0,0,0,1771684934492000,nan,nan,0.0,0.0,0.0,0.0,nan,80.0,0.0,0.0,2.0,0.0,-1.0,nan,0,0,5,0,0,0,0,0
1771684934540000,1771684934540000,96,0,0,0,0,0,0,0,0,1771684934540000,nan,nan,0.0,0.0,0.0,0.0,nan,80.0,0.0,0.0,2.0,0.0,-1.0,nan,0,0,5,0,0,0,0,0,0,1771684934540000,nan,nan,0.0,0.0,0.0,0.0,nan,80.0,0.0,0.0,2.0,0.0,-1.0,nan,0,0,5,0,0,0,0,0,0,1771684934540000,nan,nan,0.0,0.0,0.0,0.0,nan,80.0,0.0,0.0,2.0,0.0,-1.0,nan,0,0,5,0,0,0,0,0
1771684934596000,1771684934596000,96,0,0,0,0,0,0,0,0,1771684934596000,nan,nan,0.0,0.0,0.0,0.0,nan,80.0,0.0,0.0,2.0,0.0,-1.0,nan,0,0,5,0,0,0,0,0,0,1771684934596000,nan,nan,0.0,0.0,0.0,0.0,nan,80.0,0.0,0.0,2.0,0.0,-1.0,nan,0,0,5,0,0,0,0,0,0,1771684934596000,nan,nan,0.0,0.0,0.0,0.0,nan,80.0,0.0,0.0,2.0,0.0,-1.0,nan,0,0,5,0,0,0,0,0
1771684934644000,1771684934644000,96,0,0,0,0,0,0,0,0,1771684934644000,nan,nan,0.0,0.0,0.0,0.0,nan,80.0,0.0,0.0,2.0,0.0,-1.0,nan,0,0,5,0,0,0,0,0,0,1771684934644000,nan,nan,0.0,0.0,0.0,0.0,nan,80.0,0.0,0.0,2.0,0.0,-1.0,nan,0,0,5,0,0,0,0,0,0,1771684934644000,nan,nan,0.0,0.0,0.0,0.0,nan,80.0,0.0,0.0,2.0,0.0,-1.0,nan,0,0,5,0,0,0,0,0
1771684934692000,1771684934692000,96,0,0,0,0,0,0,0,0,1771684934692000,nan,nan,0.0,0.0,0.0,0.0,nan,80.0,0.0,0.0,2.0,0.0,-1.0,nan,0,0,5,0,0,0,0,0,0,1771684934692000,nan,nan,0.0,0.0,0.0,0.0,nan,80.0,0.0,0.0,2.0,0.0,-1.0,nan,0,0,5,0,0,0,0,0,0,1771684934692000,nan,nan,0.0,0.0,0.0,0.0,nan,80.0,0.0,0.0,2.0,0.0,-1.0,nan,0,0,5,0,0,0,0,0
1771684934740000,1771684934740000,96,0,0,0,0,0,0,0,0,1771684934740000,nan,nan,0.0,0.0,0.0,0.0,nan,80.0,0.0,0.0,2.0,0.0,-1.0,nan,0,0,5,0,0,0,0,0,0,1771684934740000,nan,nan,0.0,0.0,0.0,0.0,nan,80.0,0.0,0.0,2.0,0.0,-1.0,nan,0,0,5,0,0,0,0,0,0,1771684934740000,nan,nan,0.0,0.0,0.0,0.0,nan,80.0,0.0,0.0,2.0,0.0,-1.0,nan,0,0,5,0,0,0,0,0
1771684934796000,1771684934796000,96,0,0,0,0,0,0,0,0,1771684934796000,nan,nan,0.0,0.0,0.0,0.0,nan,80.0,0.0,0.0,2.0,0.0,-1.0,nan,0,0,5,0,0,0,0,0,0,1771684934796000,nan,nan,0.0,0.0,0.0,0.0,nan,80.0,0.0,0.0,2.0,0.0,-1.0,nan,0,0,5,0,0,0,0,0,0,1771684934796000,nan,nan,0.0,0.0,0.0,0.0,nan,80.0,0.0,0.0,2.0,0.0,-1.0,nan,0,0,5,0,0,0,0,0
1771684934824000,1771684934824000,96,0,0,0,0,0,0,0,0,1771684934824000,nan,nan,0.0,0.0,0.0,0.0,nan,80.0,0.0,0.0,2.0,0.0,-1.0,nan,0,0,5,0,0,0,0,0,0,1771684934824000,nan,nan,0.0,0.0,0.0,0.0,nan,80.0,0.0,0.0,2.0,0.0,-1.0,nan,0,0,5,0,0,0,0,0,0,1771684934824000,nan,nan,0.0,0.0,0.0,0.0,nan,80.0,0.0,0.0,2.0,0.0,-1.0,nan,0,0,5,0,0,0,0,0
1771684934848000,1771684934848000,96,0,0,0,0,0,0,0,0,1771684934848000,nan,nan,0.0,0.0,0.0,0.0,nan,80.0,0.0,0.0,2.0,0.0,-1.0,nan,0,0,5,0,0,0,0,0,0,1771684934848000,nan,nan,0.0,0.0,0.0,0.0,nan,80.0,0.0,0.0,2.0,0.0,-1.0,nan,0,0,5,0,0,0,0,0,0,1771684934848000,nan,nan,0.0,0.0,0.0,0.0,nan,80.0,0.0,0.0,2.0,0.0,-1.0,nan,0,0,5,0,0,0,0,0
1771684934900000,1771684934900000,96,0,0,0,0,0,0,0,0,1771684934900000,nan,nan,0.0,0.0,0.0,0.0,nan,80.0,0.0,0.0,2.0,0.0,-1.0,nan,0,0,5,0,0,0,0,0,0,1771684934900000,nan,nan,0.0,0.0,0.0,0.0,nan,80.0,0.0,0.0,2.0,0.0,-1.0,nan,0,0,5,0,0,0,0,0,0,1771684934900000,nan,nan,0.0,0.0,0.0,0.0,nan,80.0,0.0,0.0,2.0,0.0,-1.0,nan,0,0,5,0,0,0,0,0
1771684934948000,1771684934948000,96,0,0,0,0,0,0,0,0,1771684934948000,nan,nan,0.0,0.0,0.0,0.0,nan,80.0,0.0,0.0,2.0,0.0,-1.0,nan,0,0,5,0,0,0,0,0,0,1771684934948000,nan,nan,0.0,0.0,0.0,0.0,nan,80.0,0.0,0.0,2.0,0.0,-1.0,nan,0,0,5,0,0,0,0,0,0,1771684934948000,nan,nan,0.0,0.0,0.0,0.0,nan,80.0,0.0,0.0,2.0,0.0,-1.0,nan,0,0,5,0,0,0,0,0
1771684935004000,1771684935004000,96,0,0,0,0,0,0,0,0,1771684935004000,nan,nan,0.0,0.0,0.0,0.0,nan,80.0,0.0,0.0,2.0,0.0,-1.0,nan,0,0,5,0,0,0,0,0,0,1771684935004000,nan,nan,0.0,0.0,0.0,0.0,nan,80.0,0.0,0.0,2.0,0.0,-1.0,nan,0,0,5,0,0,0,0,0,0,1771684935004000,nan,nan,0.0,0.0,0.0,0.0,nan,80.0,0.0,0.0,2.0,0.0,-1.0,nan,0,0,5,0,0,0,0,0
1771684935052000,1771684935052000,96,0,0,0,0,0,0,0,0,1771684935052000,nan,nan,0.0,0.0,0.0,0.0,nan,80.0,0.0,0.0,2.0,0.0,-1.0,nan,0,0,5,0,0,0,0,0,0,1771684935052000,nan,nan,0.0,0.0,0.0,0.0,nan,80.0,0.0,0.0,2.0,0.0,-1.0,nan,0,0,5,0,0,0,0,0,0,1771684935052000,nan,nan,0.0,0.0,0.0,0.0,nan,80.0,0.0,0.0,2.0,0.0,-1.0,nan,0,0,5,0,0,0,0,0
1771684935100000,1771684935100000,96,0,0,0,0,0,0,0,0,1771684935100000,nan,nan,0.0,0.0,0.0,0.0,nan,80.0,0.0,0.0,2.0,0.0,-1.0,nan,0,0,5,0,0,0,0,0,0,1771684935100000,nan,nan,0.0,0.0,0.0,0.0,nan,80.0,0.0,0.0,2.0,0.0,-1.0,nan,0,0,5,0,0,0,0,0,0,1771684935100000,nan,nan,0.0,0.0,0.0,0.0,nan,80.0,0.0,0.0,2.0,0.0,-1.0,nan,0,0,5,0,0,0,0,0
1771684935148000,1771684935148000,96,0,0,0,0,0,0,0,0,1771684935148000,nan,nan,0.0,0.0,0.0,0.0,nan,80.0,0.0,0.0,2.0,0.0,-1.0,nan,0,0,5,0,0,0,0,0,0,1771684935148000,nan,nan,0.0,0.0,0.0,0.0,nan,80.0,0.0,0.0,2.0,0.0,-1.0,nan,0,0,5,0,0,0,0,0,0,1771684935148000,nan,nan,0.0,0.0,0.0,0.0,nan,80.0,0.0,0.0,2.0,0.0,-1.0,nan,0,0,5,0,0,0,0,0
1771684935204000,1771684935204000,96,0,0,0,0,0,0,0,0,1771684935204000,nan,nan,0.0,0.0,0.0,0.0,nan,80.0,0.0,0.0,2.0,0.0,-1.0,nan,0,0,5,0,0,0,0,0,0,1771684935204000,nan,nan,0.0,0.0,0.0,0.0,nan,80.0,0.0,0.0,2.0,0.0,-1.0,nan,0,0,5,0,0,0,0,0,0,1771684935204000,nan,nan,0.0,0.0,0.0,0.0,nan,80.0,0.0,0.0,2.0,0.0,-1.0,nan,0,0,5,0,0,0,0,0
1771684935252000,1771684935252000,96,0,0,0,0,0,0,0,0,1771684935252000,nan,nan,0.0,0.0,0.0,0.0,nan,80.0,0.0,0.0,2.0,0.0,-1.0,nan,0,0,5,0,0,0,0,0,0,1771684935252000,nan,nan,0.0,0.0,0.0,0.0,nan,80.0,0.0,0.0,2.0,0.0,-1.0,nan,0,0,5,0,0,0,0,0,0,1771684935252000,nan,nan,0.0,0.0,0.0,0.0,nan,80.0,0.0,0.0,2.0,0.0,-1.0,nan,0,0,5,0,0,0,0,0
1771684935300000,1771684935300000,96,0,0,0,0,0,0,0,0,1771684935300000,nan,nan,0.0,0.0,0.0,0.0,nan,80.0,0.0,0.0,2.0,0.0,-1.0,nan,0,0,5,0,0,0,0,0,0,1771684935300000,nan,nan,0.0,0.0,0.0,0.0,nan,80.0,0.0,0.0,2.0,0.0,-1.0,nan,0,0,5,0,0,0,0,0,0,1771684935300000,nan,nan,0.0,0.0,0.0,0.0,nan,80.0,0.0,0.0,2.0,0.0,-1.0,nan,0,0,5,0,0,0,0,0
1771684935348000,1771684935348000,96,0,0,0,0,0,0,0,0,1771684935348000,nan,nan,0.0,0.0,0.0,0.0,nan,80.0,0.0,0.0,2.0,0.0,-1.0,nan,0,0,5,0,0,0,0,0,0,1771684935348000,nan,nan,0.0,0.0,0.0,0.0,nan,80.0,0.0,0.0,2.0,0.0,-1.0,nan,0,0,5,0,0,0,0,0,0,1771684935348000,nan,nan,0.0,0.0,0.0,0.0,nan,80.0,0.0,0.0,2.0,0.0,-1.0,nan,0,0,5,0,0,0,0,0
1771684935376000,1771684935376000,96,0,0,0,0,0,0,0,0,1771684935376000,nan,nan,0.0,0.0,0.0,0.0,nan,80.0,0.0,0.0,2.0,0.0,-1.0,nan,0,0,5,0,0,0,0,0,0,1771684935376000,nan,nan,0.0,0.0,0.0,0.0,nan,80.0,0.0,0.0,2.0,0.0,-1.0,nan,0,0,5,0,0,0,0,0,0,1771684935376000,nan,nan,0.0,0.0,0.0,0.0,nan,80.0,0.0,0.0,2.0,0.0,-1.0,nan,0,0,5,0,0,0,0,0
1771684935404000,1771684935404000,96,0,0,0,0,0,0,0,0,1771684935404000,nan,nan,0.0,0.0,0.0,0.0,nan,80.0,0.0,0.0,2.0,0.0,-1.0,nan,0,0,5,0,0,0,0,0,0,1771684935404000,nan,nan,0.0,0.0,0.0,0.0,nan,80.0,0.0,0.0,2.0,0.0,-1.0,nan,0,0,5,0,0,0,0,0,0,1771684935404000,nan,nan,0.0,0.0,0.0,0.0,nan,80.0,0.0,0.0,2.0,0.0,-1.0,nan,0,0,5,0,0,0,0,0
1771684935460000,1771684935460000,96,0,0,0,0,0,0,0,0,1771684935460000,nan,nan,0.0,0.0,0.0,0.0,nan,80.0,0.0,0.0,2.0,0.0,-1.0,nan,0,0,5,0,0,0,0,0,0,1771684935460000,nan,nan,0.0,0.0,0.0,0.0,nan,80.0,0.0,0.0,2.0,0.0,-1.0,nan,0,0,5,0,0,0,0,0,0,1771684935460000,nan,nan,0.0,0.0,0.0,0.0,nan,80.0,0.0,0.0,2.0,0.0,-1.0,nan,0,0,5,0,0,0,0,0
1771684935508000,1771684935508000,96,0,0,0,0,0,0,0,0,1771684935508000,nan,nan,0.0,0.0,0.0,0.0,nan,80.0,0.0,0.0,2.0,0.0,-1.0,nan,0,0,5,0,0,0,0,0,0,1771684935508000,nan,nan,0.0,0.0,0.0,0.0,nan,80.0,0.0,0.0,2.0,0.0,-1.0,nan,0,0,5,0,0,0,0,0,0,1771684935508000,nan,nan,0.0,0.0,0.0,0.0,nan,80.0,0.0,0.0,2.0,0.0,-1.0,nan,0,0,5,0,0,0,0,0
1771684935556000,1771684935556000,96,0,0,0,0,0,0,0,0,1771684935556000,nan,nan,0.0,0.0,0.0,0.0,nan,80.0,0.0,0.0,2.0,0.0,-1.0,nan,0,0,5,0,0,0,0,0,0,1771684935556000,nan,nan,0.0,0.0,0.0,0.0,nan,80.0,0.0,0.0,2.0,0.0,-1.0,nan,0,0,5,0,0,0,0,0,0,1771684935556000,nan,nan,0.0,0.0,0.0,0.0,nan,80.0,0.0,0.0,2.0,0.0,-1.0,nan,0,0,5,0,0,0,0,0
1771684935604000,1771684935604000,96,0,0,0,0,0,0,0,0,1771684935604000,nan,nan,0.0,0.0,0.0,0.0,nan,80.0,0.0,0.0,2.0,0.0,-1.0,nan,0,0,5,0,0,0,0,0,0,1771684935604000,nan,nan,0.0,0.0,0.0,0.0,nan,80.0,0.0,0.0,2.0,0.0,-1.0,nan,0,0,5,0,0,0,0,0,0,1771684935604000,nan,nan,0.0,0.0,0.0,0.0,nan,80.0,0.0,0.0,2.0,0.0,-1.0,nan,0,0,5,0,0,0,0,0
1771684935652000,1771684935652000,96,0,0,0,0,0,0,0,0,1771684935652000,nan,nan,0.0,0.0,0.0,0.0,nan,80.0,0.0,0.0,2.0,0.0,-1.0,nan,0,0,5,0,0,0,0,0,0,1771684935652000,nan,nan,0.0,0.0,0.0,0.0,nan,80.0,0.0,0.0,2.0,0.0,-1.0,nan,0,0,5,0,0,0,0,0,0,1771684935652000,nan,nan,0.0,0.0,0.0,0.0,nan,80.0,0.0,0.0,2.0,0.0,-1.0,nan,0,0,5,0,0,0,0,0
1771684935708000,1771684935708000,96,0,0,0,0,0,0,0,0,1771684935708000,nan,nan,0.0,0.0,0.0,0.0,nan,80.0,0.0,0.0,2.0,0.0,-1.0,nan,0,0,5,0,0,0,0,0,0,1771684935708000,nan,nan,0.0,0.0,0.0,0.0,nan,80.0,0.0,0.0,2.0,0.0,-1.0,nan,0,0,5,0,0,0,0,0,0,1771684935708000,nan,nan,0.0,0.0,0.0,0.0,nan,80.0,0.0,0.0,2.0,0.0,-1.0,nan,0,0,5,0,0,0,0,0
1771684935756000,1771684935756000,96,0,0,0,0,0,0,0,0,1771684935756000,nan,nan,0.0,0.0,0.0,0.0,nan,80.0,0.0,0.0,2.0,0.0,-1.0,nan,0,0,5,0,0,0,0,0,0,1771684935756000,nan,nan,0.0,0.0,0.0,0.0,nan,80.0,0.0,0.0,2.0,0.0,-1.0,nan,0,0,5,0,0,0,0,0,0,1771684935756000,nan,nan,0.0,0.0,0.0,0.0,nan,80.0,0.0,0.0,2.0,0.0,-1.0,nan,0,0,5,0,0,0,0,0
1771684935804000,1771684935804000,96,0,0,0,0,0,0,0,0,1771684935804000,nan,nan,0.0,0.0,0.0,0.0,nan,80.0,0.0,0.0,2.0,0.0,-1.0,nan,0,0,5,0,0,0,0,0,0,1771684935804000,nan,nan,0.0,0.0,0.0,0.0,nan,80.0,0.0,0.0,2.0,0.0,-1.0,nan,0,0,5,0,0,0,0,0,0,1771684935804000,nan,nan,0.0,0.0,0.0,0.0,nan,80.0,0.0,0.0,2.0,0.0,-1.0,nan,0,0,5,0,0,0,0,0
1771684935852000,1771684935852000,96,0,0,0,0,0,0,0,0,1771684935852000,nan,nan,0.0,0.0,0.0,0.0,nan,80.0,0.0,0.0,2.0,0.0,-1.0,nan,0,0,5,0,0,0,0,0,0,1771684935852000,nan,nan,0.0,0.0,0.0,0.0,nan,80.0,0.0,0.0,2.0,0.0,-1.0,nan,0,0,5,0,0,0,0,0,0,1771684935852000,nan,nan,0.0,0.0,0.0,0.0,nan,80.0,0.0,0.0,2.0,0.0,-1.0,nan,0,0,5,0,0,0,0,0
1771684935908000,1771684935908000,96,0,0,0,0,0,0,0,0,1771684935908000,nan,nan,0.0,0.0,0.0,0.0,nan,80.0,0.0,0.0,2.0,0.0,-1.0,nan,0,0,5,0,0,0,0,0,0,1771684935908000,nan,nan,0.0,0.0,0.0,0.0,nan,80.0,0.0,0.0,2.0,0.0,-1.0,nan,0,0,5,0,0,0,0,0,0,1771684935908000,nan,nan,0.0,0.0,0.0,0.0,nan,80.0,0.0,0.0,2.0,0.0,-1.0,nan,0,0,5,0,0,0,0,0
1771684935956000,1771684935956000,96,0,0,0,0,0,0,0,0,1771684935956000,nan,nan,0.0,0.0,0.0,0.0,nan,80.0,0.0,0.0,2.0,0.0,-1.0,nan,0,0,5,0,0,0,0,0,0,1771684935956000,nan,nan,0.0,0.0,0.0,0.0,nan,80.0,0.0,0.0,2.0,0.0,-1.0,nan,0,0,5,0,0,0,0,0,0,1771684935956000,nan,nan,0.0,0.0,0.0,0.0,nan,80.0,0.0,0.0,2.0,0.0,-1.0,nan,0,0,5,0,0,0,0,0
1771684936004000,1771684936004000,96,0,0,0,0,0,0,0,0,1771684936004000,nan,nan,0.0,0.0,0.0,0.0,nan,80.0,0.0,0.0,2.0,0.0,-1.0,nan,0,0,5,0,0,0,0,0,0,1771684936004000,nan,nan,0.0,0.0,0.0,0.0,nan,80.0,0.0,0.0,2.0,0.0,-1.0,nan,0,0,5,0,0,0,0,0,0,1771684936004000,nan,nan,0.0,0.0,0.0,0.0,nan,80.0,0.0,0.0,2.0,0.0,-1.0,nan,0,0,5,0,0,0,0,0
1771684936052000,1771684936052000,96,0,0,0,0,0,0,0,0,1771684936052000,nan,nan,0.0,0.0,0.0,0.0,nan,80.0,0.0,0.0,2.0,0.0,-1.0,nan,0,0,5,0,0,0,0,0,0,1771684936052000,nan,nan,0.0,0.0,0.0,0.0,nan,80.0,0.0,0.0,2.0,0.0,-1.0,nan,0,0,5,0,0,0,0,0,0,1771684936052000,nan,nan,0.0,0.0,0.0,0.0,nan,80.0,0.0,0.0,2.0,0.0,-1.0,nan,0,0,5,0,0,0,0,0
1771684936108000,1771684936108000,96,0,0,0,0,0,0,0,0,1771684936108000,nan,nan,0.0,0.0,0.0,0.0,nan,80.0,0.0,0.0,2.0,0.0,-1.0,nan,0,0,5,0,0,0,0,0,0,1771684936108000,nan,nan,0.0,0.0,0.0,0.0,nan,80.0,0.0,0.0,2.0,0.0,-1.0,nan,0,0,5,0,0,0,0,0,0,1771684936108000,nan,nan,0.0,0.0,0.0,0.0,nan,80.0,0.0,0.0,2.0,0.0,-1.0,nan,0,0,5,0,0,0,0,0
1771684936156000,1771684936156000,96,0,0,0,0,0,0,0,0,1771684936156000,nan,nan,0.0,0.0,0.0,0.0,nan,80.0,0.0,0.0,2.0,0.0,-1.0,nan,0,0,5,0,0,0,0,0,0,1771684936156000,nan,nan,0.0,0.0,0.0,0.0,nan,80.0,0.0,0.0,2.0,0.0,-1.0,nan,0,0,5,0,0,0,0,0,0,1771684936156000,nan,nan,0.0,0.0,0.0,0.0,nan,80.0,0.0,0.0,2.0,0.0,-1.0,nan,0,0,5,0,0,0,0,0
1771684936204000,1771684936204000,96,0,0,0,0,0,0,0,0,1771684936204000,nan,nan,0.0,0.0,0.0,0.0,nan,80.0,0.0,0.0,2.0,0.0,-1.0,nan,0,0,5,0,0,0,0,0,0,1771684936204000,nan,nan,0.0,0.0,0.0,0.0,nan,80.0,0.0,0.0,2.0,0.0,-1.0,nan,0,0,5,0,0,0,0,0,0,1771684936204000,nan,nan,0.0,0.0,0.0,0.0,nan,80.0,0.0,0.0,2.0,0.0,-1.0,nan,0,0,5,0,0,0,0,0
1771684936252000,1771684936252000,96,0,0,0,0,0,0,0,0,1771684936252000,nan,nan,0.0,0.0,0.0,0.0,nan,80.0,0.0,0.0,2.0,0.0,-1.0,nan,0,0,5,0,0,0,0,0,0,1771684936252000,nan,nan,0.0,0.0,0.0,0.0,nan,80.0,0.0,0.0,2.0,0.0,-1.0,nan,0,0,5,0,0,0,0,0,0,1771684936252000,nan,nan,0.0,0.0,0.0,0.0,nan,80.0,0.0,0.0,2.0,0.0,-1.0,nan,0,0,5,0,0,0,0,0
1771684936308000,1771684936308000,96,0,0,0,0,0,0,0,0,1771684936308000,nan,nan,0.0,0.0,0.0,0.0,nan,80.0,0.0,0.0,2.0,0.0,-1.0,nan,0,0,5,0,0,0,0,0,0,1771684936308000,nan,nan,0.0,0.0,0.0,0.0,nan,80.0,0.0,0.0,2.0,0.0,-1.0,nan,0,0,5,0,0,0,0,0,0,1771684936308000,nan,nan,0.0,0.0,0.0,0.0,nan,80.0,0.0,0.0,2.0,0.0,-1.0,nan,0,0,5,0,0,0,0,0
1771684936356000,1771684936356000,96,0,0,0,0,0,0,0,0,1771684936356000,nan,nan,0.0,0.0,0.0,0.0,nan,80.0,0.0,0.0,2.0,0.0,-1.0,nan,0,0,5,0,0,0,0,0,0,1771684936356000,nan,nan,0.0,0.0,0.0,0.0,nan,80.0,0.0,0.0,2.0,0.0,-1.0,nan,0,0,5,0,0,0,0,0,0,1771684936356000,nan,nan,0.0,0.0,0.0,0.0,nan,80.0,0.0,0.0,2.0,0.0,-1.0,nan,0,0,5,0,0,0,0,0
1771684936404000,1771684936404000,96,0,0,0,0,0,0,0,0,1771684936404000,nan,nan,0.0,0.0,0.0,0.0,nan,80.0,0.0,0.0,2.0,0.0,-1.0,nan,0,0,5,0,0,0,0,0,0,1771684936404000,nan,nan,0.0,0.0,0.0,0.0,nan,80.0,0.0,0.0,2.0,0.0,-1.0,nan,0,0,5,0,0,0,0,0,0,1771684936404000,nan,nan,0.0,0.0,0.0,0.0,nan,80.0,0.0,0.0,2.0,0.0,-1.0,nan,0,0,5,0,0,0,0,0
1771684936444000,1771684936444000,96,0,0,0,0,0,0,0,0,1771684936444000,nan,nan,0.0,0.0,0.0,0.0,nan,80.0,0.0,0.0,2.0,0.0,-1.0,nan,0,0,5,0,0,0,0,0,0,1771684936444000,nan,nan,0.0,0.0,0.0,0.0,nan,80.0,0.0,0.0,2.0,0.0,-1.0,nan,0,0,5,0,0,0,0,0,0,1771684936444000,nan,nan,0.0,0.0,0.0,0.0,nan,80.0,0.0,0.0,2.0,0.0,-1.0,nan,0,0,5,0,0,0,0,0
1771684936480000,1771684936480000,96,0,0,0,0,0,0,0,0,1771684936480000,nan,nan,0.0,0.0,0.0,0.0,nan,80.0,0.0,0.0,2.0,0.0,-1.0,nan,0,0,5,0,0,0,0,0,0,1771684936480000,47.39774206372968,8.545593855234099,0.0,0.0,0.0,559.59216,nan,80.0,0.0,0.0,2.0,nan,-1.0,nan,0,1,3,0,0,0,0,0,0,1771684936480000,47.397067,8.5438111,0.0,0.0,0.0,559.59216,nan,80.0,0.0,0.0,2.0,nan,-1.0,nan,0,1,0,0,0,0,0,0
1771684936532000,1771684936532000,96,0,0,0,0,0,0,0,0,1771684936480000,nan,nan,0.0,0.0,0.0,0.0,nan,80.0,0.0,0.0,2.0,0.0,-1.0,nan,0,0,5,0,0,0,0,0,0,1771684936480000,47.39774206372968,8.545593855234099,0.0,0.0,0.0,559.59216,nan,80.0,0.0,0.0,2.0,nan,-1.0,nan,0,1,3,0,0,0,0,0,0,1771684936480000,47.397067,8.5438111,0.0,0.0,0.0,559.59216,nan,80.0,0.0,0.0,2.0,nan,-1.0,nan,0,1,0,0,0,0,0,0
1771684971052000,1771684971052000,96,0,0,0,0,0,0,0,0,1771684936480000,47.39774206372968,8.545593855234099,0.0,0.0,0.0,559.59216,nan,80.0,0.0,0.0,2.0,nan,-1.0,nan,0,1,3,0,0,0,0,0,0,1771684971052000,47.397067,8.5438111,0.0,0.0,0.0,559.59216,nan,80.0,0.0,0.0,2.0,nan,-1.0,nan,0,1,0,0,0,0,0,0,0,1771684971052000,47.397926399999996,8.543536399999999,0.0,0.0,0.0,488.0012,nan,80.0,0.0,0.0,2.0,nan,-1.0,nan,0,1,4,0,0,0,0,0
1771685003764000,1771685003764000,96,0,0,0,0,0,0,0,0,1771684971052000,47.397067,8.5438111,0.0,0.0,0.0,559.59216,nan,80.0,0.0,0.0,2.0,nan,-1.0,nan,0,1,0,0,0,0,0,0,0,1771685003764000,47.397926399999996,8.543536399999999,0.0,0.0,0.0,559.59216,nan,80.0,0.0,0.0,2.0,nan,-1.0,nan,0,1,0,0,0,0,0,0,0,1771685003764000,47.397926399999996,8.543536399999999,0.0,0.0,0.0,488.0012,nan,80.0,0.0,0.0,2.0,nan,-1.0,nan,0,1,4,0,0,0,0,0
1771685026004000,1771685026004000,96,0,0,0,0,0,0,0,0,1771684971052000,47.397067,8.5438111,0.0,0.0,0.0,559.59216,nan,80.0,0.0,0.0,2.0,nan,-1.0,nan,0,1,0,0,0,0,0,0,0,1771685026004000,47.397926399999996,8.543536399999999,0.0,0.0,0.0,488.0012,nan,80.0,0.0,0.0,2.0,nan,-1.0,nan,0,1,4,0,0,0,0,0,0,1771685003764000,47.397926399999996,8.543536399999999,0.0,0.0,0.0,488.0012,nan,80.0,0.0,0.0,2.0,nan,-1.0,nan,0,0,4,0,0,0,0,0
1771685026048000,1771685026048000,96,0,0,0,0,0,0,0,0,1771685026048000,nan,nan,0.0,0.0,0.0,0.0,nan,80.0,0.0,0.0,2.0,0.0,-1.0,nan,0,0,5,0,0,0,0,0,0,1771685026048000,nan,nan,0.0,0.0,0.0,0.0,nan,80.0,0.0,0.0,2.0,0.0,-1.0,nan,0,0,5,0,0,0,0,0,0,1771685026048000,nan,nan,0.0,0.0,0.0,0.0,nan,80.0,0.0,0.0,2.0,0.0,-1.0,nan,0,0,5,0,0,0,0,0
1771685026060000,1771685026060000,96,0,0,0,0,0,0,0,0,1771685026048000,nan,nan,0.0,0.0,0.0,0.0,nan,80.0,0.0,0.0,2.0,0.0,-1.0,nan,0,0,5,0,0,0,0,0,0,1771685026060000,47.39790958376728,8.543542092669624,0.0,0.0,0.0,559.5824,-0.22080256,80.0,0.0,0.0,2.0,nan,-1.0,nan,0,1,2,0,0,0,0,0,0,1771685026048000,nan,nan,0.0,0.0,0.0,0.0,nan,80.0,0.0,0.0,2.0,0.0,-1.0,nan,0,0,5,0,0,0,0,0
1771685026116000,1771685026116000,96,0,0,0,0,0,0,0,0,1771685026048000,nan,nan,0.0,0.0,0.0,0.0,nan,80.0,0.0,0.0,2.0,0.0,-1.0,nan,0,0,5,0,0,0,0,0,0,1771685026116000,47.397742062497116,8.545593853764512,0.0,0.0,0.0,559.5824,nan,80.0,0.0,0.0,2.0,nan,-1.0,nan,0,1,0,0,0,0,0,0,0,1771685026048000,nan,nan,0.0,0.0,0.0,0.0,nan,80.0,0.0,0.0,2.0,0.0,-1.0,nan,0,0,5,0,0,0,0,0
1771685059924000,1771685059924000,96,0,0,0,0,0,0,0,0,1771685026048000,nan,nan,0.0,0.0,0.0,0.0,nan,80.0,0.0,0.0,2.0,0.0,-1.0,nan,0,0,5,0,0,0,0,0,0,1771685059924000,47.397742062497116,8.545593853764512,0.0,0.0,0.0,488.0012,0.008377327,80.0,0.0,0.0,2.0,nan,-1.0,nan,0,1,4,0,0,0,0,0,0,1771685026048000,nan,nan,0.0,0.0,0.0,0.0,nan,80.0,0.0,0.0,2.0,0.0,-1.0,nan,0,0,5,0,0,0,0,0
1771685118760000,1771685118760000,96,0,0,0,0,0,0,0,0,1771685118760000,nan,nan,0.0,0.0,0.0,0.0,nan,80.0,0.0,0.0,2.0,0.0,-1.0,nan,0,0,5,0,0,0,0,0,0,1771685118760000,nan,nan,0.0,0.0,0.0,0.0,nan,80.0,0.0,0.0,2.0,0.0,-1.0,nan,0,0,5,0,0,0,0,0,0,1771685118760000,nan,nan,0.0,0.0,0.0,0.0,nan,80.0,0.0,0.0,2.0,0.0,-1.0,nan,0,0,5,0,0,0,0,0
1771685118812000,1771685118812000,96,0,0,0,0,0,0,0,0,1771685118812000,nan,nan,0.0,0.0,0.0,0.0,nan,80.0,0.0,0.0,2.0,0.0,-1.0,nan,0,0,5,0,0,0,0,0,0,1771685118812000,nan,nan,0.0,0.0,0.0,0.0,nan,80.0,0.0,0.0,2.0,0.0,-1.0,nan,0,0,5,0,0,0,0,0,0,1771685118812000,nan,nan,0.0,0.0,0.0,0.0,nan,80.0,0.0,0.0,2.0,0.0,-1.0,nan,0,0,5,0,0,0,0,0
1771685118860000,1771685118860000,96,0,0,0,0,0,0,0,0,1771685118860000,nan,nan,0.0,0.0,0.0,0.0,nan,80.0,0.0,0.0,2.0,0.0,-1.0,nan,0,0,5,0,0,0,0,0,0,1771685118860000,nan,nan,0.0,0.0,0.0,0.0,nan,80.0,0.0,0.0,2.0,0.0,-1.0,nan,0,0,5,0,0,0,0,0,0,1771685118860000,nan,nan,0.0,0.0,0.0,0.0,nan,80.0,0.0,0.0,2.0,0.0,-1.0,nan,0,0,5,0,0,0,0,0
1771685118916000,1771685118916000,96,0,0,0,0,0,0,0,0,1771685118916000,nan,nan,0.0,0.0,0.0,0.0,nan,80.0,0.0,0.0,2.0,0.0,-1.0,nan,0,0,5,0,0,0,0,0,0,1771685118916000,nan,nan,0.0,0.0,0.0,0.0,nan,80.0,0.0,0.0,2.0,0.0,-1.0,nan,0,0,5,0,0,0,0,0,0,1771685118916000,nan,nan,0.0,0.0,0.0,0.0,nan,80.0,0.0,0.0,2.0,0.0,-1.0,nan,0,0,5,0,0,0,0,0
1771685118964000,1771685118964000,96,0,0,0,0,0,0,0,0,1771685118964000,nan,nan,0.0,0.0,0.0,0.0,nan,80.0,0.0,0.0,2.0,0.0,-1.0,nan,0,0,5,0,0,0,0,0,0,1771685118964000,nan,nan,0.0,0.0,0.0,0.0,nan,80.0,0.0,0.0,2.0,0.0,-1.0,nan,0,0,5,0,0,0,0,0,0,1771685118964000,nan,nan,0.0,0.0,0.0,0.0,nan,80.0,0.0,0.0,2.0,0.0,-1.0,nan,0,0,5,0,0,0,0,0
1771685119012000,1771685119012000,96,0,0,0,0,0,0,0,0,1771685119012000,nan,nan,0.0,0.0,0.0,0.0,nan,80.0,0.0,0.0,2.0,0.0,-1.0,nan,0,0,5,0,0,0,0,0,0,1771685119012000,nan,nan,0.0,0.0,0.0,0.0,nan,80.0,0.0,0.0,2.0,0.0,-1.0,nan,0,0,5,0,0,0,0,0,0,1771685119012000,nan,nan,0.0,0.0,0.0,0.0,nan,80.0,0.0,0.0,2.0,0.0,-1.0,nan,0,0,5,0,0,0,0,0
1771685119060000,1771685119060000,96,0,0,0,0,0,0,0,0,1771685119060000,nan,nan,0.0,0.0,0.0,0.0,nan,80.0,0.0,0.0,2.0,0.0,-1.0,nan,0,0,5,0,0,0,0,0,0,1771685119060000,nan,nan,0.0,0.0,0.0,0.0,nan,80.0,0.0,0.0,2.0,0.0,-1.0,nan,0,0,5,0,0,0,0,0,0,1771685119060000,nan,nan,0.0,0.0,0.0,0.0,nan,80.0,0.0,0.0,2.0,0.0,-1.0,nan,0,0,5,0,0,0,0,0
1771685119116000,1771685119116000,96,0,0,0,0,0,0,0,0,1771685119116000,nan,nan,0.0,0.0,0.0,0.0,nan,80.0,0.0,0.0,2.0,0.0,-1.0,nan,0,0,5,0,0,0,0,0,0,1771685119116000,nan,nan,0.0,0.0,0.0,0.0,nan,80.0,0.0,0.0,2.0,0.0,-1.0,nan,0,0,5,0,0,0,0,0,0,1771685119116000,nan,nan,0.0,0.0,0.0,0.0,nan,80.0,0.0,0.0,2.0,0.0,-1.0,nan,0,0,5,0,0,0,0,0
1771685119164000,1771685119164000,96,0,0,0,0,0,0,0,0,1771685119164000,nan,nan,0.0,0.0,0.0,0.0,nan,80.0,0.0,0.0,2.0,0.0,-1.0,nan,0,0,5,0,0,0,0,0,0,1771685119164000,nan,nan,0.0,0.0,0.0,0.0,nan,80.0,0.0,0.0,2.0,0.0,-1.0,nan,0,0,5,0,0,0,0,0,0,1771685119164000,nan,nan,0.0,0.0,0.0,0.0,nan,80.0,0.0,0.0,2.0,0.0,-1.0,nan,0,0,5,0,0,0,0,0
1771685119212000,1771685119212000,96,0,0,0,0,0,0,0,0,1771685119212000,nan,nan,0.0,0.0,0.0,0.0,nan,80.0,0.0,0.0,2.0,0.0,-1.0,nan,0,0,5,0,0,0,0,0,0,1771685119212000,nan,nan,0.0,0.0,0.0,0.0,nan,80.0,0.0,0.0,2.0,0.0,-1.0,nan,0,0,5,0,0,0,0,0,0,1771685119212000,nan,nan,0.0,0.0,0.0,0.0,nan,80.0,0.0,0.0,2.0,0.0,-1.0,nan,0,0,5,0,0,0,0,0
1771685119260000,1771685119260000,96,0,0,0,0,0,0,0,0,1771685119260000,nan,nan,0.0,0.0,0.0,0.0,nan,80.0,0.0,0.0,2.0,0.0,-1.0,nan,0,0,5,0,0,0,0,0,0,1771685119260000,nan,nan,0.0,0.0,0.0,0.0,nan,80.0,0.0,0.0,2.0,0.0,-1.0,nan,0,0,5,0,0,0,0,0,0,1771685119260000,nan,nan,0.0,0.0,0.0,0.0,nan,80.0,0.0,0.0,2.0,0.0,-1.0,nan,0,0,5,0,0,0,0,0
1771685119264000,1771685119264000,96,0,0,0,0,0,0,0,0,1771685119264000,nan,nan,0.0,0.0,0.0,0.0,nan,80.0,0.0,0.0,2.0,0.0,-1.0,nan,0,0,5,0,0,0,0,0,0,1771685119264000,nan,nan,0.0,0.0,0.0,0.0,nan,80.0,0.0,0.0,2.0,0.0,-1.0,nan,0,0,5,0,0,0,0,0,0,1771685119264000,nan,nan,0.0,0.0,0.0,0.0,nan,80.0,0.0,0.0,2.0,0.0,-1.0,nan,0,0,5,0,0,0,0,0
1771685119316000,1771685119316000,96,0,0,0,0,0,0,0,0,1771685119316000,nan,nan,0.0,0.0,0.0,0.0,nan,80.0,0.0,0.0,2.0,0.0,-1.0,nan,0,0,5,0,0,0,0,0,0,1771685119316000,nan,nan,0.0,0.0,0.0,0.0,nan,80.0,0.0,0.0,2.0,0.0,-1.0,nan,0,0,5,0,0,0,0,0,0,1771685119316000,nan,nan,0.0,0.0,0.0,0.0,nan,80.0,0.0,0.0,2.0,0.0,-1.0,nan,0,0,5,0,0,0,0,0
1771685119364000,1771685119364000,96,0,0,0,0,0,0,0,0,1771685119364000,nan,nan,0.0,0.0,0.0,0.0,nan,80.0,0.0,0.0,2.0,0.0,-1.0,nan,0,0,5,0,0,0,0,0,0,1771685119364000,nan,nan,0.0,0.0,0.0,0.0,nan,80.0,0.0,0.0,2.0,0.0,-1.0,nan,0,0,5,0,0,0,0,0,0,1771685119364000,nan,nan,0.0,0.0,0.0,0.0,nan,80.0,0.0,0.0,2.0,0.0,-1.0,nan,0,0,5,0,0,0,0,0
1771685119420000,1771685119420000,96,0,0,0,0,0,0,0,0,1771685119420000,nan,nan,0.0,0.0,0.0,0.0,nan,80.0,0.0,0.0,2.0,0.0,-1.0,nan,0,0,5,0,0,0,0,0,0,1771685119420000,nan,nan,0.0,0.0,0.0,0.0,nan,80.0,0.0,0.0,2.0,0.0,-1.0,nan,0,0,5,0,0,0,0,0,0,1771685119420000,nan,nan,0.0,0.0,0.0,0.0,nan,80.0,0.0,0.0,2.0,0.0,-1.0,nan,0,0,5,0,0,0,0,0
1771685119468000,1771685119468000,96,0,0,0,0,0,0,0,0,1771685119468000,nan,nan,0.0,0.0,0.0,0.0,nan,80.0,0.0,0.0,2.0,0.0,-1.0,nan,0,0,5,0,0,0,0,0,0,1771685119468000,nan,nan,0.0,0.0,0.0,0.0,nan,80.0,0.0,0.0,2.0,0.0,-1.0,nan,0,0,5,0,0,0,0,0,0,1771685119468000,nan,nan,0.0,0.0,0.0,0.0,nan,80.0,0.0,0.0,2.0,0.0,-1.0,nan,0,0,5,0,0,0,0,0
1771685119516000,1771685119516000,96,0,0,0,0,0,0,0,0,1771685119516000,nan,nan,0.0,0.0,0.0,0.0,nan,80.0,0.0,0.0,2.0,0.0,-1.0,nan,0,0,5,0,0,0,0,0,0,1771685119516000,nan,nan,0.0,0.0,0.0,0.0,nan,80.0,0.0,0.0,2.0,0.0,-1.0,nan,0,0,5,0,0,0,0,0,0,1771685119516000,nan,nan,0.0,0.0,0.0,0.0,nan,80.0,0.0,0.0,2.0,0.0,-1.0,nan,0,0,5,0,0,0,0,0
1771685119564000,1771685119564000,96,0,0,0,0,0,0,0,0,1771685119564000,nan,nan,0.0,0.0,0.0,0.0,nan,80.0,0.0,0.0,2.0,0.0,-1.0,nan,0,0,5,0,0,0,0,0,0,1771685119564000,nan,nan,0.0,0.0,0.0,0.0,nan,80.0,0.0,0.0,2.0,0.0,-1.0,nan,0,0,5,0,0,0,0,0,0,1771685119564000,nan,nan,0.0,0.0,0.0,0.0,nan,80.0,0.0,0.0,2.0,0.0,-1.0,nan,0,0,5,0,0,0,0,0
1771685119620000,1771685119620000,96,0,0,0,0,0,0,0,0,1771685119620000,nan,nan,0.0,0.0,0.0,0.0,nan,80.0,0.0,0.0,2.0,0.0,-1.0,nan,0,0,5,0,0,0,0,0,0,1771685119620000,nan,nan,0.0,0.0,0.0,0.0,nan,80.0,0.0,0.0,2.0,0.0,-1.0,nan,0,0,5,0,0,0,0,0,0,1771685119620000,nan,nan,0.0,0.0,0.0,0.0,nan,80.0,0.0,0.0,2.0,0.0,-1.0,nan,0,0,5,0,0,0,0,0
1771685119668000,1771685119668000,96,0,0,0,0,0,0,0,0,1771685119668000,nan,nan,0.0,0.0,0.0,0.0,nan,80.0,0.0,0.0,2.0,0.0,-1.0,nan,0,0,5,0,0,0,0,0,0,1771685119668000,nan,nan,0.0,0.0,0.0,0.0,nan,80.0,0.0,0.0,2.0,0.0,-1.0,nan,0,0,5,0,0,0,0,0,0,1771685119668000,nan,nan,0.0,0.0,0.0,0.0,nan,80.0,0.0,0.0,2.0,0.0,-1.0,nan,0,0,5,0,0,0,0,0
1771685119716000,1771685119716000,96,0,0,0,0,0,0,0,0,1771685119716000,nan,nan,0.0,0.0,0.0,0.0,nan,80.0,0.0,0.0,2.0,0.0,-1.0,nan,0,0,5,0,0,0,0,0,0,1771685119716000,nan,nan,0.0,0.0,0.0,0.0,nan,80.0,0.0,0.0,2.0,0.0,-1.0,nan,0,0,5,0,0,0,0,0,0,1771685119716000,nan,nan,0.0,0.0,0.0,0.0,nan,80.0,0.0,0.0,2.0,0.0,-1.0,nan,0,0,5,0,0,0,0,0
