timestamp,pub_timestamp,armed_time,takeoff_time,nav_state_timestamp,valid_nav_states_mask,can_set_nav_states_mask,failure_detector_status,publisher_id,arming_state,latest_arming_reason,latest_disarming_reason,nav_state_user_intention,nav_state,executor_in_charge,hil_state,vehicle_type,failsafe,failsafe_and_user_took_over,failsafe_defer_state,gcs_connection_lost,gcs_connection_lost_counter,high_latency_data_link_lost,is_vtol,is_vtol_tailsitter,in_transition_mode,in_transition_to_fw,system_type,system_id,component_id,safety_button_available,safety_off,power_input_valid,usb_connected,open_drone_id_system_present,open_drone_id_system_healthy,parachute_system_present,parachute_system_healthy,rc_calibration_in_progress,calibration_enabled,pre_flight_checks_pass
1771684924612000,1771684924612000,0,0,1771684919620000,2147411071,8307839,0,93,1,0,0,4,4,0,0,1,0,0,0,0,0,0,0,0,0,0,2,1,1,1,1,1,0,0,0,0,0,0,0,0
1771684925116000,1771684925116000,0,0,1771684919620000,2147411071,8307839,0,93,1,0,0,4,4,0,0,1,0,0,0,0,0,0,0,0,0,0,2,1,1,1,1,1,0,0,0,0,0,0,0,0
1771684925620000,1771684925620000,0,0,1771684919620000,2147411071,8307839,0,93,1,0,0,4,4,0,0,1,0,0,0,0,0,0,0,0,0,0,2,1,1,1,1,1,0,0,0,0,0,0,0,0
1771684926124000,1771684926124000,0,0,1771684919620000,2147411071,8307839,0,93,1,0,0,4,4,0,0,1,0,0,0,0,0,0,0,0,0,0,2,1,1,1,1,1,0,0,0,0,0,0,0,0
1771684926628000,1771684926628000,0,0,1771684919620000,2147411071,8307839,0,93,1,0,0,4,4,0,0,1,0,0,0,0,0,0,0,0,0,0,2,1,1,1,1,1,0,0,0,0,0,0,0,0
1771684927132000,1771684927132000,0,0,1771684919620000,2147411071,8307839,0,93,1,0,0,4,4,0,0,1,0,0,0,0,0,0,0,0,0,0,2,1,1,1,1,1,0,0,0,0,0,0,0,0
1771684927636000,1771684927636000,0,0,1771684919620000,2147411071,8307839,0,93,1,0,0,4,4,0,0,1,0,0,0,0,0,0,0,0,0,0,2,1,1,1,1,1,0,0,0,0,0,0,0,0
1771684928140000,1771684928140000,0,0,1771684919620000,2147411071,8307839,0,93,1,0,0,4,4,0,0,1,0,0,0,0,0,0,0,0,0,0,2,1,1,1,1,1,0,0,0,0,0,0,0,0
1771684928644000,1771684928644000,0,0,1771684919620000,2147411071,8307839,0,93,1,0,0,4,4,0,0,1,0,0,0,0,0,0,0,0,0,0,2,1,1,1,1,1,0,0,0,0,0,0,0,0
1771684929148000,1771684929148000,0,0,1771684919620000,2147411071,8307839,0,93,1,0,0,4,4,0,0,1,0,0,0,0,0,0,0,0,0,0,2,1,1,1,1,1,0,0,0,0,0,0,0,0
1771684929472000,1771684929472000,0,0,1771684919620000,2147411071,8307839,0,93,1,0,0,4,4,0,0,1,0,0,0,0,0,0,0,0,0,0,2,1,1,1,1,1,0,0,0,0,0,0,0,1
1771684929604000,1771684929604000,0,0,1771684919620000,2147411071,8307839,0,93,1,0,0,4,4,0,0,1,0,0,0,0,0,0,0,0,0,0,2,1,1,1,1,1,0,0,0,0,0,0,0,1
1771684930108000,1771684930108000,0,0,1771684919620000,2147411071,8307839,0,93,1,0,0,4,4,0,0,1,0,0,0,0,0,0,0,0,0,0,2,1,1,1,1,1,0,0,0,0,0,0,0,1
1771684930612000,1771684930612000,0,0,1771684919620000,2147411071,8307839,0,93,1,0,0,4,4,0,0,1,0,0,0,0,0,0,0,0,0,0,2,1,1,1,1,1,0,0,0,0,0,0,0,1
1771684931116000,1771684931116000,0,0,1771684919620000,2147411071,8307839,0,93,1,0,0,4,4,0,0,1,0,0,0,0,0,0,0,0,0,0,2,1,1,1,1,1,0,0,0,0,0,0,0,1
1771684931620000,1771684931620000,0,0,1771684919620000,2147411071,8307839,0,93,1,0,0,4,4,0,0,1,0,0,0,0,0,0,0,0,0,0,2,1,1,1,1,1,0,0,0,0,0,0,0,1
1771684932124000,1771684932124000,0,0,1771684919620000,2147411071,8307839,0,93,1,0,0,4,4,0,0,1,0,0,0,0,0,0,0,0,0,0,2,1,1,1,1,1,0,0,0,0,0,0,0,1
1771684932628000,1771684932628000,0,0,1771684919620000,2147411071,8307839,0,93,1,0,0,4,4,0,0,1,0,0,0,0,0,0,0,0,0,0,2,1,1,1,1,1,0,0,0,0,0,0,0,1
1771684933132000,1771684933132000,0,0,1771684919620000,2147411071,8307839,0,93,1,0,0,4,4,0,0,1,0,0,0,0,0,0,0,0,0,0,2,1,1,1,1,1,0,0,0,0,0,0,0,1
1771684933636000,1771684933636000,0,0,1771684919620000,2147411071,8307839,0,93,1,0,0,4,4,0,0,1,0,0,0,0,0,0,0,0,0,0,2,1,1,1,1,1,0,0,0,0,0,0,0,1
1771684934140000,1771684934140000,0,0,1771684919620000,2147411071,8307839,0,93,1,0,0,4,4,0,0,1,0,0,0,0,0,0,0,0,0,0,2,1,1,1,1,1,0,0,0,0,0,0,0,1
1771684934644000,1771684934644000,0,0,1771684919620000,2147411071,8307839,0,93,1,0,0,4,4,0,0,1,0,0,0,0,0,0,0,0,0,0,2,1,1,1,1,1,0,0,0,0,0,0,0,1
1771684935148000,1771684935148000,0,0,1771684919620000,2147411071,8307839,0,93,1,0,0,4,4,0,0,1,0,0,0,0,0,0,0,0,0,0,2,1,1,1,1,1,0,0,0,0,0,0,0,1
1771684935652000,1771684935652000,0,0,1771684919620000,2147411071,8307839,0,93,1,0,0,4,4,0,0,1,0,0,0,0,0,0,0,0,0,0,2,1,1,1,1,1,0,0,0,0,0,0,0,1
1771684936156000,1771684936156000,0,0,1771684919620000,2147411071,8307839,0,93,1,0,0,4,4,0,0,1,0,0,0,0,0,0,0,0,0,0,2,1,1,1,1,1,0,0,0,0,0,0,0,1
1771684936444000,1771684936444000,1771684936444000,0,1771684919620000,2147411071,8307839,0,93,2,4,0,4,4,0,0,1,0,0,0,0,0,0,0,0,0,0,2,1,1,1,1,1,0,0,0,0,0,0,0,1
1771684936468000,1771684936468000,1771684936444000,0,1771684919620000,2147411071,8307839,0,93,2,4,0,4,4,0,0,1,0,0,0,0,0,0,0,0,0,0,2,1,1,1,1,1,0,0,0,0,0,0,0,1
1771684936480000,1771684936480000,1771684936444000,0,1771684936480000,2147411071,8307839,0,93,2,4,0,3,3,0,0,1,0,0,0,0,0,0,0,0,0,0,2,1,1,1,1,1,0,0,0,0,0,0,0,1
1771684936984000,1771684936984000,1771684936444000,0,1771684936480000,2147411071,8307839,0,93,2,4,0,3,3,0,0,1,0,0,0,0,0,0,0,0,0,0,2,1,1,1,1,1,0,0,0,0,0,0,0,1
1771684937488000,1771684937488000,1771684936444000,0,1771684936480000,2147411071,8307839,0,93,2,4,0,3,3,0,0,1,0,0,0,0,0,0,0,0,0,0,2,1,1,1,1,1,0,0,0,0,0,0,0,1
1771684937992000,1771684937992000,1771684936444000,0,1771684936480000,2147411071,8307839,0,93,2,4,0,3,3,0,0,1,0,0,0,0,0,0,0,0,0,0,2,1,1,1,1,1,0,0,0,0,0,0,0,1
1771684938496000,1771684938496000,1771684936444000,1771684938256000,1771684936480000,2147411071,8307839,0,93,2,4,0,3,3,0,0,1,0,0,0,0,0,0,0,0,0,0,2,1,1,1,1,1,0,0,0,0,0,0,0,1
1771684939000000,1771684939000000,1771684936444000,1771684938256000,1771684936480000,2147411071,8307839,0,93,2,4,0,3,3,0,0,1,0,0,0,0,0,0,0,0,0,0,2,1,1,1,1,1,0,0,0,0,0,0,0,1
1771684939504000,1771684939504000,1771684936444000,1771684938256000,1771684936480000,2147411071,8307839,0,93,2,4,0,3,3,0,0,1,0,0,0,0,0,0,0,0,0,0,2,1,1,1,1,1,0,0,0,0,0,0,0,1
1771684940008000,1771684940008000,1771684936444000,1771684938256000,1771684936480000,2147411071,8307839,0,93,2,4,0,3,3,0,0,1,0,0,0,0,0,0,0,0,0,0,2,1,1,1,1,1,0,0,0,0,0,0,0,1
1771684940512000,1771684940512000,1771684936444000,1771684938256000,1771684936480000,2147411071,8307839,0,93,2,4,0,3,3,0,0,1,0,0,0,0,0,0,0,0,0,0,2,1,1,1,1,1,0,0,0,0,0,0,0,1
1771684941016000,1771684941016000,1771684936444000,1771684938256000,1771684936480000,2147411071,8307839,0,93,2,4,0,3,3,0,0,1,0,0,0,0,0,0,0,0,0,0,2,1,1,1,1,1,0,0,0,0,0,0,0,1
1771684941520000,1771684941520000,1771684936444000,1771684938256000,1771684936480000,2147411071,8307839,0,93,2,4,0,3,3,0,0,1,0,0,0,0,0,0,0,0,0,0,2,1,1,1,1,1,0,0,0,0,0,0,0,1
1771684942024000,1771684942024000,1771684936444000,1771684938256000,1771684936480000,2147411071,8307839,0,93,2,4,0,3,3,0,0,1,0,0,0,0,0,0,0,0,0,0,2,1,1,1,1,1,0,0,0,0,0,0,0,1
1771684942528000,1771684942528000,1771684936444000,1771684938256000,1771684936480000,2147411071,8307839,0,93,2,4,0,3,3,0,0,1,0,0,0,0,0,0,0,0,0,0,2,1,1,1,1,1,0,0,0,0,0,0,0,1
1771684943032000,1771684943032000,1771684936444000,1771684938256000,1771684936480000,2147411071,8307839,0,93,2,4,0,3,3,0,0,1,0,0,0,0,0,0,0,0,0,0,2,1,1,1,1,1,0,0,0,0,0,0,0,1
1771684943536000,1771684943536000,1771684936444000,1771684938256000,1771684936480000,2147411071,8307839,0,93,2,4,0,3,3,0,0,1,0,0,0,0,0,0,0,0,0,0,2,1,1,1,1,1,0,0,0,0,0,0,0,1
1771684944040000,1771684944040000,1771684936444000,1771684938256000,1771684936480000,2147411071,8307839,0,93,2,4,0,3,3,0,0,1,0,0,0,0,0,0,0,0,0,0,2,1,1,1,1,1,0,0,0,0,0,0,0,1
1771684944544000,1771684944544000,1771684936444000,1771684938256000,1771684936480000,2147411071,8307839,0,93,2,4,0,3,3,0,0,1,0,0,0,0,0,0,0,0,0,0,2,1,1,1,1,1,0,0,0,0,0,0,0,1
1771684945048000,1771684945048000,1771684936444000,1771684938256000,1771684936480000,2147411071,8307839,0,93,2,4,0,3,3,0,0,1,0,0,0,0,0,0,0,0,0,0,2,1,1,1,1,1,0,0,0,0,0,0,0,1
1771684945552000,1771684945552000,1771684936444000,1771684938256000,1771684936480000,2147411071,8307839,0,93,2,4,0,3,3,0,0,1,0,0,0,0,0,0,0,0,0,0,2,1,1,1,1,1,0,0,0,0,0,0,0,1
1771684946056000,1771684946056000,1771684936444000,1771684938256000,1771684936480000,2147411071,8307839,0,93,2,4,0,3,3,0,0,1,0,0,0,0,0,0,0,0,0,0,2,1,1,1,1,1,0,0,0,0,0,0,0,1
1771684946560000,1771684946560000,1771684936444000,1771684938256000,1771684936480000,2147411071,8307839,0,93,2,4,0,3,3,0,0,1,0,0,0,0,0,0,0,0,0,0,2,1,1,1,1,1,0,0,0,0,0,0,0,1
1771684947064000,1771684947064000,1771684936444000,1771684938256000,1771684936480000,2147411071,8307839,0,93,2,4,0,3,3,0,0,1,0,0,0,0,0,0,0,0,0,0,2,1,1,1,1,1,0,0,0,0,0,0,0,1
1771684947568000,1771684947568000,1771684936444000,1771684938256000,1771684936480000,2147411071,8307839,0,93,2,4,0,3,3,0,0,1,0,0,0,0,0,0,0,0,0,0,2,1,1,1,1,1,0,0,0,0,0,0,0,1
1771684948072000,1771684948072000,1771684936444000,1771684938256000,1771684936480000,2147411071,8307839,0,93,2,4,0,3,3,0,0,1,0,0,0,0,0,0,0,0,0,0,2,1,1,1,1,1,0,0,0,0,0,0,0,1
1771684948576000,1771684948576000,1771684936444000,1771684938256000,1771684936480000,2147411071,8307839,0,93,2,4,0,3,3,0,0,1,0,0,0,0,0,0,0,0,0,0,2,1,1,1,1,1,0,0,0,0,0,0,0,1
1771684949080000,1771684949080000,1771684936444000,1771684938256000,1771684936480000,2147411071,8307839,0,93,2,4,0,3,3,0,0,1,0,0,0,0,0,0,0,0,0,0,2,1,1,1,1,1,0,0,0,0,0,0,0,1
1771684949584000,1771684949584000,1771684936444000,1771684938256000,1771684936480000,2147411071,8307839,0,93,2,4,0,3,3,0,0,1,0,0,0,0,0,0,0,0,0,0,2,1,1,1,1,1,0,0,0,0,0,0,0,1
1771684950088000,1771684950088000,1771684936444000,1771684938256000,1771684936480000,2147411071,8307839,0,93,2,4,0,3,3,0,0,1,0,0,0,0,0,0,0,0,0,0,2,1,1,1,1,1,0,0,0,0,0,0,0,1
1771684950592000,1771684950592000,1771684936444000,1771684938256000,1771684936480000,2147411071,8307839,0,93,2,4,0,3,3,0,0,1,0,0,0,0,0,0,0,0,0,0,2,1,1,1,1,1,0,0,0,0,0,0,0,1
1771684951096000,1771684951096000,1771684936444000,1771684938256000,1771684936480000,2147411071,8307839,0,93,2,4,0,3,3,0,0,1,0,0,0,0,0,0,0,0,0,0,2,1,1,1,1,1,0,0,0,0,0,0,0,1
1771684951600000,1771684951600000,1771684936444000,1771684938256000,1771684936480000,2147411071,8307839,0,93,2,4,0,3,3,0,0,1,0,0,0,0,0,0,0,0,0,0,2,1,1,1,1,1,0,0,0,0,0,0,0,1
1771684952104000,1771684952104000,1771684936444000,1771684938256000,1771684936480000,2147411071,8307839,0,93,2,4,0,3,3,0,0,1,0,0,0,0,0,0,0,0,0,0,2,1,1,1,1,1,0,0,0,0,0,0,0,1
1771684952608000,1771684952608000,1771684936444000,1771684938256000,1771684936480000,2147411071,8307839,0,93,2,4,0,3,3,0,0,1,0,0,0,0,0,0,0,0,0,0,2,1,1,1,1,1,0,0,0,0,0,0,0,1
1771684953112000,1771684953112000,1771684936444000,1771684938256000,1771684936480000,2147411071,8307839,0,93,2,4,0,3,3,0,0,1,0,0,0,0,0,0,0,0,0,0,2,1,1,1,1,1,0,0,0,0,0,0,0,1
1771684953616000,1771684953616000,1771684936444000,1771684938256000,1771684936480000,2147411071,8307839,0,93,2,4,0,3,3,0,0,1,0,0,0,0,0,0,0,0,0,0,2,1,1,1,1,1,0,0,0,0,0,0,0,1
1771684954120000,1771684954120000,1771684936444000,1771684938256000,1771684936480000,2147411071,8307839,0,93,2,4,0,3,3,0,0,1,0,0,0,0,0,0,0,0,0,0,2,1,1,1,1,1,0,0,0,0,0,0,0,1
1771684954624000,1771684954624000,1771684936444000,1771684938256000,1771684936480000,2147411071,8307839,0,93,2,4,0,3,3,0,0,1,0,0,0,0,0,0,0,0,0,0,2,1,1,1,1,1,0,0,0,0,0,0,0,1
1771684955128000,1771684955128000,1771684936444000,1771684938256000,1771684936480000,2147411071,8307839,0,93,2,4,0,3,3,0,0,1,0,0,0,0,0,0,0,0,0,0,2,1,1,1,1,1,0,0,0,0,0,0,0,1
1771684955632000,1771684955632000,1771684936444000,1771684938256000,1771684936480000,2147411071,8307839,0,93,2,4,0,3,3,0,0,1,0,0,0,0,0,0,0,0,0,0,2,1,1,1,1,1,0,0,0,0,0,0,0,1
1771684956136000,1771684956136000,1771684936444000,1771684938256000,1771684936480000,2147411071,8307839,0,93,2,4,0,3,3,0,0,1,0,0,0,0,0,0,0,0,0,0,2,1,1,1,1,1,0,0,0,0,0,0,0,1
1771684956640000,1771684956640000,1771684936444000,1771684938256000,1771684936480000,2147411071,8307839,0,93,2,4,0,3,3,0,0,1,0,0,0,0,0,0,0,0,0,0,2,1,1,1,1,1,0,0,0,0,0,0,0,1
1771684957144000,1771684957144000,1771684936444000,1771684938256000,1771684936480000,2147411071,8307839,0,93,2,4,0,3,3,0,0,1,0,0,0,0,0,0,0,0,0,0,2,1,1,1,1,1,0,0,0,0,0,0,0,1
1771684957648000,1771684957648000,1771684936444000,1771684938256000,1771684936480000,2147411071,8307839,0,93,2,4,0,3,3,0,0,1,0,0,0,0,0,0,0,0,0,0,2,1,1,1,1,1,0,0,0,0,0,0,0,1
1771684958152000,1771684958152000,1771684936444000,1771684938256000,1771684936480000,2147411071,8307839,0,93,2,4,0,3,3,0,0,1,0,0,0,0,0,0,0,0,0,0,2,1,1,1,1,1,0,0,0,0,0,0,0,1
1771684958656000,1771684958656000,1771684936444000,1771684938256000,1771684936480000,2147411071,8307839,0,93,2,4,0,3,3,0,0,1,0,0,0,0,0,0,0,0,0,0,2,1,1,1,1,1,0,0,0,0,0,0,0,1
1771684959160000,1771684959160000,1771684936444000,1771684938256000,1771684936480000,2147411071,8307839,0,93,2,4,0,3,3,0,0,1,0,0,0,0,0,0,0,0,0,0,2,1,1,1,1,1,0,0,0,0,0,0,0,1
1771684959664000,1771684959664000,1771684936444000,1771684938256000,1771684936480000,2147411071,8307839,0,93,2,4,0,3,3,0,0,1,0,0,0,0,0,0,0,0,0,0,2,1,1,1,1,1,0,0,0,0,0,0,0,1
1771684960168000,1771684960168000,1771684936444000,1771684938256000,1771684936480000,2147411071,8307839,0,93,2,4,0,3,3,0,0,1,0,0,0,0,0,0,0,0,0,0,2,1,1,1,1,1,0,0,0,0,0,0,0,1
1771684960672000,1771684960672000,1771684936444000,1771684938256000,1771684936480000,2147411071,8307839,0,93,2,4,0,3,3,0,0,1,0,0,0,0,0,0,0,0,0,0,2,1,1,1,1,1,0,0,0,0,0,0,0,1
1771684961176000,1771684961176000,1771684936444000,1771684938256000,1771684936480000,2147411071,8307839,0,93,2,4,0,3,3,0,0,1,0,0,0,0,0,0,0,0,0,0,2,1,1,1,1,1,0,0,0,0,0,0,0,1
1771684961680000,1771684961680000,1771684936444000,1771684938256000,1771684936480000,2147411071,8307839,0,93,2,4,0,3,3,0,0,1,0,0,0,0,0,0,0,0,0,0,2,1,1,1,1,1,0,0,0,0,0,0,0,1
1771684962184000,1771684962184000,1771684936444000,1771684938256000,1771684936480000,2147411071,8307839,0,93,2,4,0,3,3,0,0,1,0,0,0,0,0,0,0,0,0,0,2,1,1,1,1,1,0,0,0,0,0,0,0,1
1771684962688000,1771684962688000,1771684936444000,1771684938256000,1771684936480000,2147411071,8307839,0,93,2,4,0,3,3,0,0,1,0,0,0,0,0,0,0,0,0,0,2,1,1,1,1,1,0,0,0,0,0,0,0,1
1771684963192000,1771684963192000,1771684936444000,1771684938256000,1771684936480000,2147411071,8307839,0,93,2,4,0,3,3,0,0,1,0,0,0,0,0,0,0,0,0,0,2,1,1,1,1,1,0,0,0,0,0,0,0,1
1771684963696000,1771684963696000,1771684936444000,1771684938256000,1771684936480000,2147411071,8307839,0,93,2,4,0,3,3,0,0,1,0,0,0,0,0,0,0,0,0,0,2,1,1,1,1,1,0,0,0,0,0,0,0,1
1771684964200000,1771684964200000,1771684936444000,1771684938256000,1771684936480000,2147411071,8307839,0,93,2,4,0,3,3,0,0,1,0,0,0,0,0,0,0,0,0,0,2,1,1,1,1,1,0,0,0,0,0,0,0,1
1771684964704000,1771684964704000,1771684936444000,1771684938256000,1771684936480000,2147411071,8307839,0,93,2,4,0,3,3,0,0,1,0,0,0,0,0,0,0,0,0,0,2,1,1,1,1,1,0,0,0,0,0,0,0,1
1771684965208000,1771684965208000,1771684936444000,1771684938256000,1771684936480000,2147411071,8307839,0,93,2,4,0,3,3,0,0,1,0,0,0,0,0,0,0,0,0,0,2,1,1,1,1,1,0,0,0,0,0,0,0,1
1771684965712000,1771684965712000,1771684936444000,1771684938256000,1771684936480000,2147411071,8307839,0,93,2,4,0,3,3,0,0,1,0,0,0,0,0,0,0,0,0,0,2,1,1,1,1,1,0,0,0,0,0,0,0,1
1771684966216000,1771684966216000,1771684936444000,1771684938256000,1771684936480000,2147411071,8307839,0,93,2,4,0,3,3,0,0,1,0,0,0,0,0,0,0,0,0,0,2,1,1,1,1,1,0,0,0,0,0,0,0,1
1771684966720000,1771684966720000,1771684936444000,1771684938256000,1771684936480000,2147411071,8307839,0,93,2,4,0,3,3,0,0,1,0,0,0,0,0,0,0,0,0,0,2,1,1,1,1,1,0,0,0,0,0,0,0,1
1771684967224000,1771684967224000,1771684936444000,1771684938256000,1771684936480000,2147411071,8307839,0,93,2,4,0,3,3,0,0,1,0,0,0,0,0,0,0,0,0,0,2,1,1,1,1,1,0,0,0,0,0,0,0,1
1771684967728000,1771684967728000,1771684936444000,1771684938256000,1771684936480000,2147411071,8307839,0,93,2,4,0,3,3,0,0,1,0,0,0,0,0,0,0,0,0,0,2,1,1,1,1,1,0,0,0,0,0,0,0,1
1771684968232000,1771684968232000,1771684936444000,1771684938256000,1771684936480000,2147411071,8307839,0,93,2,4,0,3,3,0,0,1,0,0,0,0,0,0,0,0,0,0,2,1,1,1,1,1,0,0,0,0,0,0,0,1
1771684968736000,1771684968736000,1771684936444000,1771684938256000,1771684936480000,2147411071,8307839,0,93,2,4,0,3,3,0,0,1,0,0,0,0,0,0,0,0,0,0,2,1,1,1,1,1,0,0,0,0,0,0,0,1
1771684969240000,1771684969240000,1771684936444000,1771684938256000,1771684936480000,2147411071,8307839,0,93,2,4,0,3,3,0,0,1,0,0,0,0,0,0,0,0,0,0,2,1,1,1,1,1,0,0,0,0,0,0,0,1
1771684969744000,1771684969744000,1771684936444000,1771684938256000,1771684936480000,2147411071,8307839,0,93,2,4,0,3,3,0,0,1,0,0,0,0,0,0,0,0,0,0,2,1,1,1,1,1,0,0,0,0,0,0,0,1
1771684970248000,1771684970248000,1771684936444000,1771684938256000,1771684936480000,2147411071,8307839,0,93,2,4,0,3,3,0,0,1,0,0,0,0,0,0,0,0,0,0,2,1,1,1,1,1,0,0,0,0,0,0,0,1
1771684970752000,1771684970752000,1771684936444000,1771684938256000,1771684936480000,2147411071,8307839,0,93,2,4,0,3,3,0,0,1,0,0,0,0,0,0,0,0,0,0,2,1,1,1,1,1,0,0,0,0,0,0,0,1
1771684971256000,1771684971256000,1771684936444000,1771684938256000,1771684936480000,2147411071,8307839,0,93,2,4,0,3,3,0,0,1,0,0,0,0,0,0,0,0,0,0,2,1,1,1,1,1,0,0,0,0,0,0,0,1
1771684971760000,1771684971760000,1771684936444000,1771684938256000,1771684936480000,2147411071,8307839,0,93,2,4,0,3,3,0,0,1,0,0,0,0,0,0,0,0,0,0,2,1,1,1,1,1,0,0,0,0,0,0,0,1
1771684972264000,1771684972264000,1771684936444000,1771684938256000,1771684936480000,2147411071,8307839,0,93,2,4,0,3,3,0,0,1,0,0,0,0,0,0,0,0,0,0,2,1,1,1,1,1,0,0,0,0,0,0,0,1
1771684972768000,1771684972768000,1771684936444000,1771684938256000,1771684936480000,2147411071,8307839,0,93,2,4,0,3,3,0,0,1,0,0,0,0,0,0,0,0,0,0,2,1,1,1,1,1,0,0,0,0,0,0,0,1
1771684973272000,1771684973272000,1771684936444000,1771684938256000,1771684936480000,2147411071,8307839,0,93,2,4,0,3,3,0,0,1,0,0,0,0,0,0,0,0,0,0,2,1,1,1,1,1,0,0,0,0,0,0,0,1
1771684973776000,1771684973776000,1771684936444000,1771684938256000,1771684936480000,2147411071,8307839,0,93,2,4,0,3,3,0,0,1,0,0,0,0,0,0,0,0,0,0,2,1,1,1,1,1,0,0,0,0,0,0,0,1
1771684974280000,1771684974280000,1771684936444000,1771684938256000,1771684936480000,2147411071,8307839,0,93,2,4,0,3,3,0,0,1,0,0,0,0,0,0,0,0,0,0,2,1,1,1,1,1,0,0,0,0,0,0,0,1
1771684974784000,1771684974784000,1771684936444000,1771684938256000,1771684936480000,2147411071,8307839,0,93,2,4,0,3,3,0,0,1,0,0,0,0,0,0,0,0,0,0,2,1,1,1,1,1,0,0,0,0,0,0,0,1
1771684975288000,1771684975288000,1771684936444000,1771684938256000,1771684936480000,2147411071,8307839,0,93,2,4,0,3,3,0,0,1,0,0,0,0,0,0,0,0,0,0,2,1,1,1,1,1,0,0,0,0,0,0,0,1
1771684975792000,1771684975792000,1771684936444000,1771684938256000,1771684936480000,2147411071,8307839,0,93,2,4,0,3,3,0,0,1,0,0,0,0,0,0,0,0,0,0,2,1,1,1,1,1,0,0,0,0,0,0,0,1
1771684976296000,1771684976296000,1771684936444000,1771684938256000,1771684936480000,2147411071,8307839,0,93,2,4,0,3,3,0,0,1,0,0,0,0,0,0,0,0,0,0,2,1,1,1,1,1,0,0,0,0,0,0,0,1
1771684976800000,1771684976800000,1771684936444000,1771684938256000,1771684936480000,2147411071,8307839,0,93,2,4,0,3,3,0,0,1,0,0,0,0,0,0,0,0,0,0,2,1,1,1,1,1,0,0,0,0,0,0,0,1
1771684977304000,1771684977304000,1771684936444000,1771684938256000,1771684936480000,2147411071,8307839,0,93,2,4,0,3,3,0,0,1,0,0,0,0,0,0,0,0,0,0,2,1,1,1,1,1,0,0,0,0,0,0,0,1
1771684977808000,1771684977808000,1771684936444000,1771684938256000,1771684936480000,2147411071,8307839,0,93,2,4,0,3,3,0,0,1,0,0,0,0,0,0,0,0,0,0,2,1,1,1,1,1,0,0,0,0,0,0,0,1
1771684978312000,1771684978312000,1771684936444000,1771684938256000,1771684936480000,2147411071,8307839,0,93,2,4,0,3,3,0,0,1,0,0,0,0,0,0,0,0,0,0,2,1,1,1,1,1,0,0,0,0,0,0,0,1
1771684978816000,1771684978816000,1771684936444000,1771684938256000,1771684936480000,2147411071,8307839,0,93,2,4,0,3,3,0,0,1,0,0,0,0,0,0,0,0,0,0,2,1,1,1,1,1,0,0,0,0,0,0,0,1
1771684979320000,1771684979320000,1771684936444000,1771684938256000,1771684936480000,2147411071,8307839,0,93,2,4,0,3,3,0,0,1,0,0,0,0,0,0,0,0,0,0,2,1,1,1,1,1,0,0,0,0,0,0,0,1
1771684979824000,1771684979824000,1771684936444000,1771684938256000,1771684936480000,2147411071,8307839,0,93,2,4,0,3,3,0,0,1,0,0,0,0,0,0,0,0,0,0,2,1,1,1,1,1,0,0,0,0,0,0,0,1
1771684980328000,1771684980328000,1771684936444000,1771684938256000,1771684936480000,2147411071,8307839,0,93,2,4,0,3,3,0,0,1,0,0,0,0,0,0,0,0,0,0,2,1,1,1,1,1,0,0,0,0,0,0,0,1
1771684980832000,1771684980832000,1771684936444000,1771684938256000,1771684936480000,2147411071,8307839,0,93,2,4,0,3,3,0,0,1,0,0,0,0,0,0,0,0,0,0,2,1,1,1,1,1,0,0,0,0,0,0,0,1
1771684981336000,1771684981336000,1771684936444000,1771684938256000,1771684936480000,2147411071,8307839,0,93,2,4,0,3,3,0,0,1,0,0,0,0,0,0,0,0,0,0,2,1,1,1,1,1,0,0,0,0,0,0,0,1
1771684981840000,1771684981840000,1771684936444000,1771684938256000,1771684936480000,2147411071,8307839,0,93,2,4,0,3,3,0,0,1,0,0,0,0,0,0,0,0,0,0,2,1,1,1,1,1,0,0,0,0,0,0,0,1
1771684982344000,1771684982344000,1771684936444000,1771684938256000,1771684936480000,2147411071,8307839,0,93,2,4,0,3,3,0,0,1,0,0,0,0,0,0,0,0,0,0,2,1,1,1,1,1,0,0,0,0,0,0,0,1
1771684982848000,1771684982848000,1771684936444000,1771684938256000,1771684936480000,2147411071,8307839,0,93,2,4,0,3,3,0,0,1,0,0,0,0,0,0,0,0,0,0,2,1,1,1,1,1,0,0,0,0,0,0,0,1
1771684983352000,1771684983352000,1771684936444000,1771684938256000,1771684936480000,2147411071,8307839,0,93,2,4,0,3,3,0,0,1,0,0,0,0,0,0,0,0,0,0,2,1,1,1,1,1,0,0,0,0,0,0,0,1
1771684983856000,1771684983856000,1771684936444000,1771684938256000,1771684936480000,2147411071,8307839,0,93,2,4,0,3,3,0,0,1,0,0,0,0,0,0,0,0,0,0,2,1,1,1,1,1,0,0,0,0,0,0,0,1
1771684984360000,1771684984360000,1771684936444000,1771684938256000,1771684936480000,2147411071,8307839,0,93,2,4,0,3,3,0,0,1,0,0,0,0,0,0,0,0,0,0,2,1,1,1,1,1,0,0,0,0,0,0,0,1
1771684984864000,1771684984864000,1771684936444000,1771684938256000,1771684936480000,2147411071,8307839,0,93,2,4,0,3,3,0,0,1,0,0,0,0,0,0,0,0,0,0,2,1,1,1,1,1,0,0,0,0,0,0,0,1
1771684985368000,1771684985368000,1771684936444000,1771684938256000,1771684936480000,2147411071,8307839,0,93,2,4,0,3,3,0,0,1,0,0,0,0,0,0,0,0,0,0,2,1,1,1,1,1,0,0,0,0,0,0,0,1
1771684985872000,1771684985872000,1771684936444000,1771684938256000,1771684936480000,2147411071,8307839,0,93,2,4,0,3,3,0,0,1,0,0,0,0,0,0,0,0,0,0,2,1,1,1,1,1,0,0,0,0,0,0,0,1
1771684986376000,1771684986376000,1771684936444000,1771684938256000,1771684936480000,2147411071,8307839,0,93,2,4,0,3,3,0,0,1,0,0,0,0,0,0,0,0,0,0,2,1,1,1,1,1,0,0,0,0,0,0,0,1
1771684986880000,1771684986880000,1771684936444000,1771684938256000,1771684936480000,2147411071,8307839,0,93,2,4,0,3,3,0,0,1,0,0,0,0,0,0,0,0,0,0,2,1,1,1,1,1,0,0,0,0,0,0,0,1
1771684987384000,1771684987384000,1771684936444000,1771684938256000,1771684936480000,2147411071,8307839,0,93,2,4,0,3,3,0,0,1,0,0,0,0,0,0,0,0,0,0,2,1,1,1,1,1,0,0,0,0,0,0,0,1
1771684987888000,1771684987888000,1771684936444000,1771684938256000,1771684936480000,2147411071,8307839,0,93,2,4,0,3,3,0,0,1,0,0,0,0,0,0,0,0,0,0,2,1,1,1,1,1,0,0,0,0,0,0,0,1
1771684988392000,1771684988392000,1771684936444000,1771684938256000,1771684936480000,2147411071,8307839,0,93,2,4,0,3,3,0,0,1,0,0,0,0,0,0,0,0,0,0,2,1,1,1,1,1,0,0,0,0,0,0,0,1
1771684988896000,1771684988896000,1771684936444000,1771684938256000,1771684936480000,2147411071,8307839,0,93,2,4,0,3,3,0,0,1,0,0,0,0,0,0,0,0,0,0,2,1,1,1,1,1,0,0,0,0,0,0,0,1
1771684989400000,1771684989400000,1771684936444000,1771684938256000,1771684936480000,2147411071,8307839,0,93,2,4,0,3,3,0,0,1,0,0,0,0,0,0,0,0,0,0,2,1,1,1,1,1,0,0,0,0,0,0,0,1
1771684989904000,1771684989904000,1771684936444000,1771684938256000,1771684936480000,2147411071,8307839,0,93,2,4,0,3,3,0,0,1,0,0,0,0,0,0,0,0,0,0,2,1,1,1,1,1,0,0,0,0,0,0,0,1
1771684990408000,1771684990408000,1771684936444000,1771684938256000,1771684936480000,2147411071,8307839,0,93,2,4,0,3,3,0,0,1,0,0,0,0,0,0,0,0,0,0,2,1,1,1,1,1,0,0,0,0,0,0,0,1
1771684990912000,1771684990912000,1771684936444000,1771684938256000,1771684936480000,2147411071,8307839,0,93,2,4,0,3,3,0,0,1,0,0,0,0,0,0,0,0,0,0,2,1,1,1,1,1,0,0,0,0,0,0,0,1
1771684991416000,1771684991416000,1771684936444000,1771684938256000,1771684936480000,2147411071,8307839,0,93,2,4,0,3,3,0,0,1,0,0,0,0,0,0,0,0,0,0,2,1,1,1,1,1,0,0,0,0,0,0,0,1
1771684991920000,1771684991920000,1771684936444000,1771684938256000,1771684936480000,2147411071,8307839,0,93,2,4,0,3,3,0,0,1,0,0,0,0,0,0,0,0,0,0,2,1,1,1,1,1,0,0,0,0,0,0,0,1
1771684992424000,1771684992424000,1771684936444000,1771684938256000,1771684936480000,2147411071,8307839,0,93,2,4,0,3,3,0,0,1,0,0,0,0,0,0,0,0,0,0,2,1,1,1,1,1,0,0,0,0,0,0,0,1
1771684992928000,1771684992928000,1771684936444000,1771684938256000,1771684936480000,2147411071,8307839,0,93,2,4,0,3,3,0,0,1,0,0,0,0,0,0,0,0,0,0,2,1,1,1,1,1,0,0,0,0,0,0,0,1
1771684993432000,1771684993432000,1771684936444000,1771684938256000,1771684936480000,2147411071,8307839,0,93,2,4,0,3,3,0,0,1,0,0,0,0,0,0,0,0,0,0,2,1,1,1,1,1,0,0,0,0,0,0,0,1
1771684993936000,1771684993936000,1771684936444000,1771684938256000,1771684936480000,2147411071,8307839,0,93,2,4,0,3,3,0,0,1,0,0,0,0,0,0,0,0,0,0,2,1,1,1,1,1,0,0,0,0,0,0,0,1
1771684994440000,1771684994440000,1771684936444000,1771684938256000,1771684936480000,2147411071,8307839,0,93,2,4,0,3,3,0,0,1,0,0,0,0,0,0,0,0,0,0,2,1,1,1,1,1,0,0,0,0,0,0,0,1
1771684994944000,1771684994944000,1771684936444000,1771684938256000,1771684936480000,2147411071,8307839,0,93,2,4,0,3,3,0,0,1,0,0,0,0,0,0,0,0,0,0,2,1,1,1,1,1,0,0,0,0,0,0,0,1
1771684995448000,1771684995448000,1771684936444000,1771684938256000,1771684936480000,2147411071,8307839,0,93,2,4,0,3,3,0,0,1,0,0,0,0,0,0,0,0,0,0,2,1,1,1,1,1,0,0,0,0,0,0,0,1
1771684995952000,1771684995952000,1771684936444000,1771684938256000,1771684936480000,2147411071,8307839,0,93,2,4,0,3,3,0,0,1,0,0,0,0,0,0,0,0,0,0,2,1,1,1,1,1,0,0,0,0,0,0,0,1
1771684996456000,1771684996456000,1771684936444000,1771684938256000,1771684936480000,2147411071,8307839,0,93,2,4,0,3,3,0,0,1,0,0,0,0,0,0,0,0,0,0,2,1,1,1,1,1,0,0,0,0,0,0,0,1
1771684996960000,1771684996960000,1771684936444000,1771684938256000,1771684936480000,2147411071,8307839,0,93,2,4,0,3,3,0,0,1,0,0,0,0,0,0,0,0,0,0,2,1,1,1,1,1,0,0,0,0,0,0,0,1
1771684997464000,1771684997464000,1771684936444000,1771684938256000,1771684936480000,2147411071,8307839,0,93,2,4,0,3,3,0,0,1,0,0,0,0,0,0,0,0,0,0,2,1,1,1,1,1,0,0,0,0,0,0,0,1
1771684997968000,1771684997968000,1771684936444000,1771684938256000,1771684936480000,2147411071,8307839,0,93,2,4,0,3,3,0,0,1,0,0,0,0,0,0,0,0,0,0,2,1,1,1,1,1,0,0,0,0,0,0,0,1
1771684998472000,1771684998472000,1771684936444000,1771684938256000,1771684936480000,2147411071,8307839,0,93,2,4,0,3,3,0,0,1,0,0,0,0,0,0,0,0,0,0,2,1,1,1,1,1,0,0,0,0,0,0,0,1
1771684998976000,1771684998976000,1771684936444000,1771684938256000,1771684936480000,2147411071,8307839,0,93,2,4,0,3,3,0,0,1,0,0,0,0,0,0,0,0,0,0,2,1,1,1,1,1,0,0,0,0,0,0,0,1
1771684999480000,1771684999480000,1771684936444000,1771684938256000,1771684936480000,2147411071,8307839,0,93,2,4,0,3,3,0,0,1,0,0,0,0,0,0,0,0,0,0,2,1,1,1,1,1,0,0,0,0,0,0,0,1
1771684999984000,1771684999984000,1771684936444000,1771684938256000,1771684936480000,2147411071,8307839,0,93,2,4,0,3,3,0,0,1,0,0,0,0,0,0,0,0,0,0,2,1,1,1,1,1,0,0,0,0,0,0,0,1
1771685000488000,1771685000488000,1771684936444000,1771684938256000,1771684936480000,2147411071,8307839,0,93,2,4,0,3,3,0,0,1,0,0,0,0,0,0,0,0,0,0,2,1,1,1,1,1,0,0,0,0,0,0,0,1
1771685000992000,1771685000992000,1771684936444000,1771684938256000,1771684936480000,2147411071,8307839,0,93,2,4,0,3,3,0,0,1,0,0,0,0,0,0,0,0,0,0,2,1,1,1,1,1,0,0,0,0,0,0,0,1
1771685001496000,1771685001496000,1771684936444000,1771684938256000,1771684936480000,2147411071,8307839,0,93,2,4,0,3,3,0,0,1,0,0,0,0,0,0,0,0,0,0,2,1,1,1,1,1,0,0,0,0,0,0,0,1
1771685002000000,1771685002000000,1771684936444000,1771684938256000,1771684936480000,2147411071,8307839,0,93,2,4,0,3,3,0,0,1,0,0,0,0,0,0,0,0,0,0,2,1,1,1,1,1,0,0,0,0,0,0,0,1
1771685002504000,1771685002504000,1771684936444000,1771684938256000,1771684936480000,2147411071,8307839,0,93,2,4,0,3,3,0,0,1,0,0,0,0,0,0,0,0,0,0,2,1,1,1,1,1,0,0,0,0,0,0,0,1
1771685003008000,1771685003008000,1771684936444000,1771684938256000,1771684936480000,2147411071,8307839,0,93,2,4,0,3,3,0,0,1,0,0,0,0,0,0,0,0,0,0,2,1,1,1,1,1,0,0,0,0,0,0,0,1
1771685003512000,1771685003512000,1771684936444000,1771684938256000,1771684936480000,2147411071,8307839,0,93,2,4,0,3,3,0,0,1,0,0,0,0,0,0,0,0,0,0,2,1,1,1,1,1,0,0,0,0,0,0,0,1
1771685003776000,1771685003776000,1771684936444000,1771684938256000,1771684936480000,2147411071,8307839,0,93,2,4,0,3,3,0,0,1,0,0,0,0,0,0,0,0,0,0,2,1,1,1,1,1,0,0,0,0,0,0,0,1
1771685004280000,1771685004280000,1771684936444000,1771684938256000,1771684936480000,2147411071,8307839,0,93,2,4,0,3,3,0,0,1,0,0,0,0,0,0,0,0,0,0,2,1,1,1,1,1,0,0,0,0,0,0,0,1
1771685004784000,1771685004784000,1771684936444000,1771684938256000,1771684936480000,2147411071,8307839,0,93,2,4,0,3,3,0,0,1,0,0,0,0,0,0,0,0,0,0,2,1,1,1,1,1,0,0,0,0,0,0,0,1
1771685005288000,1771685005288000,1771684936444000,1771684938256000,1771684936480000,2147411071,8307839,0,93,2,4,0,3,3,0,0,1,0,0,0,0,0,0,0,0,0,0,2,1,1,1,1,1,0,0,0,0,0,0,0,1
1771685005792000,1771685005792000,1771684936444000,1771684938256000,1771684936480000,2147411071,8307839,0,93,2,4,0,3,3,0,0,1,0,0,0,0,0,0,0,0,0,0,2,1,1,1,1,1,0,0,0,0,0,0,0,1
1771685006296000,1771685006296000,1771684936444000,1771684938256000,1771684936480000,2147411071,8307839,0,93,2,4,0,3,3,0,0,1,0,0,0,0,0,0,0,0,0,0,2,1,1,1,1,1,0,0,0,0,0,0,0,1
1771685006800000,1771685006800000,1771684936444000,1771684938256000,1771684936480000,2147411071,8307839,0,93,2,4,0,3,3,0,0,1,0,0,0,0,0,0,0,0,0,0,2,1,1,1,1,1,0,0,0,0,0,0,0,1
1771685007304000,1771685007304000,1771684936444000,1771684938256000,1771684936480000,2147411071,8307839,0,93,2,4,0,3,3,0,0,1,0,0,0,0,0,0,0,0,0,0,2,1,1,1,1,1,0,0,0,0,0,0,0,1
1771685007808000,1771685007808000,1771684936444000,1771684938256000,1771684936480000,2147411071,8307839,0,93,2,4,0,3,3,0,0,1,0,0,0,0,0,0,0,0,0,0,2,1,1,1,1,1,0,0,0,0,0,0,0,1
1771685008312000,1771685008312000,1771684936444000,1771684938256000,1771684936480000,2147411071,8307839,0,93,2,4,0,3,3,0,0,1,0,0,0,0,0,0,0,0,0,0,2,1,1,1,1,1,0,0,0,0,0,0,0,1
1771685008816000,1771685008816000,1771684936444000,1771684938256000,1771684936480000,2147411071,8307839,0,93,2,4,0,3,3,0,0,1,0,0,0,0,0,0,0,0,0,0,2,1,1,1,1,1,0,0,0,0,0,0,0,1
1771685009320000,1771685009320000,1771684936444000,1771684938256000,1771684936480000,2147411071,8307839,0,93,2,4,0,3,3,0,0,1,0,0,0,0,0,0,0,0,0,0,2,1,1,1,1,1,0,0,0,0,0,0,0,1
1771685009824000,1771685009824000,1771684936444000,1771684938256000,1771684936480000,2147411071,8307839,0,93,2,4,0,3,3,0,0,1,0,0,0,0,0,0,0,0,0,0,2,1,1,1,1,1,0,0,0,0,0,0,0,1
1771685010328000,1771685010328000,1771684936444000,1771684938256000,1771684936480000,2147411071,8307839,0,93,2,4,0,3,3,0,0,1,0,0,0,0,0,0,0,0,0,0,2,1,1,1,1,1,0,0,0,0,0,0,0,1
1771685010832000,1771685010832000,1771684936444000,1771684938256000,1771684936480000,2147411071,8307839,0,93,2,4,0,3,3,0,0,1,0,0,0,0,0,0,0,0,0,0,2,1,1,1,1,1,0,0,0,0,0,0,0,1
1771685011336000,1771685011336000,1771684936444000,1771684938256000,1771684936480000,2147411071,8307839,0,93,2,4,0,3,3,0,0,1,0,0,0,0,0,0,0,0,0,0,2,1,1,1,1,1,0,0,0,0,0,0,0,1
1771685011840000,1771685011840000,1771684936444000,1771684938256000,1771684936480000,2147411071,8307839,0,93,2,4,0,3,3,0,0,1,0,0,0,0,0,0,0,0,0,0,2,1,1,1,1,1,0,0,0,0,0,0,0,1
1771685012344000,1771685012344000,1771684936444000,1771684938256000,1771684936480000,2147411071,8307839,0,93,2,4,0,3,3,0,0,1,0,0,0,0,0,0,0,0,0,0,2,1,1,1,1,1,0,0,0,0,0,0,0,1
1771685012848000,1771685012848000,1771684936444000,1771684938256000,1771684936480000,2147411071,8307839,0,93,2,4,0,3,3,0,0,1,0,0,0,0,0,0,0,0,0,0,2,1,1,1,1,1,0,0,0,0,0,0,0,1
1771685013352000,1771685013352000,1771684936444000,1771684938256000,1771684936480000,2147411071,8307839,0,93,2,4,0,3,3,0,0,1,0,0,0,0,0,0,0,0,0,0,2,1,1,1,1,1,0,0,0,0,0,0,0,1
1771685013856000,1771685013856000,1771684936444000,1771684938256000,1771684936480000,2147411071,8307839,0,93,2,4,0,3,3,0,0,1,0,0,0,0,0,0,0,0,0,0,2,1,1,1,1,1,0,0,0,0,0,0,0,1
1771685014360000,1771685014360000,1771684936444000,1771684938256000,1771684936480000,2147411071,8307839,0,93,2,4,0,3,3,0,0,1,0,0,0,0,0,0,0,0,0,0,2,1,1,1,1,1,0,0,0,0,0,0,0,1
1771685014864000,1771685014864000,1771684936444000,1771684938256000,1771684936480000,2147411071,8307839,0,93,2,4,0,3,3,0,0,1,0,0,0,0,0,0,0,0,0,0,2,1,1,1,1,1,0,0,0,0,0,0,0,1
1771685015368000,1771685015368000,1771684936444000,1771684938256000,1771684936480000,2147411071,8307839,0,93,2,4,0,3,3,0,0,1,0,0,0,0,0,0,0,0,0,0,2,1,1,1,1,1,0,0,0,0,0,0,0,1
1771685015872000,1771685015872000,1771684936444000,1771684938256000,1771684936480000,2147411071,8307839,0,93,2,4,0,3,3,0,0,1,0,0,0,0,0,0,0,0,0,0,2,1,1,1,1,1,0,0,0,0,0,0,0,1
1771685016376000,1771685016376000,1771684936444000,1771684938256000,1771684936480000,2147411071,8307839,0,93,2,4,0,3,3,0,0,1,0,0,0,0,0,0,0,0,0,0,2,1,1,1,1,1,0,0,0,0,0,0,0,1
1771685016880000,1771685016880000,1771684936444000,1771684938256000,1771684936480000,2147411071,8307839,0,93,2,4,0,3,3,0,0,1,0,0,0,0,0,0,0,0,0,0,2,1,1,1,1,1,0,0,0,0,0,0,0,1
1771685017384000,1771685017384000,1771684936444000,1771684938256000,1771684936480000,2147411071,8307839,0,93,2,4,0,3,3,0,0,1,0,0,0,0,0,0,0,0,0,0,2,1,1,1,1,1,0,0,0,0,0,0,0,1
1771685017888000,1771685017888000,1771684936444000,1771684938256000,1771684936480000,2147411071,8307839,0,93,2,4,0,3,3,0,0,1,0,0,0,0,0,0,0,0,0,0,2,1,1,1,1,1,0,0,0,0,0,0,0,1
1771685018392000,1771685018392000,1771684936444000,1771684938256000,1771684936480000,2147411071,8307839,0,93,2,4,0,3,3,0,0,1,0,0,0,0,0,0,0,0,0,0,2,1,1,1,1,1,0,0,0,0,0,0,0,1
1771685018896000,1771685018896000,1771684936444000,1771684938256000,1771684936480000,2147411071,8307839,0,93,2,4,0,3,3,0,0,1,0,0,0,0,0,0,0,0,0,0,2,1,1,1,1,1,0,0,0,0,0,0,0,1
1771685019400000,1771685019400000,1771684936444000,1771684938256000,1771684936480000,2147411071,8307839,0,93,2,4,0,3,3,0,0,1,0,0,0,0,0,0,0,0,0,0,2,1,1,1,1,1,0,0,0,0,0,0,0,1
1771685019904000,1771685019904000,1771684936444000,1771684938256000,1771684936480000,2147411071,8307839,0,93,2,4,0,3,3,0,0,1,0,0,0,0,0,0,0,0,0,0,2,1,1,1,1,1,0,0,0,0,0,0,0,1
1771685020408000,1771685020408000,1771684936444000,1771684938256000,1771684936480000,2147411071,8307839,0,93,2,4,0,3,3,0,0,1,0,0,0,0,0,0,0,0,0,0,2,1,1,1,1,1,0,0,0,0,0,0,0,1
1771685020912000,1771685020912000,1771684936444000,1771684938256000,1771684936480000,2147411071,8307839,0,93,2,4,0,3,3,0,0,1,0,0,0,0,0,0,0,0,0,0,2,1,1,1,1,1,0,0,0,0,0,0,0,1
1771685021416000,1771685021416000,1771684936444000,1771684938256000,1771684936480000,2147411071,8307839,0,93,2,4,0,3,3,0,0,1,0,0,0,0,0,0,0,0,0,0,2,1,1,1,1,1,0,0,0,0,0,0,0,1
1771685021920000,1771685021920000,1771684936444000,1771684938256000,1771684936480000,2147411071,8307839,0,93,2,4,0,3,3,0,0,1,0,0,0,0,0,0,0,0,0,0,2,1,1,1,1,1,0,0,0,0,0,0,0,1
1771685022424000,1771685022424000,1771684936444000,1771684938256000,1771684936480000,2147411071,8307839,0,93,2,4,0,3,3,0,0,1,0,0,0,0,0,0,0,0,0,0,2,1,1,1,1,1,0,0,0,0,0,0,0,1
1771685022928000,1771685022928000,1771684936444000,1771684938256000,1771684936480000,2147411071,8307839,0,93,2,4,0,3,3,0,0,1,0,0,0,0,0,0,0,0,0,0,2,1,1,1,1,1,0,0,0,0,0,0,0,1
1771685023432000,1771685023432000,1771684936444000,1771684938256000,1771684936480000,2147411071,8307839,0,93,2,4,0,3,3,0,0,1,0,0,0,0,0,0,0,0,0,0,2,1,1,1,1,1,0,0,0,0,0,0,0,1
1771685023936000,1771685023936000,1771684936444000,1771684938256000,1771684936480000,2147411071,8307839,0,93,2,4,0,3,3,0,0,1,0,0,0,0,0,0,0,0,0,0,2,1,1,1,1,1,0,0,0,0,0,0,0,1
1771685024440000,1771685024440000,1771684936444000,1771684938256000,1771684936480000,2147411071,8307839,0,93,2,4,0,3,3,0,0,1,0,0,0,0,0,0,0,0,0,0,2,1,1,1,1,1,0,0,0,0,0,0,0,1
1771685024944000,1771685024944000,1771684936444000,1771684938256000,1771684936480000,2147411071,8307839,0,93,2,4,0,3,3,0,0,1,0,0,0,0,0,0,0,0,0,0,2,1,1,1,1,1,0,0,0,0,0,0,0,1
1771685025448000,1771685025448000,1771684936444000,1771684938256000,1771684936480000,2147411071,8307839,0,93,2,4,0,3,3,0,0,1,0,0,0,0,0,0,0,0,0,0,2,1,1,1,1,1,0,0,0,0,0,0,0,1
1771685025952000,1771685025952000,1771684936444000,1771684938256000,1771684936480000,2147411071,8307839,0,93,2,4,0,3,3,0,0,1,0,0,0,0,0,0,0,0,0,0,2,1,1,1,1,1,0,0,0,0,0,0,0,1
1771685026036000,1771685026036000,1771684936444000,1771684938256000,1771684936480000,2147411071,8307839,0,93,2,4,0,3,3,0,0,1,0,0,0,0,0,0,0,0,0,0,2,1,1,1,1,1,0,0,0,0,0,0,0,1
1771685026048000,1771685026048000,1771684936444000,1771684938256000,1771685026048000,2147411071,8307839,0,93,2,4,0,5,5,0,0,1,0,0,0,0,0,0,0,0,0,0,2,1,1,1,1,1,0,0,0,0,0,0,0,1
1771685026060000,1771685026060000,1771684936444000,1771684938256000,1771685026048000,2147411071,8307839,0,93,2,4,0,5,5,0,0,1,0,0,0,0,0,0,0,0,0,0,2,1,1,1,1,1,0,0,0,0,0,0,0,1
1771685026564000,1771685026564000,1771684936444000,1771684938256000,1771685026048000,2147411071,8307839,0,93,2,4,0,5,5,0,0,1,0,0,0,0,0,0,0,0,0,0,2,1,1,1,1,1,0,0,0,0,0,0,0,1
1771685027068000,1771685027068000,1771684936444000,1771684938256000,1771685026048000,2147411071,8307839,0,93,2,4,0,5,5,0,0,1,0,0,0,0,0,0,0,0,0,0,2,1,1,1,1,1,0,0,0,0,0,0,0,1
1771685027572000,1771685027572000,1771684936444000,1771684938256000,1771685026048000,2147411071,8307839,0,93,2,4,0,5,5,0,0,1,0,0,0,0,0,0,0,0,0,0,2,1,1,1,1,1,0,0,0,0,0,0,0,1
1771685028076000,1771685028076000,1771684936444000,1771684938256000,1771685026048000,2147411071,8307839,0,93,2,4,0,5,5,0,0,1,0,0,0,0,0,0,0,0,0,0,2,1,1,1,1,1,0,0,0,0,0,0,0,1
1771685028580000,1771685028580000,1771684936444000,1771684938256000,1771685026048000,2147411071,8307839,0,93,2,4,0,5,5,0,0,1,0,0,0,0,0,0,0,0,0,0,2,1,1,1,1,1,0,0,0,0,0,0,0,1
1771685029084000,1771685029084000,1771684936444000,1771684938256000,1771685026048000,2147411071,8307839,0,93,2,4,0,5,5,0,0,1,0,0,0,0,0,0,0,0,0,0,2,1,1,1,1,1,0,0,0,0,0,0,0,1
1771685029588000,1771685029588000,1771684936444000,1771684938256000,1771685026048000,2147411071,8307839,0,93,2,4,0,5,5,0,0,1,0,0,0,0,0,0,0,0,0,0,2,1,1,1,1,1,0,0,0,0,0,0,0,1
1771685030092000,1771685030092000,1771684936444000,1771684938256000,1771685026048000,2147411071,8307839,0,93,2,4,0,5,5,0,0,1,0,0,0,0,0,0,0,0,0,0,2,1,1,1,1,1,0,0,0,0,0,0,0,1
1771685030596000,1771685030596000,1771684936444000,1771684938256000,1771685026048000,2147411071,8307839,0,93,2,4,0,5,5,0,0,1,0,0,0,0,0,0,0,0,0,0,2,1,1,1,1,1,0,0,0,0,0,0,0,1
1771685031100000,1771685031100000,1771684936444000,1771684938256000,1771685026048000,2147411071,8307839,0,93,2,4,0,5,5,0,0,1,0,0,0,0,0,0,0,0,0,0,2,1,1,1,1,1,0,0,0,0,0,0,0,1
1771685031604000,1771685031604000,1771684936444000,1771684938256000,1771685026048000,2147411071,8307839,0,93,2,4,0,5,5,0,0,1,0,0,0,0,0,0,0,0,0,0,2,1,1,1,1,1,0,0,0,0,0,0,0,1
1771685032108000,1771685032108000,1771684936444000,1771684938256000,1771685026048000,2147411071,8307839,0,93,2,4,0,5,5,0,0,1,0,0,0,0,0,0,0,0,0,0,2,1,1,1,1,1,0,0,0,0,0,0,0,1
1771685032612000,1771685032612000,1771684936444000,1771684938256000,1771685026048000,2147411071,8307839,0,93,2,4,0,5,5,0,0,1,0,0,0,0,0,0,0,0,0,0,2,1,1,1,1,1,0,0,0,0,0,0,0,1
1771685033116000,1771685033116000,1771684936444000,1771684938256000,1771685026048000,2147411071,8307839,0,93,2,4,0,5,5,0,0,1,0,0,0,0,0,0,0,0,0,0,2,1,1,1,1,1,0,0,0,0,0,0,0,1
1771685033620000,1771685033620000,1771684936444000,1771684938256000,1771685026048000,2147411071,8307839,0,93,2,4,0,5,5,0,0,1,0,0,0,0,0,0,0,0,0,0,2,1,1,1,1,1,0,0,0,0,0,0,0,1
1771685034124000,1771685034124000,1771684936444000,1771684938256000,1771685026048000,2147411071,8307839,0,93,2,4,0,5,5,0,0,1,0,0,0,0,0,0,0,0,0,0,2,1,1,1,1,1,0,0,0,0,0,0,0,1
1771685034628000,1771685034628000,1771684936444000,1771684938256000,1771685026048000,2147411071,8307839,0,93,2,4,0,5,5,0,0,1,0,0,0,0,0,0,0,0,0,0,2,1,1,1,1,1,0,0,0,0,0,0,0,1
1771685035132000,1771685035132000,1771684936444000,1771684938256000,1771685026048000,2147411071,8307839,0,93,2,4,0,5,5,0,0,1,0,0,0,0,0,0,0,0,0,0,2,1,1,1,1,1,0,0,0,0,0,0,0,1
1771685035636000,1771685035636000,1771684936444000,1771684938256000,1771685026048000,2147411071,8307839,0,93,2,4,0,5,5,0,0,1,0,0,0,0,0,0,0,0,0,0,2,1,1,1,1,1,0,0,0,0,0,0,0,1
1771685036140000,1771685036140000,1771684936444000,1771684938256000,1771685026048000,2147411071,8307839,0,93,2,4,0,5,5,0,0,1,0,0,0,0,0,0,0,0,0,0,2,1,1,1,1,1,0,0,0,0,0,0,0,1
1771685036644000,1771685036644000,1771684936444000,1771684938256000,1771685026048000,2147411071,8307839,0,93,2,4,0,5,5,0,0,1,0,0,0,0,0,0,0,0,0,0,2,1,1,1,1,1,0,0,0,0,0,0,0,1
1771685037148000,1771685037148000,1771684936444000,1771684938256000,1771685026048000,2147411071,8307839,0,93,2,4,0,5,5,0,0,1,0,0,0,0,0,0,0,0,0,0,2,1,1,1,1,1,0,0,0,0,0,0,0,1
1771685037652000,1771685037652000,1771684936444000,1771684938256000,1771685026048000,2147411071,8307839,0,93,2,4,0,5,5,0,0,1,0,0,0,0,0,0,0,0,0,0,2,1,1,1,1,1,0,0,0,0,0,0,0,1
1771685038156000,1771685038156000,1771684936444000,1771684938256000,1771685026048000,2147411071,8307839,0,93,2,4,0,5,5,0,0,1,0,0,0,0,0,0,0,0,0,0,2,1,1,1,1,1,0,0,0,0,0,0,0,1
1771685038660000,1771685038660000,1771684936444000,1771684938256000,1771685026048000,2147411071,8307839,0,93,2,4,0,5,5,0,0,1,0,0,0,0,0,0,0,0,0,0,2,1,1,1,1,1,0,0,0,0,0,0,0,1
1771685039164000,1771685039164000,1771684936444000,1771684938256000,1771685026048000,2147411071,8307839,0,93,2,4,0,5,5,0,0,1,0,0,0,0,0,0,0,0,0,0,2,1,1,1,1,1,0,0,0,0,0,0,0,1
1771685039668000,1771685039668000,1771684936444000,1771684938256000,1771685026048000,2147411071,8307839,0,93,2,4,0,5,5,0,0,1,0,0,0,0,0,0,0,0,0,0,2,1,1,1,1,1,0,0,0,0,0,0,0,1
1771685040172000,1771685040172000,1771684936444000,1771684938256000,1771685026048000,2147411071,8307839,0,93,2,4,0,5,5,0,0,1,0,0,0,0,0,0,0,0,0,0,2,1,1,1,1,1,0,0,0,0,0,0,0,1
1771685040676000,1771685040676000,1771684936444000,1771684938256000,1771685026048000,2147411071,8307839,0,93,2,4,0,5,5,0,0,1,0,0,0,0,0,0,0,0,0,0,2,1,1,1,1,1,0,0,0,0,0,0,0,1
1771685041180000,1771685041180000,1771684936444000,1771684938256000,1771685026048000,2147411071,8307839,0,93,2,4,0,5,5,0,0,1,0,0,0,0,0,0,0,0,0,0,2,1,1,1,1,1,0,0,0,0,0,0,0,1
1771685041684000,1771685041684000,1771684936444000,1771684938256000,1771685026048000,2147411071,8307839,0,93,2,4,0,5,5,0,0,1,0,0,0,0,0,0,0,0,0,0,2,1,1,1,1,1,0,0,0,0,0,0,0,1
1771685042188000,1771685042188000,1771684936444000,1771684938256000,1771685026048000,2147411071,8307839,0,93,2,4,0,5,5,0,0,1,0,0,0,0,0,0,0,0,0,0,2,1,1,1,1,1,0,0,0,0,0,0,0,1
1771685042692000,1771685042692000,1771684936444000,1771684938256000,1771685026048000,2147411071,8307839,0,93,2,4,0,5,5,0,0,1,0,0,0,0,0,0,0,0,0,0,2,1,1,1,1,1,0,0,0,0,0,0,0,1
1771685043196000,1771685043196000,1771684936444000,1771684938256000,1771685026048000,2147411071,8307839,0,93,2,4,0,5,5,0,0,1,0,0,0,0,0,0,0,0,0,0,2,1,1,1,1,1,0,0,0,0,0,0,0,1
1771685043700000,1771685043700000,1771684936444000,1771684938256000,1771685026048000,2147411071,8307839,0,93,2,4,0,5,5,0,0,1,0,0,0,0,0,0,0,0,0,0,2,1,1,1,1,1,0,0,0,0,0,0,0,1
1771685044204000,1771685044204000,1771684936444000,1771684938256000,1771685026048000,2147411071,8307839,0,93,2,4,0,5,5,0,0,1,0,0,0,0,0,0,0,0,0,0,2,1,1,1,1,1,0,0,0,0,0,0,0,1
1771685044708000,1771685044708000,1771684936444000,1771684938256000,1771685026048000,2147411071,8307839,0,93,2,4,0,5,5,0,0,1,0,0,0,0,0,0,0,0,0,0,2,1,1,1,1,1,0,0,0,0,0,0,0,1
1771685045212000,1771685045212000,1771684936444000,1771684938256000,1771685026048000,2147411071,8307839,0,93,2,4,0,5,5,0,0,1,0,0,0,0,0,0,0,0,0,0,2,1,1,1,1,1,0,0,0,0,0,0,0,1
1771685045716000,1771685045716000,1771684936444000,1771684938256000,1771685026048000,2147411071,8307839,0,93,2,4,0,5,5,0,0,1,0,0,0,0,0,0,0,0,0,0,2,1,1,1,1,1,0,0,0,0,0,0,0,1
1771685046220000,1771685046220000,1771684936444000,1771684938256000,1771685026048000,2147411071,8307839,0,93,2,4,0,5,5,0,0,1,0,0,0,0,0,0,0,0,0,0,2,1,1,1,1,1,0,0,0,0,0,0,0,1
1771685046724000,1771685046724000,1771684936444000,1771684938256000,1771685026048000,2147411071,8307839,0,93,2,4,0,5,5,0,0,1,0,0,0,0,0,0,0,0,0,0,2,1,1,1,1,1,0,0,0,0,0,0,0,1
1771685047228000,1771685047228000,1771684936444000,1771684938256000,1771685026048000,2147411071,8307839,0,93,2,4,0,5,5,0,0,1,0,0,0,0,0,0,0,0,0,0,2,1,1,1,1,1,0,0,0,0,0,0,0,1
1771685047732000,1771685047732000,1771684936444000,1771684938256000,1771685026048000,2147411071,8307839,0,93,2,4,0,5,5,0,0,1,0,0,0,0,0,0,0,0,0,0,2,1,1,1,1,1,0,0,0,0,0,0,0,1
1771685048236000,1771685048236000,1771684936444000,1771684938256000,1771685026048000,2147411071,8307839,0,93,2,4,0,5,5,0,0,1,0,0,0,0,0,0,0,0,0,0,2,1,1,1,1,1,0,0,0,0,0,0,0,1
1771685048740000,1771685048740000,1771684936444000,1771684938256000,1771685026048000,2147411071,8307839,0,93,2,4,0,5,5,0,0,1,0,0,0,0,0,0,0,0,0,0,2,1,1,1,1,1,0,0,0,0,0,0,0,1
1771685049244000,1771685049244000,1771684936444000,1771684938256000,1771685026048000,2147411071,8307839,0,93,2,4,0,5,5,0,0,1,0,0,0,0,0,0,0,0,0,0,2,1,1,1,1,1,0,0,0,0,0,0,0,1
1771685049748000,1771685049748000,1771684936444000,1771684938256000,1771685026048000,2147411071,8307839,0,93,2,4,0,5,5,0,0,1,0,0,0,0,0,0,0,0,0,0,2,1,1,1,1,1,0,0,0,0,0,0,0,1
1771685050252000,1771685050252000,1771684936444000,1771684938256000,1771685026048000,2147411071,8307839,0,93,2,4,0,5,5,0,0,1,0,0,0,0,0,0,0,0,0,0,2,1,1,1,1,1,0,0,0,0,0,0,0,1
1771685050756000,1771685050756000,1771684936444000,1771684938256000,1771685026048000,2147411071,8307839,0,93,2,4,0,5,5,0,0,1,0,0,0,0,0,0,0,0,0,0,2,1,1,1,1,1,0,0,0,0,0,0,0,1
1771685051260000,1771685051260000,1771684936444000,1771684938256000,1771685026048000,2147411071,8307839,0,93,2,4,0,5,5,0,0,1,0,0,0,0,0,0,0,0,0,0,2,1,1,1,1,1,0,0,0,0,0,0,0,1
1771685051764000,1771685051764000,1771684936444000,1771684938256000,1771685026048000,2147411071,8307839,0,93,2,4,0,5,5,0,0,1,0,0,0,0,0,0,0,0,0,0,2,1,1,1,1,1,0,0,0,0,0,0,0,1
1771685052268000,1771685052268000,1771684936444000,1771684938256000,1771685026048000,2147411071,8307839,0,93,2,4,0,5,5,0,0,1,0,0,0,0,0,0,0,0,0,0,2,1,1,1,1,1,0,0,0,0,0,0,0,1
1771685052772000,1771685052772000,1771684936444000,1771684938256000,1771685026048000,2147411071,8307839,0,93,2,4,0,5,5,0,0,1,0,0,0,0,0,0,0,0,0,0,2,1,1,1,1,1,0,0,0,0,0,0,0,1
1771685053276000,1771685053276000,1771684936444000,1771684938256000,1771685026048000,2147411071,8307839,0,93,2,4,0,5,5,0,0,1,0,0,0,0,0,0,0,0,0,0,2,1,1,1,1,1,0,0,0,0,0,0,0,1
1771685053780000,1771685053780000,1771684936444000,1771684938256000,1771685026048000,2147411071,8307839,0,93,2,4,0,5,5,0,0,1,0,0,0,0,0,0,0,0,0,0,2,1,1,1,1,1,0,0,0,0,0,0,0,1
1771685054284000,1771685054284000,1771684936444000,1771684938256000,1771685026048000,2147411071,8307839,0,93,2,4,0,5,5,0,0,1,0,0,0,0,0,0,0,0,0,0,2,1,1,1,1,1,0,0,0,0,0,0,0,1
1771685054788000,1771685054788000,1771684936444000,1771684938256000,1771685026048000,2147411071,8307839,0,93,2,4,0,5,5,0,0,1,0,0,0,0,0,0,0,0,0,0,2,1,1,1,1,1,0,0,0,0,0,0,0,1
1771685055292000,1771685055292000,1771684936444000,1771684938256000,1771685026048000,2147411071,8307839,0,93,2,4,0,5,5,0,0,1,0,0,0,0,0,0,0,0,0,0,2,1,1,1,1,1,0,0,0,0,0,0,0,1
1771685055796000,1771685055796000,1771684936444000,1771684938256000,1771685026048000,2147411071,8307839,0,93,2,4,0,5,5,0,0,1,0,0,0,0,0,0,0,0,0,0,2,1,1,1,1,1,0,0,0,0,0,0,0,1
1771685056300000,1771685056300000,1771684936444000,1771684938256000,1771685026048000,2147411071,8307839,0,93,2,4,0,5,5,0,0,1,0,0,0,0,0,0,0,0,0,0,2,1,1,1,1,1,0,0,0,0,0,0,0,1
1771685056804000,1771685056804000,1771684936444000,1771684938256000,1771685026048000,2147411071,8307839,0,93,2,4,0,5,5,0,0,1,0,0,0,0,0,0,0,0,0,0,2,1,1,1,1,1,0,0,0,0,0,0,0,1
1771685057308000,1771685057308000,1771684936444000,1771684938256000,1771685026048000,2147411071,8307839,0,93,2,4,0,5,5,0,0,1,0,0,0,0,0,0,0,0,0,0,2,1,1,1,1,1,0,0,0,0,0,0,0,1
1771685057812000,1771685057812000,1771684936444000,1771684938256000,1771685026048000,2147411071,8307839,0,93,2,4,0,5,5,0,0,1,0,0,0,0,0,0,0,0,0,0,2,1,1,1,1,1,0,0,0,0,0,0,0,1
1771685058316000,1771685058316000,1771684936444000,1771684938256000,1771685026048000,2147411071,8307839,0,93,2,4,0,5,5,0,0,1,0,0,0,0,0,0,0,0,0,0,2,1,1,1,1,1,0,0,0,0,0,0,0,1
1771685058820000,1771685058820000,1771684936444000,1771684938256000,1771685026048000,2147411071,8307839,0,93,2,4,0,5,5,0,0,1,0,0,0,0,0,0,0,0,0,0,2,1,1,1,1,1,0,0,0,0,0,0,0,1
1771685059324000,1771685059324000,1771684936444000,1771684938256000,1771685026048000,2147411071,8307839,0,93,2,4,0,5,5,0,0,1,0,0,0,0,0,0,0,0,0,0,2,1,1,1,1,1,0,0,0,0,0,0,0,1
1771685059828000,1771685059828000,1771684936444000,1771684938256000,1771685026048000,2147411071,8307839,0,93,2,4,0,5,5,0,0,1,0,0,0,0,0,0,0,0,0,0,2,1,1,1,1,1,0,0,0,0,0,0,0,1
1771685060332000,1771685060332000,1771684936444000,1771684938256000,1771685026048000,2147411071,8307839,0,93,2,4,0,5,5,0,0,1,0,0,0,0,0,0,0,0,0,0,2,1,1,1,1,1,0,0,0,0,0,0,0,1
1771685060836000,1771685060836000,1771684936444000,1771684938256000,1771685026048000,2147411071,8307839,0,93,2,4,0,5,5,0,0,1,0,0,0,0,0,0,0,0,0,0,2,1,1,1,1,1,0,0,0,0,0,0,0,1
1771685061340000,1771685061340000,1771684936444000,1771684938256000,1771685026048000,2147411071,8307839,0,93,2,4,0,5,5,0,0,1,0,0,0,0,0,0,0,0,0,0,2,1,1,1,1,1,0,0,0,0,0,0,0,1
1771685061844000,1771685061844000,1771684936444000,1771684938256000,1771685026048000,2147411071,8307839,0,93,2,4,0,5,5,0,0,1,0,0,0,0,0,0,0,0,0,0,2,1,1,1,1,1,0,0,0,0,0,0,0,1
1771685062348000,1771685062348000,1771684936444000,1771684938256000,1771685026048000,2147411071,8307839,0,93,2,4,0,5,5,0,0,1,0,0,0,0,0,0,0,0,0,0,2,1,1,1,1,1,0,0,0,0,0,0,0,1
1771685062852000,1771685062852000,1771684936444000,1771684938256000,1771685026048000,2147411071,8307839,0,93,2,4,0,5,5,0,0,1,0,0,0,0,0,0,0,0,0,0,2,1,1,1,1,1,0,0,0,0,0,0,0,1
1771685063356000,1771685063356000,1771684936444000,1771684938256000,1771685026048000,2147411071,8307839,0,93,2,4,0,5,5,0,0,1,0,0,0,0,0,0,0,0,0,0,2,1,1,1,1,1,0,0,0,0,0,0,0,1
1771685063860000,1771685063860000,1771684936444000,1771684938256000,1771685026048000,2147411071,8307839,0,93,2,4,0,5,5,0,0,1,0,0,0,0,0,0,0,0,0,0,2,1,1,1,1,1,0,0,0,0,0,0,0,1
1771685064364000,1771685064364000,1771684936444000,1771684938256000,1771685026048000,2147411071,8307839,0,93,2,4,0,5,5,0,0,1,0,0,0,0,0,0,0,0,0,0,2,1,1,1,1,1,0,0,0,0,0,0,0,1
1771685064868000,1771685064868000,1771684936444000,1771684938256000,1771685026048000,2147411071,8307839,0,93,2,4,0,5,5,0,0,1,0,0,0,0,0,0,0,0,0,0,2,1,1,1,1,1,0,0,0,0,0,0,0,1
1771685065372000,1771685065372000,1771684936444000,1771684938256000,1771685026048000,2147411071,8307839,0,93,2,4,0,5,5,0,0,1,0,0,0,0,0,0,0,0,0,0,2,1,1,1,1,1,0,0,0,0,0,0,0,1
1771685065876000,1771685065876000,1771684936444000,1771684938256000,1771685026048000,2147411071,8307839,0,93,2,4,0,5,5,0,0,1,0,0,0,0,0,0,0,0,0,0,2,1,1,1,1,1,0,0,0,0,0,0,0,1
1771685066380000,1771685066380000,1771684936444000,1771684938256000,1771685026048000,2147411071,8307839,0,93,2,4,0,5,5,0,0,1,0,0,0,0,0,0,0,0,0,0,2,1,1,1,1,1,0,0,0,0,0,0,0,1
1771685066884000,1771685066884000,1771684936444000,1771684938256000,1771685026048000,2147411071,8307839,0,93,2,4,0,5,5,0,0,1,0,0,0,0,0,0,0,0,0,0,2,1,1,1,1,1,0,0,0,0,0,0,0,1
1771685067388000,1771685067388000,1771684936444000,1771684938256000,1771685026048000,2147411071,8307839,0,93,2,4,0,5,5,0,0,1,0,0,0,0,0,0,0,0,0,0,2,1,1,1,1,1,0,0,0,0,0,0,0,1
1771685067892000,1771685067892000,1771684936444000,1771684938256000,1771685026048000,2147411071,8307839,0,93,2,4,0,5,5,0,0,1,0,0,0,0,0,0,0,0,0,0,2,1,1,1,1,1,0,0,0,0,0,0,0,1
1771685068396000,1771685068396000,1771684936444000,1771684938256000,1771685026048000,2147411071,8307839,0,93,2,4,0,5,5,0,0,1,0,0,0,0,0,0,0,0,0,0,2,1,1,1,1,1,0,0,0,0,0,0,0,1
1771685068900000,1771685068900000,1771684936444000,1771684938256000,1771685026048000,2147411071,8307839,0,93,2,4,0,5,5,0,0,1,0,0,0,0,0,0,0,0,0,0,2,1,1,1,1,1,0,0,0,0,0,0,0,1
1771685069404000,1771685069404000,1771684936444000,1771684938256000,1771685026048000,2147411071,8307839,0,93,2,4,0,5,5,0,0,1,0,0,0,0,0,0,0,0,0,0,2,1,1,1,1,1,0,0,0,0,0,0,0,1
1771685069908000,1771685069908000,1771684936444000,1771684938256000,1771685026048000,2147411071,8307839,0,93,2,4,0,5,5,0,0,1,0,0,0,0,0,0,0,0,0,0,2,1,1,1,1,1,0,0,0,0,0,0,0,1
1771685070412000,1771685070412000,1771684936444000,1771684938256000,1771685026048000,2147411071,8307839,0,93,2,4,0,5,5,0,0,1,0,0,0,0,0,0,0,0,0,0,2,1,1,1,1,1,0,0,0,0,0,0,0,1
1771685070916000,1771685070916000,1771684936444000,1771684938256000,1771685026048000,2147411071,8307839,0,93,2,4,0,5,5,0,0,1,0,0,0,0,0,0,0,0,0,0,2,1,1,1,1,1,0,0,0,0,0,0,0,1
1771685071420000,1771685071420000,1771684936444000,1771684938256000,1771685026048000,2147411071,8307839,0,93,2,4,0,5,5,0,0,1,0,0,0,0,0,0,0,0,0,0,2,1,1,1,1,1,0,0,0,0,0,0,0,1
1771685071924000,1771685071924000,1771684936444000,1771684938256000,1771685026048000,2147411071,8307839,0,93,2,4,0,5,5,0,0,1,0,0,0,0,0,0,0,0,0,0,2,1,1,1,1,1,0,0,0,0,0,0,0,1
1771685072428000,1771685072428000,1771684936444000,1771684938256000,1771685026048000,2147411071,8307839,0,93,2,4,0,5,5,0,0,1,0,0,0,0,0,0,0,0,0,0,2,1,1,1,1,1,0,0,0,0,0,0,0,1
1771685072932000,1771685072932000,1771684936444000,1771684938256000,1771685026048000,2147411071,8307839,0,93,2,4,0,5,5,0,0,1,0,0,0,0,0,0,0,0,0,0,2,1,1,1,1,1,0,0,0,0,0,0,0,1
1771685073436000,1771685073436000,1771684936444000,1771684938256000,1771685026048000,2147411071,8307839,0,93,2,4,0,5,5,0,0,1,0,0,0,0,0,0,0,0,0,0,2,1,1,1,1,1,0,0,0,0,0,0,0,1
1771685073940000,1771685073940000,1771684936444000,1771684938256000,1771685026048000,2147411071,8307839,0,93,2,4,0,5,5,0,0,1,0,0,0,0,0,0,0,0,0,0,2,1,1,1,1,1,0,0,0,0,0,0,0,1
1771685074444000,1771685074444000,1771684936444000,1771684938256000,1771685026048000,2147411071,8307839,0,93,2,4,0,5,5,0,0,1,0,0,0,0,0,0,0,0,0,0,2,1,1,1,1,1,0,0,0,0,0,0,0,1
1771685074948000,1771685074948000,1771684936444000,1771684938256000,1771685026048000,2147411071,8307839,0,93,2,4,0,5,5,0,0,1,0,0,0,0,0,0,0,0,0,0,2,1,1,1,1,1,0,0,0,0,0,0,0,1
1771685075452000,1771685075452000,1771684936444000,1771684938256000,1771685026048000,2147411071,8307839,0,93,2,4,0,5,5,0,0,1,0,0,0,0,0,0,0,0,0,0,2,1,1,1,1,1,0,0,0,0,0,0,0,1
1771685075956000,1771685075956000,1771684936444000,1771684938256000,1771685026048000,2147411071,8307839,0,93,2,4,0,5,5,0,0,1,0,0,0,0,0,0,0,0,0,0,2,1,1,1,1,1,0,0,0,0,0,0,0,1
1771685076460000,1771685076460000,1771684936444000,1771684938256000,1771685026048000,2147411071,8307839,0,93,2,4,0,5,5,0,0,1,0,0,0,0,0,0,0,0,0,0,2,1,1,1,1,1,0,0,0,0,0,0,0,1
1771685076964000,1771685076964000,1771684936444000,1771684938256000,1771685026048000,2147411071,8307839,0,93,2,4,0,5,5,0,0,1,0,0,0,0,0,0,0,0,0,0,2,1,1,1,1,1,0,0,0,0,0,0,0,1
1771685077468000,1771685077468000,1771684936444000,1771684938256000,1771685026048000,2147411071,8307839,0,93,2,4,0,5,5,0,0,1,0,0,0,0,0,0,0,0,0,0,2,1,1,1,1,1,0,0,0,0,0,0,0,1
1771685077972000,1771685077972000,1771684936444000,1771684938256000,1771685026048000,2147411071,8307839,0,93,2,4,0,5,5,0,0,1,0,0,0,0,0,0,0,0,0,0,2,1,1,1,1,1,0,0,0,0,0,0,0,1
1771685078476000,1771685078476000,1771684936444000,1771684938256000,1771685026048000,2147411071,8307839,0,93,2,4,0,5,5,0,0,1,0,0,0,0,0,0,0,0,0,0,2,1,1,1,1,1,0,0,0,0,0,0,0,1
1771685078980000,1771685078980000,1771684936444000,1771684938256000,1771685026048000,2147411071,8307839,0,93,2,4,0,5,5,0,0,1,0,0,0,0,0,0,0,0,0,0,2,1,1,1,1,1,0,0,0,0,0,0,0,1
1771685079484000,1771685079484000,1771684936444000,1771684938256000,1771685026048000,2147411071,8307839,0,93,2,4,0,5,5,0,0,1,0,0,0,0,0,0,0,0,0,0,2,1,1,1,1,1,0,0,0,0,0,0,0,1
1771685079988000,1771685079988000,1771684936444000,1771684938256000,1771685026048000,2147411071,8307839,0,93,2,4,0,5,5,0,0,1,0,0,0,0,0,0,0,0,0,0,2,1,1,1,1,1,0,0,0,0,0,0,0,1
1771685080492000,1771685080492000,1771684936444000,1771684938256000,1771685026048000,2147411071,8307839,0,93,2,4,0,5,5,0,0,1,0,0,0,0,0,0,0,0,0,0,2,1,1,1,1,1,0,0,0,0,0,0,0,1
1771685080996000,1771685080996000,1771684936444000,1771684938256000,1771685026048000,2147411071,8307839,0,93,2,4,0,5,5,0,0,1,0,0,0,0,0,0,0,0,0,0,2,1,1,1,1,1,0,0,0,0,0,0,0,1
1771685081500000,1771685081500000,1771684936444000,1771684938256000,1771685026048000,2147411071,8307839,0,93,2,4,0,5,5,0,0,1,0,0,0,0,0,0,0,0,0,0,2,1,1,1,1,1,0,0,0,0,0,0,0,1
1771685082004000,1771685082004000,1771684936444000,1771684938256000,1771685026048000,2147411071,8307839,0,93,2,4,0,5,5,0,0,1,0,0,0,0,0,0,0,0,0,0,2,1,1,1,1,1,0,0,0,0,0,0,0,1
1771685082508000,1771685082508000,1771684936444000,1771684938256000,1771685026048000,2147411071,8307839,0,93,2,4,0,5,5,0,0,1,0,0,0,0,0,0,0,0,0,0,2,1,1,1,1,1,0,0,0,0,0,0,0,1
1771685083012000,1771685083012000,1771684936444000,1771684938256000,1771685026048000,2147411071,8307839,0,93,2,4,0,5,5,0,0,1,0,0,0,0,0,0,0,0,0,0,2,1,1,1,1,1,0,0,0,0,0,0,0,1
1771685083516000,1771685083516000,1771684936444000,1771684938256000,1771685026048000,2147411071,8307839,0,93,2,4,0,5,5,0,0,1,0,0,0,0,0,0,0,0,0,0,2,1,1,1,1,1,0,0,0,0,0,0,0,1
1771685084020000,1771685084020000,1771684936444000,1771684938256000,1771685026048000,2147411071,8307839,0,93,2,4,0,5,5,0,0,1,0,0,0,0,0,0,0,0,0,0,2,1,1,1,1,1,0,0,0,0,0,0,0,1
1771685084524000,1771685084524000,1771684936444000,1771684938256000,1771685026048000,2147411071,8307839,0,93,2,4,0,5,5,0,0,1,0,0,0,0,0,0,0,0,0,0,2,1,1,1,1,1,0,0,0,0,0,0,0,1
1771685085028000,1771685085028000,1771684936444000,1771684938256000,1771685026048000,2147411071,8307839,0,93,2,4,0,5,5,0,0,1,0,0,0,0,0,0,0,0,0,0,2,1,1,1,1,1,0,0,0,0,0,0,0,1
1771685085532000,1771685085532000,1771684936444000,1771684938256000,1771685026048000,2147411071,8307839,0,93,2,4,0,5,5,0,0,1,0,0,0,0,0,0,0,0,0,0,2,1,1,1,1,1,0,0,0,0,0,0,0,1
1771685086036000,1771685086036000,1771684936444000,1771684938256000,1771685026048000,2147411071,8307839,0,93,2,4,0,5,5,0,0,1,0,0,0,0,0,0,0,0,0,0,2,1,1,1,1,1,0,0,0,0,0,0,0,1
1771685086540000,1771685086540000,1771684936444000,1771684938256000,1771685026048000,2147411071,8307839,0,93,2,4,0,5,5,0,0,1,0,0,0,0,0,0,0,0,0,0,2,1,1,1,1,1,0,0,0,0,0,0,0,1
1771685087044000,1771685087044000,1771684936444000,1771684938256000,1771685026048000,2147411071,8307839,0,93,2,4,0,5,5,0,0,1,0,0,0,0,0,0,0,0,0,0,2,1,1,1,1,1,0,0,0,0,0,0,0,1
1771685087548000,1771685087548000,1771684936444000,1771684938256000,1771685026048000,2147411071,8307839,0,93,2,4,0,5,5,0,0,1,0,0,0,0,0,0,0,0,0,0,2,1,1,1,1,1,0,0,0,0,0,0,0,1
1771685088052000,1771685088052000,1771684936444000,1771684938256000,1771685026048000,2147411071,8307839,0,93,2,4,0,5,5,0,0,1,0,0,0,0,0,0,0,0,0,0,2,1,1,1,1,1,0,0,0,0,0,0,0,1
1771685088556000,1771685088556000,1771684936444000,1771684938256000,1771685026048000,2147411071,8307839,0,93,2,4,0,5,5,0,0,1,0,0,0,0,0,0,0,0,0,0,2,1,1,1,1,1,0,0,0,0,0,0,0,1
1771685089060000,1771685089060000,1771684936444000,1771684938256000,1771685026048000,2147411071,8307839,0,93,2,4,0,5,5,0,0,1,0,0,0,0,0,0,0,0,0,0,2,1,1,1,1,1,0,0,0,0,0,0,0,1
1771685089564000,1771685089564000,1771684936444000,1771684938256000,1771685026048000,2147411071,8307839,0,93,2,4,0,5,5,0,0,1,0,0,0,0,0,0,0,0,0,0,2,1,1,1,1,1,0,0,0,0,0,0,0,1
1771685090068000,1771685090068000,1771684936444000,1771684938256000,1771685026048000,2147411071,8307839,0,93,2,4,0,5,5,0,0,1,0,0,0,0,0,0,0,0,0,0,2,1,1,1,1,1,0,0,0,0,0,0,0,1
1771685090572000,1771685090572000,1771684936444000,1771684938256000,1771685026048000,2147411071,8307839,0,93,2,4,0,5,5,0,0,1,0,0,0,0,0,0,0,0,0,0,2,1,1,1,1,1,0,0,0,0,0,0,0,1
1771685091076000,1771685091076000,1771684936444000,1771684938256000,1771685026048000,2147411071,8307839,0,93,2,4,0,5,5,0,0,1,0,0,0,0,0,0,0,0,0,0,2,1,1,1,1,1,0,0,0,0,0,0,0,1
1771685091580000,1771685091580000,1771684936444000,1771684938256000,1771685026048000,2147411071,8307839,0,93,2,4,0,5,5,0,0,1,0,0,0,0,0,0,0,0,0,0,2,1,1,1,1,1,0,0,0,0,0,0,0,1
1771685092084000,1771685092084000,1771684936444000,1771684938256000,1771685026048000,2147411071,8307839,0,93,2,4,0,5,5,0,0,1,0,0,0,0,0,0,0,0,0,0,2,1,1,1,1,1,0,0,0,0,0,0,0,1
1771685092588000,1771685092588000,1771684936444000,1771684938256000,1771685026048000,2147411071,8307839,0,93,2,4,0,5,5,0,0,1,0,0,0,0,0,0,0,0,0,0,2,1,1,1,1,1,0,0,0,0,0,0,0,1
1771685093092000,1771685093092000,1771684936444000,1771684938256000,1771685026048000,2147411071,8307839,0,93,2,4,0,5,5,0,0,1,0,0,0,0,0,0,0,0,0,0,2,1,1,1,1,1,0,0,0,0,0,0,0,1
1771685093596000,1771685093596000,1771684936444000,1771684938256000,1771685026048000,2147411071,8307839,0,93,2,4,0,5,5,0,0,1,0,0,0,0,0,0,0,0,0,0,2,1,1,1,1,1,0,0,0,0,0,0,0,1
1771685094100000,1771685094100000,1771684936444000,1771684938256000,1771685026048000,2147411071,8307839,0,93,2,4,0,5,5,0,0,1,0,0,0,0,0,0,0,0,0,0,2,1,1,1,1,1,0,0,0,0,0,0,0,1
1771685094604000,1771685094604000,1771684936444000,1771684938256000,1771685026048000,2147411071,8307839,0,93,2,4,0,5,5,0,0,1,0,0,0,0,0,0,0,0,0,0,2,1,1,1,1,1,0,0,0,0,0,0,0,1
1771685095108000,1771685095108000,1771684936444000,1771684938256000,1771685026048000,2147411071,8307839,0,93,2,4,0,5,5,0,0,1,0,0,0,0,0,0,0,0,0,0,2,1,1,1,1,1,0,0,0,0,0,0,0,1
1771685095612000,1771685095612000,1771684936444000,1771684938256000,1771685026048000,2147411071,8307839,0,93,2,4,0,5,5,0,0,1,0,0,0,0,0,0,0,0,0,0,2,1,1,1,1,1,0,0,0,0,0,0,0,1
1771685096116000,1771685096116000,1771684936444000,1771684938256000,1771685026048000,2147411071,8307839,0,93,2,4,0,5,5,0,0,1,0,0,0,0,0,0,0,0,0,0,2,1,1,1,1,1,0,0,0,0,0,0,0,1
1771685096620000,1771685096620000,1771684936444000,1771684938256000,1771685026048000,2147411071,8307839,0,93,2,4,0,5,5,0,0,1,0,0,0,0,0,0,0,0,0,0,2,1,1,1,1,1,0,0,0,0,0,0,0,1
1771685097124000,1771685097124000,1771684936444000,1771684938256000,1771685026048000,2147411071,8307839,0,93,2,4,0,5,5,0,0,1,0,0,0,0,0,0,0,0,0,0,2,1,1,1,1,1,0,0,0,0,0,0,0,1
1771685097628000,1771685097628000,1771684936444000,1771684938256000,1771685026048000,2147411071,8307839,0,93,2,4,0,5,5,0,0,1,0,0,0,0,0,0,0,0,0,0,2,1,1,1,1,1,0,0,0,0,0,0,0,1
1771685098132000,1771685098132000,1771684936444000,1771684938256000,1771685026048000,2147411071,8307839,0,93,2,4,0,5,5,0,0,1,0,0,0,0,0,0,0,0,0,0,2,1,1,1,1,1,0,0,0,0,0,0,0,1
1771685098636000,1771685098636000,1771684936444000,1771684938256000,1771685026048000,2147411071,8307839,0,93,2,4,0,5,5,0,0,1,0,0,0,0,0,0,0,0,0,0,2,1,1,1,1,1,0,0,0,0,0,0,0,1
1771685099140000,1771685099140000,1771684936444000,1771684938256000,1771685026048000,2147411071,8307839,0,93,2,4,0,5,5,0,0,1,0,0,0,0,0,0,0,0,0,0,2,1,1,1,1,1,0,0,0,0,0,0,0,1
1771685099644000,1771685099644000,1771684936444000,1771684938256000,1771685026048000,2147411071,8307839,0,93,2,4,0,5,5,0,0,1,0,0,0,0,0,0,0,0,0,0,2,1,1,1,1,1,0,0,0,0,0,0,0,1
1771685100148000,1771685100148000,1771684936444000,1771684938256000,1771685026048000,2147411071,8307839,0,93,2,4,0,5,5,0,0,1,0,0,0,0,0,0,0,0,0,0,2,1,1,1,1,1,0,0,0,0,0,0,0,1
1771685100652000,1771685100652000,1771684936444000,1771684938256000,1771685026048000,2147411071,8307839,0,93,2,4,0,5,5,0,0,1,0,0,0,0,0,0,0,0,0,0,2,1,1,1,1,1,0,0,0,0,0,0,0,1
1771685101156000,1771685101156000,1771684936444000,1771684938256000,1771685026048000,2147411071,8307839,0,93,2,4,0,5,5,0,0,1,0,0,0,0,0,0,0,0,0,0,2,1,1,1,1,1,0,0,0,0,0,0,0,1
1771685101660000,1771685101660000,1771684936444000,1771684938256000,1771685026048000,2147411071,8307839,0,93,2,4,0,5,5,0,0,1,0,0,0,0,0,0,0,0,0,0,2,1,1,1,1,1,0,0,0,0,0,0,0,1
1771685102164000,1771685102164000,1771684936444000,1771684938256000,1771685026048000,2147411071,8307839,0,93,2,4,0,5,5,0,0,1,0,0,0,0,0,0,0,0,0,0,2,1,1,1,1,1,0,0,0,0,0,0,0,1
1771685102668000,1771685102668000,1771684936444000,1771684938256000,1771685026048000,2147411071,8307839,0,93,2,4,0,5,5,0,0,1,0,0,0,0,0,0,0,0,0,0,2,1,1,1,1,1,0,0,0,0,0,0,0,1
1771685103172000,1771685103172000,1771684936444000,1771684938256000,1771685026048000,2147411071,8307839,0,93,2,4,0,5,5,0,0,1,0,0,0,0,0,0,0,0,0,0,2,1,1,1,1,1,0,0,0,0,0,0,0,1
1771685103676000,1771685103676000,1771684936444000,1771684938256000,1771685026048000,2147411071,8307839,0,93,2,4,0,5,5,0,0,1,0,0,0,0,0,0,0,0,0,0,2,1,1,1,1,1,0,0,0,0,0,0,0,1
1771685104180000,1771685104180000,1771684936444000,1771684938256000,1771685026048000,2147411071,8307839,0,93,2,4,0,5,5,0,0,1,0,0,0,0,0,0,0,0,0,0,2,1,1,1,1,1,0,0,0,0,0,0,0,1
1771685104684000,1771685104684000,1771684936444000,1771684938256000,1771685026048000,2147411071,8307839,0,93,2,4,0,5,5,0,0,1,0,0,0,0,0,0,0,0,0,0,2,1,1,1,1,1,0,0,0,0,0,0,0,1
1771685105188000,1771685105188000,1771684936444000,1771684938256000,1771685026048000,2147411071,8307839,0,93,2,4,0,5,5,0,0,1,0,0,0,0,0,0,0,0,0,0,2,1,1,1,1,1,0,0,0,0,0,0,0,1
1771685105692000,1771685105692000,1771684936444000,1771684938256000,1771685026048000,2147411071,8307839,0,93,2,4,0,5,5,0,0,1,0,0,0,0,0,0,0,0,0,0,2,1,1,1,1,1,0,0,0,0,0,0,0,1
1771685106196000,1771685106196000,1771684936444000,1771684938256000,1771685026048000,2147411071,8307839,0,93,2,4,0,5,5,0,0,1,0,0,0,0,0,0,0,0,0,0,2,1,1,1,1,1,0,0,0,0,0,0,0,1
1771685106700000,1771685106700000,1771684936444000,1771684938256000,1771685026048000,2147411071,8307839,0,93,2,4,0,5,5,0,0,1,0,0,0,0,0,0,0,0,0,0,2,1,1,1,1,1,0,0,0,0,0,0,0,1
1771685107204000,1771685107204000,1771684936444000,1771684938256000,1771685026048000,2147411071,8307839,0,93,2,4,0,5,5,0,0,1,0,0,0,0,0,0,0,0,0,0,2,1,1,1,1,1,0,0,0,0,0,0,0,1
1771685107708000,1771685107708000,1771684936444000,1771684938256000,1771685026048000,2147411071,8307839,0,93,2,4,0,5,5,0,0,1,0,0,0,0,0,0,0,0,0,0,2,1,1,1,1,1,0,0,0,0,0,0,0,1
1771685108212000,1771685108212000,1771684936444000,1771684938256000,1771685026048000,2147411071,8307839,0,93,2,4,0,5,5,0,0,1,0,0,0,0,0,0,0,0,0,0,2,1,1,1,1,1,0,0,0,0,0,0,0,1
1771685108716000,1771685108716000,1771684936444000,1771684938256000,1771685026048000,2147411071,8307839,0,93,2,4,0,5,5,0,0,1,0,0,0,0,0,0,0,0,0,0,2,1,1,1,1,1,0,0,0,0,0,0,0,1
1771685109220000,1771685109220000,1771684936444000,1771684938256000,1771685026048000,2147411071,8307839,0,93,2,4,0,5,5,0,0,1,0,0,0,0,0,0,0,0,0,0,2,1,1,1,1,1,0,0,0,0,0,0,0,1
1771685109724000,1771685109724000,1771684936444000,1771684938256000,1771685026048000,2147411071,8307839,0,93,2,4,0,5,5,0,0,1,0,0,0,0,0,0,0,0,0,0,2,1,1,1,1,1,0,0,0,0,0,0,0,1
1771685110228000,1771685110228000,1771684936444000,1771684938256000,1771685026048000,2147411071,8307839,0,93,2,4,0,5,5,0,0,1,0,0,0,0,0,0,0,0,0,0,2,1,1,1,1,1,0,0,0,0,0,0,0,1
1771685110732000,1771685110732000,1771684936444000,1771684938256000,1771685026048000,2147411071,8307839,0,93,2,4,0,5,5,0,0,1,0,0,0,0,0,0,0,0,0,0,2,1,1,1,1,1,0,0,0,0,0,0,0,1
1771685111236000,1771685111236000,1771684936444000,1771684938256000,1771685026048000,2147411071,8307839,0,93,2,4,0,5,5,0,0,1,0,0,0,0,0,0,0,0,0,0,2,1,1,1,1,1,0,0,0,0,0,0,0,1
1771685111740000,1771685111740000,1771684936444000,1771684938256000,1771685026048000,2147411071,8307839,0,93,2,4,0,5,5,0,0,1,0,0,0,0,0,0,0,0,0,0,2,1,1,1,1,1,0,0,0,0,0,0,0,1
1771685112244000,1771685112244000,1771684936444000,1771684938256000,1771685026048000,2147411071,8307839,0,93,2,4,0,5,5,0,0,1,0,0,0,0,0,0,0,0,0,0,2,1,1,1,1,1,0,0,0,0,0,0,0,1
1771685112748000,1771685112748000,1771684936444000,1771684938256000,1771685026048000,2147411071,8307839,0,93,2,4,0,5,5,0,0,1,0,0,0,0,0,0,0,0,0,0,2,1,1,1,1,1,0,0,0,0,0,0,0,1
1771685113252000,1771685113252000,1771684936444000,1771684938256000,1771685026048000,2147411071,8307839,0,93,2,4,0,5,5,0,0,1,0,0,0,0,0,0,0,0,0,0,2,1,1,1,1,1,0,0,0,0,0,0,0,1
1771685113756000,1771685113756000,1771684936444000,1771684938256000,1771685026048000,2147411071,8307839,0,93,2,4,0,5,5,0,0,1,0,0,0,0,0,0,0,0,0,0,2,1,1,1,1,1,0,0,0,0,0,0,0,1
1771685114260000,1771685114260000,1771684936444000,1771684938256000,1771685026048000,2147411071,8307839,0,93,2,4,0,5,5,0,0,1,0,0,0,0,0,0,0,0,0,0,2,1,1,1,1,1,0,0,0,0,0,0,0,1
1771685114764000,1771685114764000,1771684936444000,1771684938256000,1771685026048000,2147411071,8307839,0,93,2,4,0,5,5,0,0,1,0,0,0,0,0,0,0,0,0,0,2,1,1,1,1,1,0,0,0,0,0,0,0,1
1771685115268000,1771685115268000,1771684936444000,1771684938256000,1771685026048000,2147411071,8307839,0,93,2,4,0,5,5,0,0,1,0,0,0,0,0,0,0,0,0,0,2,1,1,1,1,1,0,0,0,0,0,0,0,1
1771685115772000,1771685115772000,1771684936444000,1771684938256000,1771685026048000,2147411071,8307839,0,93,2,4,0,5,5,0,0,1,0,0,0,0,0,0,0,0,0,0,2,1,1,1,1,1,0,0,0,0,0,0,0,1
1771685116276000,1771685116276000,1771684936444000,1771684938256000,1771685026048000,2147411071,8307839,0,93,2,4,0,5,5,0,0,1,0,0,0,0,0,0,0,0,0,0,2,1,1,1,1,1,0,0,0,0,0,0,0,1
1771685116780000,1771685116780000,1771684936444000,1771684938256000,1771685026048000,2147411071,8307839,0,93,2,4,0,5,5,0,0,1,0,0,0,0,0,0,0,0,0,0,2,1,1,1,1,1,0,0,0,0,0,0,0,1
1771685117284000,1771685117284000,1771684936444000,1771684938256000,1771685026048000,2147411071,8307839,0,93,2,4,0,5,5,0,0,1,0,0,0,0,0,0,0,0,0,0,2,1,1,1,1,1,0,0,0,0,0,0,0,1
1771685117788000,1771685117788000,1771684936444000,1771684938256000,1771685026048000,2147411071,8307839,0,93,2,4,0,5,5,0,0,1,0,0,0,0,0,0,0,0,0,0,2,1,1,1,1,1,0,0,0,0,0,0,0,1
1771685118292000,1771685118292000,1771684936444000,1771684938256000,1771685026048000,2147411071,8307839,0,93,2,4,0,5,5,0,0,1,0,0,0,0,0,0,0,0,0,0,2,1,1,1,1,1,0,0,0,0,0,0,0,1
1771685118760000,1771685118760000,0,0,1771685118760000,2147411071,8307839,0,93,1,4,6,3,3,0,0,1,0,0,0,0,0,0,0,0,0,0,2,1,1,1,1,1,0,0,0,0,0,0,0,1
1771685119264000,1771685119264000,0,0,1771685118760000,2147411071,8307839,0,93,1,4,6,3,3,0,0,1,0,0,0,0,0,0,0,0,0,0,2,1,1,1,1,1,0,0,0,0,0,0,0,1
