timestamp,pub_timestamp,mode_req_angular_velocity,mode_req_attitude,mode_req_local_alt,mode_req_local_position,mode_req_local_position_relaxed,mode_req_global_position,mode_req_global_position_relaxed,mode_req_mission,mode_req_offboard_signal,mode_req_home_position,mode_req_wind_and_flight_time_compliance,mode_req_prevent_arming,mode_req_manual_control,mode_req_other,publisher_id,angular_velocity_invalid,attitude_invalid,local_altitude_invalid,local_position_invalid,local_position_invalid_relaxed,local_velocity_invalid,global_position_invalid,global_position_invalid_relaxed,auto_mission_missing,offboard_control_signal_lost,home_position_invalid,manual_control_signal_lost,gcs_connection_lost,battery_warning,battery_low_remaining_time,battery_unhealthy,geofence_breached,mission_failure,vtol_fixed_wing_system_failure,wind_limit_exceeded,flight_time_limit_exceeded,position_accuracy_low,navigator_failure,fd_critical_failure,fd_esc_arming_failure,fd_imbalanced_prop,fd_motor_failure
1771685325976000,1771685325976000,8311934,8310910,8257662,7995448,262212,56,0,8,16384,32,2621464,3944480,33863,2139095040,93,0,0,0,0,0,0,0,0,0,1,0,1,0,0,0,0,0,0,0,0,0,0,0,0,0,0,0
1771685326540000,1771685326540000,8311934,8310910,8257662,7995448,262212,56,0,8,16384,32,2621464,3944480,33863,2139095040,93,0,0,0,0,0,0,0,0,0,1,0,1,0,0,0,0,0,0,0,0,0,0,0,0,0,0,0
1771685327080000,1771685327080000,8311934,8310910,8257662,7995448,262212,56,0,8,16384,32,2621464,3944480,33863,2139095040,93,0,0,0,0,0,0,0,0,0,1,0,1,0,0,0,0,0,0,0,0,0,0,0,0,0,0,0
1771685327620000,1771685327620000,8311934,8310910,8257662,7995448,262212,56,0,8,16384,32,2621464,3944480,33863,2139095040,93,0,0,0,0,0,0,0,0,0,1,0,1,0,0,0,0,0,0,0,0,0,0,0,0,0,0,0
1771685328160000,1771685328160000,8311934,8310910,8257662,7995448,262212,56,0,8,16384,32,2621464,3944480,33863,2139095040,93,0,0,0,0,0,0,0,0,0,1,0,1,0,0,0,0,0,0,0,0,0,0,0,0,0,0,0
1771685328700000,1771685328700000,8311934,8310910,8257662,7995448,262212,56,0,8,16384,32,2621464,3944480,33863,2139095040,93,0,0,0,0,0,0,0,0,0,1,0,1,0,0,0,0,0,0,0,0,0,0,0,0,0,0,0
1771685329240000,1771685329240000,8311934,8310910,8257662,7995448,262212,56,0,8,16384,32,2621464,3944480,33863,2139095040,93,0,0,0,0,0,0,0,0,0,1,0,1,0,0,0,0,0,0,0,0,0,0,0,0,0,0,0
1771685329780000,1771685329780000,8311934,8310910,8257662,7995448,262212,56,0,8,16384,32,2621464,3944480,33863,2139095040,93,0,0,0,0,0,0,0,0,0,1,0,1,0,0,0,0,0,0,0,0,0,0,0,0,0,0,0
1771685330320000,1771685330320000,8311934,8310910,8257662,7995448,262212,56,0,8,16384,32,2621464,3944480,33863,2139095040,93,0,0,0,0,0,0,0,0,0,1,0,1,0,0,0,0,0,0,0,0,0,0,0,0,0,0,0
1771685330860000,1771685330860000,8311934,8310910,8257662,7995448,262212,56,0,8,16384,32,2621464,3944480,33863,2139095040,93,0,0,0,0,0,0,0,0,0,1,0,1,0,0,0,0,0,0,0,0,0,0,0,0,0,0,0
1771685331400000,1771685331400000,8311934,8310910,8257662,7995448,262212,56,0,8,16384,32,2621464,3944480,33863,2139095040,93,0,0,0,0,0,0,0,0,0,1,0,1,0,0,0,0,0,0,0,0,0,0,0,0,0,0,0
1771685331940000,1771685331940000,8311934,8310910,8257662,7995448,262212,56,0,8,16384,32,2621464,3944480,33863,2139095040,93,0,0,0,0,0,0,0,0,0,1,0,1,0,0,0,0,0,0,0,0,0,0,0,0,0,0,0
1771685332480000,1771685332480000,8311934,8310910,8257662,7995448,262212,56,0,8,16384,32,2621464,3944480,33863,2139095040,93,0,0,0,0,0,0,0,0,0,1,0,1,0,0,0,0,0,0,0,0,0,0,0,0,0,0,0
1771685333020000,1771685333020000,8311934,8310910,8257662,7995448,262212,56,0,8,16384,32,2621464,3944480,33863,2139095040,93,0,0,0,0,0,0,0,0,0,1,0,1,0,0,0,0,0,0,0,0,0,0,0,0,0,0,0
1771685333560000,1771685333560000,8311934,8310910,8257662,7995448,262212,56,0,8,16384,32,2621464,3944480,33863,2139095040,93,0,0,0,0,0,0,0,0,0,1,0,1,0,0,0,0,0,0,0,0,0,0,0,0,0,0,0
1771685334100000,1771685334100000,8311934,8310910,8257662,7995448,262212,56,0,8,16384,32,2621464,3944480,33863,2139095040,93,0,0,0,0,0,0,0,0,0,1,0,1,0,0,0,0,0,0,0,0,0,0,0,0,0,0,0
1771685334640000,1771685334640000,8311934,8310910,8257662,7995448,262212,56,0,8,16384,32,2621464,3944480,33863,2139095040,93,0,0,0,0,0,0,0,0,0,1,0,1,0,0,0,0,0,0,0,0,0,0,0,0,0,0,0
1771685335180000,1771685335180000,8311934,8310910,8257662,7995448,262212,56,0,8,16384,32,2621464,3944480,33863,2139095040,93,0,0,0,0,0,0,0,0,0,1,0,1,0,0,0,0,0,0,0,0,0,0,0,0,0,0,0
1771685335720000,1771685335720000,8311934,8310910,8257662,7995448,262212,56,0,8,16384,32,2621464,3944480,33863,2139095040,93,0,0,0,0,0,0,0,0,0,1,0,1,0,0,0,0,0,0,0,0,0,0,0,0,0,0,0
1771685336260000,1771685336260000,8311934,8310910,8257662,7995448,262212,56,0,8,16384,32,2621464,3944480,33863,2139095040,93,0,0,0,0,0,0,0,0,0,1,0,1,0,0,0,0,0,0,0,0,0,0,0,0,0,0,0
1771685336800000,1771685336800000,8311934,8310910,8257662,7995448,262212,56,0,8,16384,32,2621464,3944480,33863,2139095040,93,0,0,0,0,0,0,0,0,0,1,0,1,0,0,0,0,0,0,0,0,0,0,0,0,0,0,0
1771685337340000,1771685337340000,8311934,8310910,8257662,7995448,262212,56,0,8,16384,32,2621464,3944480,33863,2139095040,93,0,0,0,0,0,0,0,0,0,1,0,1,0,0,0,0,0,0,0,0,0,0,0,0,0,0,0
1771685337880000,1771685337880000,8311934,8310910,8257662,7995448,262212,56,0,8,16384,32,2621464,3944480,33863,2139095040,93,0,0,0,0,0,0,0,0,0,1,0,1,0,0,0,0,0,0,0,0,0,0,0,0,0,0,0
1771685338420000,1771685338420000,8311934,8310910,8257662,7995448,262212,56,0,8,16384,32,2621464,3944480,33863,2139095040,93,0,0,0,0,0,0,0,0,0,1,0,1,0,0,0,0,0,0,0,0,0,0,0,0,0,0,0
1771685338960000,1771685338960000,8311934,8310910,8257662,7995448,262212,56,0,8,16384,32,2621464,3944480,33863,2139095040,93,0,0,0,0,0,0,0,0,0,1,0,1,0,0,0,0,0,0,0,0,0,0,0,0,0,0,0
1771685339500000,1771685339500000,8311934,8310910,8257662,7995448,262212,56,0,8,16384,32,2621464,3944480,33863,2139095040,93,0,0,0,0,0,0,0,0,0,1,0,1,0,0,0,0,0,0,0,0,0,0,0,0,0,0,0
1771685340040000,1771685340040000,8311934,8310910,8257662,7995448,262212,56,0,8,16384,32,2621464,3944480,33863,2139095040,93,0,0,0,0,0,0,0,0,0,1,0,1,0,0,0,0,0,0,0,0,0,0,0,0,0,0,0
1771685340580000,1771685340580000,8311934,8310910,8257662,7995448,262212,56,0,8,16384,32,2621464,3944480,33863,2139095040,93,0,0,0,0,0,0,0,0,0,1,0,1,0,0,0,0,0,0,0,0,0,0,0,0,0,0,0
1771685341120000,1771685341120000,8311934,8310910,8257662,7995448,262212,56,0,8,16384,32,2621464,3944480,33863,2139095040,93,0,0,0,0,0,0,0,0,0,1,0,1,0,0,0,0,0,0,0,0,0,0,0,0,0,0,0
1771685341660000,1771685341660000,8311934,8310910,8257662,7995448,262212,56,0,8,16384,32,2621464,3944480,33863,2139095040,93,0,0,0,0,0,0,0,0,0,1,0,1,0,0,0,0,0,0,0,0,0,0,0,0,0,0,0
1771685342200000,1771685342200000,8311934,8310910,8257662,7995448,262212,56,0,8,16384,32,2621464,3944480,33863,2139095040,93,0,0,0,0,0,0,0,0,0,1,0,1,0,0,0,0,0,0,0,0,0,0,0,0,0,0,0
1771685342740000,1771685342740000,8311934,8310910,8257662,7995448,262212,56,0,8,16384,32,2621464,3944480,33863,2139095040,93,0,0,0,0,0,0,0,0,0,1,0,1,0,0,0,0,0,0,0,0,0,0,0,0,0,0,0
1771685343280000,1771685343280000,8311934,8310910,8257662,7995448,262212,56,0,8,16384,32,2621464,3944480,33863,2139095040,93,0,0,0,0,0,0,0,0,0,1,0,1,0,0,0,0,0,0,0,0,0,0,0,0,0,0,0
1771685343820000,1771685343820000,8311934,8310910,8257662,7995448,262212,56,0,8,16384,32,2621464,3944480,33863,2139095040,93,0,0,0,0,0,0,0,0,0,1,0,1,0,0,0,0,0,0,0,0,0,0,0,0,0,0,0
1771685344360000,1771685344360000,8311934,8310910,8257662,7995448,262212,56,0,8,16384,32,2621464,3944480,33863,2139095040,93,0,0,0,0,0,0,0,0,0,1,0,1,0,0,0,0,0,0,0,0,0,0,0,0,0,0,0
1771685344900000,1771685344900000,8311934,8310910,8257662,7995448,262212,56,0,8,16384,32,2621464,3944480,33863,2139095040,93,0,0,0,0,0,0,0,0,0,1,0,1,0,0,0,0,0,0,0,0,0,0,0,0,0,0,0
1771685345440000,1771685345440000,8311934,8310910,8257662,7995448,262212,56,0,8,16384,32,2621464,3944480,33863,2139095040,93,0,0,0,0,0,0,0,0,0,1,0,1,0,0,0,0,0,0,0,0,0,0,0,0,0,0,0
1771685345980000,1771685345980000,8311934,8310910,8257662,7995448,262212,56,0,8,16384,32,2621464,3944480,33863,2139095040,93,0,0,0,0,0,0,0,0,0,1,0,1,0,0,0,0,0,0,0,0,0,0,0,0,0,0,0
1771685346520000,1771685346520000,8311934,8310910,8257662,7995448,262212,56,0,8,16384,32,2621464,3944480,33863,2139095040,93,0,0,0,0,0,0,0,0,0,1,0,1,0,0,0,0,0,0,0,0,0,0,0,0,0,0,0
1771685347060000,1771685347060000,8311934,8310910,8257662,7995448,262212,56,0,8,16384,32,2621464,3944480,33863,2139095040,93,0,0,0,0,0,0,0,0,0,1,0,1,0,0,0,0,0,0,0,0,0,0,0,0,0,0,0
1771685347600000,1771685347600000,8311934,8310910,8257662,7995448,262212,56,0,8,16384,32,2621464,3944480,33863,2139095040,93,0,0,0,0,0,0,0,0,0,1,0,1,0,0,0,0,0,0,0,0,0,0,0,0,0,0,0
1771685348140000,1771685348140000,8311934,8310910,8257662,7995448,262212,56,0,8,16384,32,2621464,3944480,33863,2139095040,93,0,0,0,0,0,0,0,0,0,1,0,1,0,0,0,0,0,0,0,0,0,0,0,0,0,0,0
1771685348680000,1771685348680000,8311934,8310910,8257662,7995448,262212,56,0,8,16384,32,2621464,3944480,33863,2139095040,93,0,0,0,0,0,0,0,0,0,1,0,1,0,0,0,0,0,0,0,0,0,0,0,0,0,0,0
1771685349220000,1771685349220000,8311934,8310910,8257662,7995448,262212,56,0,8,16384,32,2621464,3944480,33863,2139095040,93,0,0,0,0,0,0,0,0,0,1,0,1,0,0,0,0,0,0,0,0,0,0,0,0,0,0,0
1771685349760000,1771685349760000,8311934,8310910,8257662,7995448,262212,56,0,8,16384,32,2621464,3944480,33863,2139095040,93,0,0,0,0,0,0,0,0,0,1,0,1,0,0,0,0,0,0,0,0,0,0,0,0,0,0,0
1771685350300000,1771685350300000,8311934,8310910,8257662,7995448,262212,56,0,8,16384,32,2621464,3944480,33863,2139095040,93,0,0,0,0,0,0,0,0,0,1,0,1,0,0,0,0,0,0,0,0,0,0,0,0,0,0,0
1771685350840000,1771685350840000,8311934,8310910,8257662,7995448,262212,56,0,8,16384,32,2621464,3944480,33863,2139095040,93,0,0,0,0,0,0,0,0,0,1,0,1,0,0,0,0,0,0,0,0,0,0,0,0,0,0,0
1771685351380000,1771685351380000,8311934,8310910,8257662,7995448,262212,56,0,8,16384,32,2621464,3944480,33863,2139095040,93,0,0,0,0,0,0,0,0,0,1,0,1,0,0,0,0,0,0,0,0,0,0,0,0,0,0,0
1771685351920000,1771685351920000,8311934,8310910,8257662,7995448,262212,56,0,8,16384,32,2621464,3944480,33863,2139095040,93,0,0,0,0,0,0,0,0,0,1,0,1,0,0,0,0,0,0,0,0,0,0,0,0,0,0,0
1771685352460000,1771685352460000,8311934,8310910,8257662,7995448,262212,56,0,8,16384,32,2621464,3944480,33863,2139095040,93,0,0,0,0,0,0,0,0,0,1,0,1,0,0,0,0,0,0,0,0,0,0,0,0,0,0,0
1771685353000000,1771685353000000,8311934,8310910,8257662,7995448,262212,56,0,8,16384,32,2621464,3944480,33863,2139095040,93,0,0,0,0,0,0,0,0,0,1,0,1,0,0,0,0,0,0,0,0,0,0,0,0,0,0,0
1771685353540000,1771685353540000,8311934,8310910,8257662,7995448,262212,56,0,8,16384,32,2621464,3944480,33863,2139095040,93,0,0,0,0,0,0,0,0,0,1,0,1,0,0,0,0,0,0,0,0,0,0,0,0,0,0,0
1771685354080000,1771685354080000,8311934,8310910,8257662,7995448,262212,56,0,8,16384,32,2621464,3944480,33863,2139095040,93,0,0,0,0,0,0,0,0,0,1,0,1,0,0,0,0,0,0,0,0,0,0,0,0,0,0,0
1771685354620000,1771685354620000,8311934,8310910,8257662,7995448,262212,56,0,8,16384,32,2621464,3944480,33863,2139095040,93,0,0,0,0,0,0,0,0,0,1,0,1,0,0,0,0,0,0,0,0,0,0,0,0,0,0,0
1771685355160000,1771685355160000,8311934,8310910,8257662,7995448,262212,56,0,8,16384,32,2621464,3944480,33863,2139095040,93,0,0,0,0,0,0,0,0,0,1,0,1,0,0,0,0,0,0,0,0,0,0,0,0,0,0,0
1771685355700000,1771685355700000,8311934,8310910,8257662,7995448,262212,56,0,8,16384,32,2621464,3944480,33863,2139095040,93,0,0,0,0,0,0,0,0,0,1,0,1,0,0,0,0,0,0,0,0,0,0,0,0,0,0,0
1771685356240000,1771685356240000,8311934,8310910,8257662,7995448,262212,56,0,8,16384,32,2621464,3944480,33863,2139095040,93,0,0,0,0,0,0,0,0,0,1,0,1,0,0,0,0,0,0,0,0,0,0,0,0,0,0,0
1771685356780000,1771685356780000,8311934,8310910,8257662,7995448,262212,56,0,8,16384,32,2621464,3944480,33863,2139095040,93,0,0,0,0,0,0,0,0,0,1,0,1,0,0,0,0,0,0,0,0,0,0,0,0,0,0,0
1771685357320000,1771685357320000,8311934,8310910,8257662,7995448,262212,56,0,8,16384,32,2621464,3944480,33863,2139095040,93,0,0,0,0,0,0,0,0,0,1,0,1,0,0,0,0,0,0,0,0,0,0,0,0,0,0,0
1771685357860000,1771685357860000,8311934,8310910,8257662,7995448,262212,56,0,8,16384,32,2621464,3944480,33863,2139095040,93,0,0,0,0,0,0,0,0,0,1,0,1,0,0,0,0,0,0,0,0,0,0,0,0,0,0,0
1771685358400000,1771685358400000,8311934,8310910,8257662,7995448,262212,56,0,8,16384,32,2621464,3944480,33863,2139095040,93,0,0,0,0,0,0,0,0,0,1,0,1,0,0,0,0,0,0,0,0,0,0,0,0,0,0,0
1771685358940000,1771685358940000,8311934,8310910,8257662,7995448,262212,56,0,8,16384,32,2621464,3944480,33863,2139095040,93,0,0,0,0,0,0,0,0,0,1,0,1,0,0,0,0,0,0,0,0,0,0,0,0,0,0,0
1771685359480000,1771685359480000,8311934,8310910,8257662,7995448,262212,56,0,8,16384,32,2621464,3944480,33863,2139095040,93,0,0,0,0,0,0,0,0,0,1,0,1,0,0,0,0,0,0,0,0,0,0,0,0,0,0,0
1771685360020000,1771685360020000,8311934,8310910,8257662,7995448,262212,56,0,8,16384,32,2621464,3944480,33863,2139095040,93,0,0,0,0,0,0,0,0,0,1,0,1,0,0,0,0,0,0,0,0,0,0,0,0,0,0,0
1771685360560000,1771685360560000,8311934,8310910,8257662,7995448,262212,56,0,8,16384,32,2621464,3944480,33863,2139095040,93,0,0,0,0,0,0,0,0,0,1,0,1,0,0,0,0,0,0,0,0,0,0,0,0,0,0,0
1771685361100000,1771685361100000,8311934,8310910,8257662,7995448,262212,56,0,8,16384,32,2621464,3944480,33863,2139095040,93,0,0,0,0,0,0,0,0,0,1,0,1,0,0,0,0,0,0,0,0,0,0,0,0,0,0,0
1771685361640000,1771685361640000,8311934,8310910,8257662,7995448,262212,56,0,8,16384,32,2621464,3944480,33863,2139095040,93,0,0,0,0,0,0,0,0,0,1,0,1,0,0,0,0,0,0,0,0,0,0,0,0,0,0,0
1771685362180000,1771685362180000,8311934,8310910,8257662,7995448,262212,56,0,8,16384,32,2621464,3944480,33863,2139095040,93,0,0,0,0,0,0,0,0,0,1,0,1,0,0,0,0,0,0,0,0,0,0,0,0,0,0,0
1771685362720000,1771685362720000,8311934,8310910,8257662,7995448,262212,56,0,8,16384,32,2621464,3944480,33863,2139095040,93,0,0,0,0,0,0,0,0,0,1,0,1,0,0,0,0,0,0,0,0,0,0,0,0,0,0,0
1771685363260000,1771685363260000,8311934,8310910,8257662,7995448,262212,56,0,8,16384,32,2621464,3944480,33863,2139095040,93,0,0,0,0,0,0,0,0,0,1,0,1,0,0,0,0,0,0,0,0,0,0,0,0,0,0,0
1771685363800000,1771685363800000,8311934,8310910,8257662,7995448,262212,56,0,8,16384,32,2621464,3944480,33863,2139095040,93,0,0,0,0,0,0,0,0,0,1,0,1,0,0,0,0,0,0,0,0,0,0,0,0,0,0,0
1771685364340000,1771685364340000,8311934,8310910,8257662,7995448,262212,56,0,8,16384,32,2621464,3944480,33863,2139095040,93,0,0,0,0,0,0,0,0,0,1,0,1,0,0,0,0,0,0,0,0,0,0,0,0,0,0,0
1771685364880000,1771685364880000,8311934,8310910,8257662,7995448,262212,56,0,8,16384,32,2621464,3944480,33863,2139095040,93,0,0,0,0,0,0,0,0,0,1,0,1,0,0,0,0,0,0,0,0,0,0,0,0,0,0,0
1771685365420000,1771685365420000,8311934,8310910,8257662,7995448,262212,56,0,8,16384,32,2621464,3944480,33863,2139095040,93,0,0,0,0,0,0,0,0,0,1,0,1,0,0,0,0,0,0,0,0,0,0,0,0,0,0,0
1771685365960000,1771685365960000,8311934,8310910,8257662,7995448,262212,56,0,8,16384,32,2621464,3944480,33863,2139095040,93,0,0,0,0,0,0,0,0,0,1,0,1,0,0,0,0,0,0,0,0,0,0,0,0,0,0,0
1771685366500000,1771685366500000,8311934,8310910,8257662,7995448,262212,56,0,8,16384,32,2621464,3944480,33863,2139095040,93,0,0,0,0,0,0,0,0,0,1,0,1,0,0,0,0,0,0,0,0,0,0,0,0,0,0,0
1771685367040000,1771685367040000,8311934,8310910,8257662,7995448,262212,56,0,8,16384,32,2621464,3944480,33863,2139095040,93,0,0,0,0,0,0,0,0,0,1,0,1,0,0,0,0,0,0,0,0,0,0,0,0,0,0,0
1771685367580000,1771685367580000,8311934,8310910,8257662,7995448,262212,56,0,8,16384,32,2621464,3944480,33863,2139095040,93,0,0,0,0,0,0,0,0,0,1,0,1,0,0,0,0,0,0,0,0,0,0,0,0,0,0,0
1771685368120000,1771685368120000,8311934,8310910,8257662,7995448,262212,56,0,8,16384,32,2621464,3944480,33863,2139095040,93,0,0,0,0,0,0,0,0,0,1,0,1,0,0,0,0,0,0,0,0,0,0,0,0,0,0,0
1771685368660000,1771685368660000,8311934,8310910,8257662,7995448,262212,56,0,8,16384,32,2621464,3944480,33863,2139095040,93,0,0,0,0,0,0,0,0,0,1,0,1,0,0,0,0,0,0,0,0,0,0,0,0,0,0,0
1771685369200000,1771685369200000,8311934,8310910,8257662,7995448,262212,56,0,8,16384,32,2621464,3944480,33863,2139095040,93,0,0,0,0,0,0,0,0,0,1,0,1,0,0,0,0,0,0,0,0,0,0,0,0,0,0,0
1771685369740000,1771685369740000,8311934,8310910,8257662,7995448,262212,56,0,8,16384,32,2621464,3944480,33863,2139095040,93,0,0,0,0,0,0,0,0,0,1,0,1,0,0,0,0,0,0,0,0,0,0,0,0,0,0,0
1771685370280000,1771685370280000,8311934,8310910,8257662,7995448,262212,56,0,8,16384,32,2621464,3944480,33863,2139095040,93,0,0,0,0,0,0,0,0,0,1,0,1,0,0,0,0,0,0,0,0,0,0,0,0,0,0,0
1771685370820000,1771685370820000,8311934,8310910,8257662,7995448,262212,56,0,8,16384,32,2621464,3944480,33863,2139095040,93,0,0,0,0,0,0,0,0,0,1,0,1,0,0,0,0,0,0,0,0,0,0,0,0,0,0,0
1771685371360000,1771685371360000,8311934,8310910,8257662,7995448,262212,56,0,8,16384,32,2621464,3944480,33863,2139095040,93,0,0,0,0,0,0,0,0,0,1,0,1,0,0,0,0,0,0,0,0,0,0,0,0,0,0,0
1771685371900000,1771685371900000,8311934,8310910,8257662,7995448,262212,56,0,8,16384,32,2621464,3944480,33863,2139095040,93,0,0,0,0,0,0,0,0,0,1,0,1,0,0,0,0,0,0,0,0,0,0,0,0,0,0,0
1771685372440000,1771685372440000,8311934,8310910,8257662,7995448,262212,56,0,8,16384,32,2621464,3944480,33863,2139095040,93,0,0,0,0,0,0,0,0,0,1,0,1,0,0,0,0,0,0,0,0,0,0,0,0,0,0,0
1771685372980000,1771685372980000,8311934,8310910,8257662,7995448,262212,56,0,8,16384,32,2621464,3944480,33863,2139095040,93,0,0,0,0,0,0,0,0,0,1,0,1,0,0,0,0,0,0,0,0,0,0,0,0,0,0,0
1771685373520000,1771685373520000,8311934,8310910,8257662,7995448,262212,56,0,8,16384,32,2621464,3944480,33863,2139095040,93,0,0,0,0,0,0,0,0,0,1,0,1,0,0,0,0,0,0,0,0,0,0,0,0,0,0,0
1771685374060000,1771685374060000,8311934,8310910,8257662,7995448,262212,56,0,8,16384,32,2621464,3944480,33863,2139095040,93,0,0,0,0,0,0,0,0,0,1,0,1,0,0,0,0,0,0,0,0,0,0,0,0,0,0,0
1771685374600000,1771685374600000,8311934,8310910,8257662,7995448,262212,56,0,8,16384,32,2621464,3944480,33863,2139095040,93,0,0,0,0,0,0,0,0,0,1,0,1,0,0,0,0,0,0,0,0,0,0,0,0,0,0,0
1771685375140000,1771685375140000,8311934,8310910,8257662,7995448,262212,56,0,8,16384,32,2621464,3944480,33863,2139095040,93,0,0,0,0,0,0,0,0,0,1,0,1,0,0,0,0,0,0,0,0,0,0,0,0,0,0,0
1771685375680000,1771685375680000,8311934,8310910,8257662,7995448,262212,56,0,8,16384,32,2621464,3944480,33863,2139095040,93,0,0,0,0,0,0,0,0,0,1,0,1,0,0,0,0,0,0,0,0,0,0,0,0,0,0,0
1771685376220000,1771685376220000,8311934,8310910,8257662,7995448,262212,56,0,8,16384,32,2621464,3944480,33863,2139095040,93,0,0,0,0,0,0,0,0,0,1,0,1,0,0,0,0,0,0,0,0,0,0,0,0,0,0,0
1771685376760000,1771685376760000,8311934,8310910,8257662,7995448,262212,56,0,8,16384,32,2621464,3944480,33863,2139095040,93,0,0,0,0,0,0,0,0,0,1,0,1,0,0,0,0,0,0,0,0,0,0,0,0,0,0,0
1771685377300000,1771685377300000,8311934,8310910,8257662,7995448,262212,56,0,8,16384,32,2621464,3944480,33863,2139095040,93,0,0,0,0,0,0,0,0,0,1,0,1,0,0,0,0,0,0,0,0,0,0,0,0,0,0,0
1771685377840000,1771685377840000,8311934,8310910,8257662,7995448,262212,56,0,8,16384,32,2621464,3944480,33863,2139095040,93,0,0,0,0,0,0,0,0,0,1,0,1,0,0,0,0,0,0,0,0,0,0,0,0,0,0,0
1771685378380000,1771685378380000,8311934,8310910,8257662,7995448,262212,56,0,8,16384,32,2621464,3944480,33863,2139095040,93,0,0,0,0,0,0,0,0,0,1,0,1,0,0,0,0,0,0,0,0,0,0,0,0,0,0,0
1771685378920000,1771685378920000,8311934,8310910,8257662,7995448,262212,56,0,8,16384,32,2621464,3944480,33863,2139095040,93,0,0,0,0,0,0,0,0,0,1,0,1,0,0,0,0,0,0,0,0,0,0,0,0,0,0,0
1771685379460000,1771685379460000,8311934,8310910,8257662,7995448,262212,56,0,8,16384,32,2621464,3944480,33863,2139095040,93,0,0,0,0,0,0,0,0,0,1,0,1,0,0,0,0,0,0,0,0,0,0,0,0,0,0,0
1771685380000000,1771685380000000,8311934,8310910,8257662,7995448,262212,56,0,8,16384,32,2621464,3944480,33863,2139095040,93,0,0,0,0,0,0,0,0,0,1,0,1,0,0,0,0,0,0,0,0,0,0,0,0,0,0,0
1771685380540000,1771685380540000,8311934,8310910,8257662,7995448,262212,56,0,8,16384,32,2621464,3944480,33863,2139095040,93,0,0,0,0,0,0,0,0,0,1,0,1,0,0,0,0,0,0,0,0,0,0,0,0,0,0,0
1771685381080000,1771685381080000,8311934,8310910,8257662,7995448,262212,56,0,8,16384,32,2621464,3944480,33863,2139095040,93,0,0,0,0,0,0,0,0,0,1,0,1,0,0,0,0,0,0,0,0,0,0,0,0,0,0,0
1771685381620000,1771685381620000,8311934,8310910,8257662,7995448,262212,56,0,8,16384,32,2621464,3944480,33863,2139095040,93,0,0,0,0,0,0,0,0,0,1,0,1,0,0,0,0,0,0,0,0,0,0,0,0,0,0,0
1771685382160000,1771685382160000,8311934,8310910,8257662,7995448,262212,56,0,8,16384,32,2621464,3944480,33863,2139095040,93,0,0,0,0,0,0,0,0,0,1,0,1,0,0,0,0,0,0,0,0,0,0,0,0,0,0,0
1771685382700000,1771685382700000,8311934,8310910,8257662,7995448,262212,56,0,8,16384,32,2621464,3944480,33863,2139095040,93,0,0,0,0,0,0,0,0,0,1,0,1,0,0,0,0,0,0,0,0,0,0,0,0,0,0,0
1771685383240000,1771685383240000,8311934,8310910,8257662,7995448,262212,56,0,8,16384,32,2621464,3944480,33863,2139095040,93,0,0,0,0,0,0,0,0,0,1,0,1,0,0,0,0,0,0,0,0,0,0,0,0,0,0,0
1771685383780000,1771685383780000,8311934,8310910,8257662,7995448,262212,56,0,8,16384,32,2621464,3944480,33863,2139095040,93,0,0,0,0,0,0,0,0,0,1,0,1,0,0,0,0,0,0,0,0,0,0,0,0,0,0,0
1771685384320000,1771685384320000,8311934,8310910,8257662,7995448,262212,56,0,8,16384,32,2621464,3944480,33863,2139095040,93,0,0,0,0,0,0,0,0,0,1,0,1,0,0,0,0,0,0,0,0,0,0,0,0,0,0,0
1771685384860000,1771685384860000,8311934,8310910,8257662,7995448,262212,56,0,8,16384,32,2621464,3944480,33863,2139095040,93,0,0,0,0,0,0,0,0,0,1,0,1,0,0,0,0,0,0,0,0,0,0,0,0,0,0,0
1771685385400000,1771685385400000,8311934,8310910,8257662,7995448,262212,56,0,8,16384,32,2621464,3944480,33863,2139095040,93,0,0,0,0,0,0,0,0,0,1,0,1,0,0,0,0,0,0,0,0,0,0,0,0,0,0,0
1771685385940000,1771685385940000,8311934,8310910,8257662,7995448,262212,56,0,8,16384,32,2621464,3944480,33863,2139095040,93,0,0,0,0,0,0,0,0,0,1,0,1,0,0,0,0,0,0,0,0,0,0,0,0,0,0,0
1771685386480000,1771685386480000,8311934,8310910,8257662,7995448,262212,56,0,8,16384,32,2621464,3944480,33863,2139095040,93,0,0,0,0,0,0,0,0,0,1,0,1,0,0,0,0,0,0,0,0,0,0,0,0,0,0,0
1771685387020000,1771685387020000,8311934,8310910,8257662,7995448,262212,56,0,8,16384,32,2621464,3944480,33863,2139095040,93,0,0,0,0,0,0,0,0,0,1,0,1,0,0,0,0,0,0,0,0,0,0,0,0,0,0,0
1771685387560000,1771685387560000,8311934,8310910,8257662,7995448,262212,56,0,8,16384,32,2621464,3944480,33863,2139095040,93,0,0,0,0,0,0,0,0,0,1,0,1,0,0,0,0,0,0,0,0,0,0,0,0,0,0,0
1771685388100000,1771685388100000,8311934,8310910,8257662,7995448,262212,56,0,8,16384,32,2621464,3944480,33863,2139095040,93,0,0,0,0,0,0,0,0,0,1,0,1,0,0,0,0,0,0,0,0,0,0,0,0,0,0,0
1771685388640000,1771685388640000,8311934,8310910,8257662,7995448,262212,56,0,8,16384,32,2621464,3944480,33863,2139095040,93,0,0,0,0,0,0,0,0,0,1,0,1,0,0,0,0,0,0,0,0,0,0,0,0,0,0,0
1771685389180000,1771685389180000,8311934,8310910,8257662,7995448,262212,56,0,8,16384,32,2621464,3944480,33863,2139095040,93,0,0,0,0,0,0,0,0,0,1,0,1,0,0,0,0,0,0,0,0,0,0,0,0,0,0,0
1771685389720000,1771685389720000,8311934,8310910,8257662,7995448,262212,56,0,8,16384,32,2621464,3944480,33863,2139095040,93,0,0,0,0,0,0,0,0,0,1,0,1,0,0,0,0,0,0,0,0,0,0,0,0,0,0,0
1771685390260000,1771685390260000,8311934,8310910,8257662,7995448,262212,56,0,8,16384,32,2621464,3944480,33863,2139095040,93,0,0,0,0,0,0,0,0,0,1,0,1,0,0,0,0,0,0,0,0,0,0,0,0,0,0,0
1771685390800000,1771685390800000,8311934,8310910,8257662,7995448,262212,56,0,8,16384,32,2621464,3944480,33863,2139095040,93,0,0,0,0,0,0,0,0,0,1,0,1,0,0,0,0,0,0,0,0,0,0,0,0,0,0,0
1771685391340000,1771685391340000,8311934,8310910,8257662,7995448,262212,56,0,8,16384,32,2621464,3944480,33863,2139095040,93,0,0,0,0,0,0,0,0,0,1,0,1,0,0,0,0,0,0,0,0,0,0,0,0,0,0,0
1771685391880000,1771685391880000,8311934,8310910,8257662,7995448,262212,56,0,8,16384,32,2621464,3944480,33863,2139095040,93,0,0,0,0,0,0,0,0,0,1,0,1,0,0,0,0,0,0,0,0,0,0,0,0,0,0,0
1771685392420000,1771685392420000,8311934,8310910,8257662,7995448,262212,56,0,8,16384,32,2621464,3944480,33863,2139095040,93,0,0,0,0,0,0,0,0,0,1,0,1,0,0,0,0,0,0,0,0,0,0,0,0,0,0,0
1771685392960000,1771685392960000,8311934,8310910,8257662,7995448,262212,56,0,8,16384,32,2621464,3944480,33863,2139095040,93,0,0,0,0,0,0,0,0,0,1,0,1,0,0,0,0,0,0,0,0,0,0,0,0,0,0,0
1771685393500000,1771685393500000,8311934,8310910,8257662,7995448,262212,56,0,8,16384,32,2621464,3944480,33863,2139095040,93,0,0,0,0,0,0,0,0,0,1,0,1,0,0,0,0,0,0,0,0,0,0,0,0,0,0,0
1771685394040000,1771685394040000,8311934,8310910,8257662,7995448,262212,56,0,8,16384,32,2621464,3944480,33863,2139095040,93,0,0,0,0,0,0,0,0,0,1,0,1,0,0,0,0,0,0,0,0,0,0,0,0,0,0,0
1771685394580000,1771685394580000,8311934,8310910,8257662,7995448,262212,56,0,8,16384,32,2621464,3944480,33863,2139095040,93,0,0,0,0,0,0,0,0,0,1,0,1,0,0,0,0,0,0,0,0,0,0,0,0,0,0,0
1771685395120000,1771685395120000,8311934,8310910,8257662,7995448,262212,56,0,8,16384,32,2621464,3944480,33863,2139095040,93,0,0,0,0,0,0,0,0,0,1,0,1,0,0,0,0,0,0,0,0,0,0,0,0,0,0,0
1771685395660000,1771685395660000,8311934,8310910,8257662,7995448,262212,56,0,8,16384,32,2621464,3944480,33863,2139095040,93,0,0,0,0,0,0,0,0,0,1,0,1,0,0,0,0,0,0,0,0,0,0,0,0,0,0,0
1771685396200000,1771685396200000,8311934,8310910,8257662,7995448,262212,56,0,8,16384,32,2621464,3944480,33863,2139095040,93,0,0,0,0,0,0,0,0,0,1,0,1,0,0,0,0,0,0,0,0,0,0,0,0,0,0,0
1771685396740000,1771685396740000,8311934,8310910,8257662,7995448,262212,56,0,8,16384,32,2621464,3944480,33863,2139095040,93,0,0,0,0,0,0,0,0,0,1,0,1,0,0,0,0,0,0,0,0,0,0,0,0,0,0,0
1771685397280000,1771685397280000,8311934,8310910,8257662,7995448,262212,56,0,8,16384,32,2621464,3944480,33863,2139095040,93,0,0,0,0,0,0,0,0,0,1,0,1,0,0,0,0,0,0,0,0,0,0,0,0,0,0,0
1771685397820000,1771685397820000,8311934,8310910,8257662,7995448,262212,56,0,8,16384,32,2621464,3944480,33863,2139095040,93,0,0,0,0,0,0,0,0,0,1,0,1,0,0,0,0,0,0,0,0,0,0,0,0,0,0,0
1771685398360000,1771685398360000,8311934,8310910,8257662,7995448,262212,56,0,8,16384,32,2621464,3944480,33863,2139095040,93,0,0,0,0,0,0,0,0,0,1,0,1,0,0,0,0,0,0,0,0,0,0,0,0,0,0,0
1771685398900000,1771685398900000,8311934,8310910,8257662,7995448,262212,56,0,8,16384,32,2621464,3944480,33863,2139095040,93,0,0,0,0,0,0,0,0,0,1,0,1,0,0,0,0,0,0,0,0,0,0,0,0,0,0,0
1771685399440000,1771685399440000,8311934,8310910,8257662,7995448,262212,56,0,8,16384,32,2621464,3944480,33863,2139095040,93,0,0,0,0,0,0,0,0,0,1,0,1,0,0,0,0,0,0,0,0,0,0,0,0,0,0,0
1771685399980000,1771685399980000,8311934,8310910,8257662,7995448,262212,56,0,8,16384,32,2621464,3944480,33863,2139095040,93,0,0,0,0,0,0,0,0,0,1,0,1,0,0,0,0,0,0,0,0,0,0,0,0,0,0,0
1771685400520000,1771685400520000,8311934,8310910,8257662,7995448,262212,56,0,8,16384,32,2621464,3944480,33863,2139095040,93,0,0,0,0,0,0,0,0,0,1,0,1,0,0,0,0,0,0,0,0,0,0,0,0,0,0,0
1771685401060000,1771685401060000,8311934,8310910,8257662,7995448,262212,56,0,8,16384,32,2621464,3944480,33863,2139095040,93,0,0,0,0,0,0,0,0,0,1,0,1,0,0,0,0,0,0,0,0,0,0,0,0,0,0,0
1771685401600000,1771685401600000,8311934,8310910,8257662,7995448,262212,56,0,8,16384,32,2621464,3944480,33863,2139095040,93,0,0,0,0,0,0,0,0,0,1,0,1,0,0,0,0,0,0,0,0,0,0,0,0,0,0,0
1771685402140000,1771685402140000,8311934,8310910,8257662,7995448,262212,56,0,8,16384,32,2621464,3944480,33863,2139095040,93,0,0,0,0,0,0,0,0,0,1,0,1,0,0,0,0,0,0,0,0,0,0,0,0,0,0,0
1771685402680000,1771685402680000,8311934,8310910,8257662,7995448,262212,56,0,8,16384,32,2621464,3944480,33863,2139095040,93,0,0,0,0,0,0,0,0,0,1,0,1,0,0,0,0,0,0,0,0,0,0,0,0,0,0,0
1771685403220000,1771685403220000,8311934,8310910,8257662,7995448,262212,56,0,8,16384,32,2621464,3944480,33863,2139095040,93,0,0,0,0,0,0,0,0,0,1,0,1,0,0,0,0,0,0,0,0,0,0,0,0,0,0,0
1771685403760000,1771685403760000,8311934,8310910,8257662,7995448,262212,56,0,8,16384,32,2621464,3944480,33863,2139095040,93,0,0,0,0,0,0,0,0,0,1,0,1,0,0,0,0,0,0,0,0,0,0,0,0,0,0,0
1771685404300000,1771685404300000,8311934,8310910,8257662,7995448,262212,56,0,8,16384,32,2621464,3944480,33863,2139095040,93,0,0,0,0,0,0,0,0,0,1,0,1,0,0,0,0,0,0,0,0,0,0,0,0,0,0,0
1771685404840000,1771685404840000,8311934,8310910,8257662,7995448,262212,56,0,8,16384,32,2621464,3944480,33863,2139095040,93,0,0,0,0,0,0,0,0,0,1,0,1,0,0,0,0,0,0,0,0,0,0,0,0,0,0,0
1771685405380000,1771685405380000,8311934,8310910,8257662,7995448,262212,56,0,8,16384,32,2621464,3944480,33863,2139095040,93,0,0,0,0,0,0,0,0,0,1,0,1,0,0,0,0,0,0,0,0,0,0,0,0,0,0,0
1771685405920000,1771685405920000,8311934,8310910,8257662,7995448,262212,56,0,8,16384,32,2621464,3944480,33863,2139095040,93,0,0,0,0,0,0,0,0,0,1,0,1,0,0,0,0,0,0,0,0,0,0,0,0,0,0,0
1771685406460000,1771685406460000,8311934,8310910,8257662,7995448,262212,56,0,8,16384,32,2621464,3944480,33863,2139095040,93,0,0,0,0,0,0,0,0,0,1,0,1,0,0,0,0,0,0,0,0,0,0,0,0,0,0,0
1771685407000000,1771685407000000,8311934,8310910,8257662,7995448,262212,56,0,8,16384,32,2621464,3944480,33863,2139095040,93,0,0,0,0,0,0,0,0,0,1,0,1,0,0,0,0,0,0,0,0,0,0,0,0,0,0,0
1771685407540000,1771685407540000,8311934,8310910,8257662,7995448,262212,56,0,8,16384,32,2621464,3944480,33863,2139095040,93,0,0,0,0,0,0,0,0,0,1,0,1,0,0,0,0,0,0,0,0,0,0,0,0,0,0,0
1771685408080000,1771685408080000,8311934,8310910,8257662,7995448,262212,56,0,8,16384,32,2621464,3944480,33863,2139095040,93,0,0,0,0,0,0,0,0,0,1,0,1,0,0,0,0,0,0,0,0,0,0,0,0,0,0,0
1771685408620000,1771685408620000,8311934,8310910,8257662,7995448,262212,56,0,8,16384,32,2621464,3944480,33863,2139095040,93,0,0,0,0,0,0,0,0,0,1,0,1,0,0,0,0,0,0,0,0,0,0,0,0,0,0,0
1771685409160000,1771685409160000,8311934,8310910,8257662,7995448,262212,56,0,8,16384,32,2621464,3944480,33863,2139095040,93,0,0,0,0,0,0,0,0,0,1,0,1,0,0,0,0,0,0,0,0,0,0,0,0,0,0,0
1771685409700000,1771685409700000,8311934,8310910,8257662,7995448,262212,56,0,8,16384,32,2621464,3944480,33863,2139095040,93,0,0,0,0,0,0,0,0,0,1,0,1,0,0,0,0,0,0,0,0,0,0,0,0,0,0,0
1771685410240000,1771685410240000,8311934,8310910,8257662,7995448,262212,56,0,8,16384,32,2621464,3944480,33863,2139095040,93,0,0,0,0,0,0,0,0,0,1,0,1,0,0,0,0,0,0,0,0,0,0,0,0,0,0,0
1771685410780000,1771685410780000,8311934,8310910,8257662,7995448,262212,56,0,8,16384,32,2621464,3944480,33863,2139095040,93,0,0,0,0,0,0,0,0,0,1,0,1,0,0,0,0,0,0,0,0,0,0,0,0,0,0,0
1771685411320000,1771685411320000,8311934,8310910,8257662,7995448,262212,56,0,8,16384,32,2621464,3944480,33863,2139095040,93,0,0,0,0,0,0,0,0,0,1,0,1,0,0,0,0,0,0,0,0,0,0,0,0,0,0,0
1771685411860000,1771685411860000,8311934,8310910,8257662,7995448,262212,56,0,8,16384,32,2621464,3944480,33863,2139095040,93,0,0,0,0,0,0,0,0,0,1,0,1,0,0,0,0,0,0,0,0,0,0,0,0,0,0,0
1771685412400000,1771685412400000,8311934,8310910,8257662,7995448,262212,56,0,8,16384,32,2621464,3944480,33863,2139095040,93,0,0,0,0,0,0,0,0,0,1,0,1,0,0,0,0,0,0,0,0,0,0,0,0,0,0,0
1771685412940000,1771685412940000,8311934,8310910,8257662,7995448,262212,56,0,8,16384,32,2621464,3944480,33863,2139095040,93,0,0,0,0,0,0,0,0,0,1,0,1,0,0,0,0,0,0,0,0,0,0,0,0,0,0,0
1771685413480000,1771685413480000,8311934,8310910,8257662,7995448,262212,56,0,8,16384,32,2621464,3944480,33863,2139095040,93,0,0,0,0,0,0,0,0,0,1,0,1,0,0,0,0,0,0,0,0,0,0,0,0,0,0,0
1771685414020000,1771685414020000,8311934,8310910,8257662,7995448,262212,56,0,8,16384,32,2621464,3944480,33863,2139095040,93,0,0,0,0,0,0,0,0,0,1,0,1,0,0,0,0,0,0,0,0,0,0,0,0,0,0,0
1771685414560000,1771685414560000,8311934,8310910,8257662,7995448,262212,56,0,8,16384,32,2621464,3944480,33863,2139095040,93,0,0,0,0,0,0,0,0,0,1,0,1,0,0,0,0,0,0,0,0,0,0,0,0,0,0,0
1771685415100000,1771685415100000,8311934,8310910,8257662,7995448,262212,56,0,8,16384,32,2621464,3944480,33863,2139095040,93,0,0,0,0,0,0,0,0,0,1,0,1,0,0,0,0,0,0,0,0,0,0,0,0,0,0,0
1771685415640000,1771685415640000,8311934,8310910,8257662,7995448,262212,56,0,8,16384,32,2621464,3944480,33863,2139095040,93,0,0,0,0,0,0,0,0,0,1,0,1,0,0,0,0,0,0,0,0,0,0,0,0,0,0,0
1771685416180000,1771685416180000,8311934,8310910,8257662,7995448,262212,56,0,8,16384,32,2621464,3944480,33863,2139095040,93,0,0,0,0,0,0,0,0,0,1,0,1,0,0,0,0,0,0,0,0,0,0,0,0,0,0,0
1771685416720000,1771685416720000,8311934,8310910,8257662,7995448,262212,56,0,8,16384,32,2621464,3944480,33863,2139095040,93,0,0,0,0,0,0,0,0,0,1,0,1,0,0,0,0,0,0,0,0,0,0,0,0,0,0,0
1771685417260000,1771685417260000,8311934,8310910,8257662,7995448,262212,56,0,8,16384,32,2621464,3944480,33863,2139095040,93,0,0,0,0,0,0,0,0,0,1,0,1,0,0,0,0,0,0,0,0,0,0,0,0,0,0,0
1771685417800000,1771685417800000,8311934,8310910,8257662,7995448,262212,56,0,8,16384,32,2621464,3944480,33863,2139095040,93,0,0,0,0,0,0,0,0,0,1,0,1,0,0,0,0,0,0,0,0,0,0,0,0,0,0,0
1771685418340000,1771685418340000,8311934,8310910,8257662,7995448,262212,56,0,8,16384,32,2621464,3944480,33863,2139095040,93,0,0,0,0,0,0,0,0,0,1,0,1,0,0,0,0,0,0,0,0,0,0,0,0,0,0,0
1771685418880000,1771685418880000,8311934,8310910,8257662,7995448,262212,56,0,8,16384,32,2621464,3944480,33863,2139095040,93,0,0,0,0,0,0,0,0,0,1,0,1,0,0,0,0,0,0,0,0,0,0,0,0,0,0,0
1771685419420000,1771685419420000,8311934,8310910,8257662,7995448,262212,56,0,8,16384,32,2621464,3944480,33863,2139095040,93,0,0,0,0,0,0,0,0,0,1,0,1,0,0,0,0,0,0,0,0,0,0,0,0,0,0,0
1771685419960000,1771685419960000,8311934,8310910,8257662,7995448,262212,56,0,8,16384,32,2621464,3944480,33863,2139095040,93,0,0,0,0,0,0,0,0,0,1,0,1,0,0,0,0,0,0,0,0,0,0,0,0,0,0,0
1771685420500000,1771685420500000,8311934,8310910,8257662,7995448,262212,56,0,8,16384,32,2621464,3944480,33863,2139095040,93,0,0,0,0,0,0,0,0,0,1,0,1,0,0,0,0,0,0,0,0,0,0,0,0,0,0,0
1771685421040000,1771685421040000,8311934,8310910,8257662,7995448,262212,56,0,8,16384,32,2621464,3944480,33863,2139095040,93,0,0,0,0,0,0,0,0,0,1,0,1,0,0,0,0,0,0,0,0,0,0,0,0,0,0,0
1771685421580000,1771685421580000,8311934,8310910,8257662,7995448,262212,56,0,8,16384,32,2621464,3944480,33863,2139095040,93,0,0,0,0,0,0,0,0,0,1,0,1,0,0,0,0,0,0,0,0,0,0,0,0,0,0,0
1771685422120000,1771685422120000,8311934,8310910,8257662,7995448,262212,56,0,8,16384,32,2621464,3944480,33863,2139095040,93,0,0,0,0,0,0,0,0,0,1,0,1,0,0,0,0,0,0,0,0,0,0,0,0,0,0,0
1771685422660000,1771685422660000,8311934,8310910,8257662,7995448,262212,56,0,8,16384,32,2621464,3944480,33863,2139095040,93,0,0,0,0,0,0,0,0,0,1,0,1,0,0,0,0,0,0,0,0,0,0,0,0,0,0,0
1771685423200000,1771685423200000,8311934,8310910,8257662,7995448,262212,56,0,8,16384,32,2621464,3944480,33863,2139095040,93,0,0,0,0,0,0,0,0,0,1,0,1,0,0,0,0,0,0,0,0,0,0,0,0,0,0,0
1771685423740000,1771685423740000,8311934,8310910,8257662,7995448,262212,56,0,8,16384,32,2621464,3944480,33863,2139095040,93,0,0,0,0,0,0,0,0,0,1,0,1,0,0,0,0,0,0,0,0,0,0,0,0,0,0,0
1771685424280000,1771685424280000,8311934,8310910,8257662,7995448,262212,56,0,8,16384,32,2621464,3944480,33863,2139095040,93,0,0,0,0,0,0,0,0,0,1,0,1,0,0,0,0,0,0,0,0,0,0,0,0,0,0,0
1771685424820000,1771685424820000,8311934,8310910,8257662,7995448,262212,56,0,8,16384,32,2621464,3944480,33863,2139095040,93,0,0,0,0,0,0,0,0,0,1,0,1,0,0,0,0,0,0,0,0,0,0,0,0,0,0,0
1771685425360000,1771685425360000,8311934,8310910,8257662,7995448,262212,56,0,8,16384,32,2621464,3944480,33863,2139095040,93,0,0,0,0,0,0,0,0,0,1,0,1,0,0,0,0,0,0,0,0,0,0,0,0,0,0,0
1771685425900000,1771685425900000,8311934,8310910,8257662,7995448,262212,56,0,8,16384,32,2621464,3944480,33863,2139095040,93,0,0,0,0,0,0,0,0,0,1,0,1,0,0,0,0,0,0,0,0,0,0,0,0,0,0,0
1771685426440000,1771685426440000,8311934,8310910,8257662,7995448,262212,56,0,8,16384,32,2621464,3944480,33863,2139095040,93,0,0,0,0,0,0,0,0,0,1,0,1,0,0,0,0,0,0,0,0,0,0,0,0,0,0,0
1771685426980000,1771685426980000,8311934,8310910,8257662,7995448,262212,56,0,8,16384,32,2621464,3944480,33863,2139095040,93,0,0,0,0,0,0,0,0,0,1,0,1,0,0,0,0,0,0,0,0,0,0,0,0,0,0,0
1771685427520000,1771685427520000,8311934,8310910,8257662,7995448,262212,56,0,8,16384,32,2621464,3944480,33863,2139095040,93,0,0,0,0,0,0,0,0,0,1,0,1,0,0,0,0,0,0,0,0,0,0,0,0,0,0,0
1771685428060000,1771685428060000,8311934,8310910,8257662,7995448,262212,56,0,8,16384,32,2621464,3944480,33863,2139095040,93,0,0,0,0,0,0,0,0,0,1,0,1,0,0,0,0,0,0,0,0,0,0,0,0,0,0,0
1771685428600000,1771685428600000,8311934,8310910,8257662,7995448,262212,56,0,8,16384,32,2621464,3944480,33863,2139095040,93,0,0,0,0,0,0,0,0,0,1,0,1,0,0,0,0,0,0,0,0,0,0,0,0,0,0,0
1771685429140000,1771685429140000,8311934,8310910,8257662,7995448,262212,56,0,8,16384,32,2621464,3944480,33863,2139095040,93,0,0,0,0,0,0,0,0,0,1,0,1,0,0,0,0,0,0,0,0,0,0,0,0,0,0,0
1771685429680000,1771685429680000,8311934,8310910,8257662,7995448,262212,56,0,8,16384,32,2621464,3944480,33863,2139095040,93,0,0,0,0,0,0,0,0,0,1,0,1,0,0,0,0,0,0,0,0,0,0,0,0,0,0,0
1771685430220000,1771685430220000,8311934,8310910,8257662,7995448,262212,56,0,8,16384,32,2621464,3944480,33863,2139095040,93,0,0,0,0,0,0,0,0,0,1,0,1,0,0,0,0,0,0,0,0,0,0,0,0,0,0,0
1771685430760000,1771685430760000,8311934,8310910,8257662,7995448,262212,56,0,8,16384,32,2621464,3944480,33863,2139095040,93,0,0,0,0,0,0,0,0,0,1,0,1,0,0,0,0,0,0,0,0,0,0,0,0,0,0,0
1771685431300000,1771685431300000,8311934,8310910,8257662,7995448,262212,56,0,8,16384,32,2621464,3944480,33863,2139095040,93,0,0,0,0,0,0,0,0,0,1,0,1,0,0,0,0,0,0,0,0,0,0,0,0,0,0,0
1771685431840000,1771685431840000,8311934,8310910,8257662,7995448,262212,56,0,8,16384,32,2621464,3944480,33863,2139095040,93,0,0,0,0,0,0,0,0,0,1,0,1,0,0,0,0,0,0,0,0,0,0,0,0,0,0,0
1771685432380000,1771685432380000,8311934,8310910,8257662,7995448,262212,56,0,8,16384,32,2621464,3944480,33863,2139095040,93,0,0,0,0,0,0,0,0,0,1,0,1,0,0,0,0,0,0,0,0,0,0,0,0,0,0,0
1771685432920000,1771685432920000,8311934,8310910,8257662,7995448,262212,56,0,8,16384,32,2621464,3944480,33863,2139095040,93,0,0,0,0,0,0,0,0,0,1,0,1,0,0,0,0,0,0,0,0,0,0,0,0,0,0,0
1771685433460000,1771685433460000,8311934,8310910,8257662,7995448,262212,56,0,8,16384,32,2621464,3944480,33863,2139095040,93,0,0,0,0,0,0,0,0,0,1,0,1,0,0,0,0,0,0,0,0,0,0,0,0,0,0,0
1771685434000000,1771685434000000,8311934,8310910,8257662,7995448,262212,56,0,8,16384,32,2621464,3944480,33863,2139095040,93,0,0,0,0,0,0,0,0,0,1,0,1,0,0,0,0,0,0,0,0,0,0,0,0,0,0,0
1771685434540000,1771685434540000,8311934,8310910,8257662,7995448,262212,56,0,8,16384,32,2621464,3944480,33863,2139095040,93,0,0,0,0,0,0,0,0,0,1,0,1,0,0,0,0,0,0,0,0,0,0,0,0,0,0,0
1771685435080000,1771685435080000,8311934,8310910,8257662,7995448,262212,56,0,8,16384,32,2621464,3944480,33863,2139095040,93,0,0,0,0,0,0,0,0,0,1,0,1,0,0,0,0,0,0,0,0,0,0,0,0,0,0,0
1771685435620000,1771685435620000,8311934,8310910,8257662,7995448,262212,56,0,8,16384,32,2621464,3944480,33863,2139095040,93,0,0,0,0,0,0,0,0,0,1,0,1,0,0,0,0,0,0,0,0,0,0,0,0,0,0,0
1771685436160000,1771685436160000,8311934,8310910,8257662,7995448,262212,56,0,8,16384,32,2621464,3944480,33863,2139095040,93,0,0,0,0,0,0,0,0,0,1,0,1,0,0,0,0,0,0,0,0,0,0,0,0,0,0,0
1771685436700000,1771685436700000,8311934,8310910,8257662,7995448,262212,56,0,8,16384,32,2621464,3944480,33863,2139095040,93,0,0,0,0,0,0,0,0,0,1,0,1,0,0,0,0,0,0,0,0,0,0,0,0,0,0,0
1771685437240000,1771685437240000,8311934,8310910,8257662,7995448,262212,56,0,8,16384,32,2621464,3944480,33863,2139095040,93,0,0,0,0,0,0,0,0,0,1,0,1,0,0,0,0,0,0,0,0,0,0,0,0,0,0,0
1771685437768000,1771685437768000,8311934,8310910,8257662,7995448,262212,56,0,8,16384,32,2621464,3944480,33863,2139095040,93,0,0,0,0,0,0,0,0,0,1,0,1,0,0,0,0,0,0,0,0,0,0,0,0,0,0,0
1771685438308000,1771685438308000,8311934,8310910,8257662,7995448,262212,56,0,8,16384,32,2621464,3944480,33863,2139095040,93,0,0,0,0,0,0,0,0,0,1,0,1,0,0,0,0,0,0,0,0,0,0,0,0,0,0,0
1771685438848000,1771685438848000,8311934,8310910,8257662,7995448,262212,56,0,8,16384,32,2621464,3944480,33863,2139095040,93,0,0,0,0,0,0,0,0,0,1,0,1,0,0,0,0,0,0,0,0,0,0,0,0,0,0,0
1771685439388000,1771685439388000,8311934,8310910,8257662,7995448,262212,56,0,8,16384,32,2621464,3944480,33863,2139095040,93,0,0,0,0,0,0,0,0,0,1,0,1,0,0,0,0,0,0,0,0,0,0,0,0,0,0,0
1771685439928000,1771685439928000,8311934,8310910,8257662,7995448,262212,56,0,8,16384,32,2621464,3944480,33863,2139095040,93,0,0,0,0,0,0,0,0,0,1,0,1,0,0,0,0,0,0,0,0,0,0,0,0,0,0,0
1771685440468000,1771685440468000,8311934,8310910,8257662,7995448,262212,56,0,8,16384,32,2621464,3944480,33863,2139095040,93,0,0,0,0,0,0,0,0,0,1,0,1,0,0,0,0,0,0,0,0,0,0,0,0,0,0,0
1771685441008000,1771685441008000,8311934,8310910,8257662,7995448,262212,56,0,8,16384,32,2621464,3944480,33863,2139095040,93,0,0,0,0,0,0,0,0,0,1,0,1,0,0,0,0,0,0,0,0,0,0,0,0,0,0,0
1771685441548000,1771685441548000,8311934,8310910,8257662,7995448,262212,56,0,8,16384,32,2621464,3944480,33863,2139095040,93,0,0,0,0,0,0,0,0,0,1,0,1,0,0,0,0,0,0,0,0,0,0,0,0,0,0,0
1771685442088000,1771685442088000,8311934,8310910,8257662,7995448,262212,56,0,8,16384,32,2621464,3944480,33863,2139095040,93,0,0,0,0,0,0,0,0,0,1,0,1,0,0,0,0,0,0,0,0,0,0,0,0,0,0,0
1771685442628000,1771685442628000,8311934,8310910,8257662,7995448,262212,56,0,8,16384,32,2621464,3944480,33863,2139095040,93,0,0,0,0,0,0,0,0,0,1,0,1,0,0,0,0,0,0,0,0,0,0,0,0,0,0,0
1771685443168000,1771685443168000,8311934,8310910,8257662,7995448,262212,56,0,8,16384,32,2621464,3944480,33863,2139095040,93,0,0,0,0,0,0,0,0,0,1,0,1,0,0,0,0,0,0,0,0,0,0,0,0,0,0,0
1771685443708000,1771685443708000,8311934,8310910,8257662,7995448,262212,56,0,8,16384,32,2621464,3944480,33863,2139095040,93,0,0,0,0,0,0,0,0,0,1,0,1,0,0,0,0,0,0,0,0,0,0,0,0,0,0,0
1771685444248000,1771685444248000,8311934,8310910,8257662,7995448,262212,56,0,8,16384,32,2621464,3944480,33863,2139095040,93,0,0,0,0,0,0,0,0,0,1,0,1,0,0,0,0,0,0,0,0,0,0,0,0,0,0,0
1771685444788000,1771685444788000,8311934,8310910,8257662,7995448,262212,56,0,8,16384,32,2621464,3944480,33863,2139095040,93,0,0,0,0,0,0,0,0,0,1,0,1,0,0,0,0,0,0,0,0,0,0,0,0,0,0,0
1771685445328000,1771685445328000,8311934,8310910,8257662,7995448,262212,56,0,8,16384,32,2621464,3944480,33863,2139095040,93,0,0,0,0,0,0,0,0,0,1,0,1,0,0,0,0,0,0,0,0,0,0,0,0,0,0,0
1771685445868000,1771685445868000,8311934,8310910,8257662,7995448,262212,56,0,8,16384,32,2621464,3944480,33863,2139095040,93,0,0,0,0,0,0,0,0,0,1,0,1,0,0,0,0,0,0,0,0,0,0,0,0,0,0,0
1771685446408000,1771685446408000,8311934,8310910,8257662,7995448,262212,56,0,8,16384,32,2621464,3944480,33863,2139095040,93,0,0,0,0,0,0,0,0,0,1,0,1,0,0,0,0,0,0,0,0,0,0,0,0,0,0,0
1771685446948000,1771685446948000,8311934,8310910,8257662,7995448,262212,56,0,8,16384,32,2621464,3944480,33863,2139095040,93,0,0,0,0,0,0,0,0,0,1,0,1,0,0,0,0,0,0,0,0,0,0,0,0,0,0,0
1771685447488000,1771685447488000,8311934,8310910,8257662,7995448,262212,56,0,8,16384,32,2621464,3944480,33863,2139095040,93,0,0,0,0,0,0,0,0,0,1,0,1,0,0,0,0,0,0,0,0,0,0,0,0,0,0,0
1771685448028000,1771685448028000,8311934,8310910,8257662,7995448,262212,56,0,8,16384,32,2621464,3944480,33863,2139095040,93,0,0,0,0,0,0,0,0,0,1,0,1,0,0,0,0,0,0,0,0,0,0,0,0,0,0,0
1771685448568000,1771685448568000,8311934,8310910,8257662,7995448,262212,56,0,8,16384,32,2621464,3944480,33863,2139095040,93,0,0,0,0,0,0,0,0,0,1,0,1,0,0,0,0,0,0,0,0,0,0,0,0,0,0,0
1771685449108000,1771685449108000,8311934,8310910,8257662,7995448,262212,56,0,8,16384,32,2621464,3944480,33863,2139095040,93,0,0,0,0,0,0,0,0,0,1,0,1,0,0,0,0,0,0,0,0,0,0,0,0,0,0,0
1771685449648000,1771685449648000,8311934,8310910,8257662,7995448,262212,56,0,8,16384,32,2621464,3944480,33863,2139095040,93,0,0,0,0,0,0,0,0,0,1,0,1,0,0,0,0,0,0,0,0,0,0,0,0,0,0,0
1771685450188000,1771685450188000,8311934,8310910,8257662,7995448,262212,56,0,8,16384,32,2621464,3944480,33863,2139095040,93,0,0,0,0,0,0,0,0,0,1,0,1,0,0,0,0,0,0,0,0,0,0,0,0,0,0,0
1771685450728000,1771685450728000,8311934,8310910,8257662,7995448,262212,56,0,8,16384,32,2621464,3944480,33863,2139095040,93,0,0,0,0,0,0,0,0,0,1,0,1,0,0,0,0,0,0,0,0,0,0,0,0,0,0,0
1771685451268000,1771685451268000,8311934,8310910,8257662,7995448,262212,56,0,8,16384,32,2621464,3944480,33863,2139095040,93,0,0,0,0,0,0,0,0,0,1,0,1,0,0,0,0,0,0,0,0,0,0,0,0,0,0,0
1771685451808000,1771685451808000,8311934,8310910,8257662,7995448,262212,56,0,8,16384,32,2621464,3944480,33863,2139095040,93,0,0,0,0,0,0,0,0,0,1,0,1,0,0,0,0,0,0,0,0,0,0,0,0,0,0,0
1771685452348000,1771685452348000,8311934,8310910,8257662,7995448,262212,56,0,8,16384,32,2621464,3944480,33863,2139095040,93,0,0,0,0,0,0,0,0,0,1,0,1,0,0,0,0,0,0,0,0,0,0,0,0,0,0,0
1771685452888000,1771685452888000,8311934,8310910,8257662,7995448,262212,56,0,8,16384,32,2621464,3944480,33863,2139095040,93,0,0,0,0,0,0,0,0,0,1,0,1,0,0,0,0,0,0,0,0,0,0,0,0,0,0,0
1771685453428000,1771685453428000,8311934,8310910,8257662,7995448,262212,56,0,8,16384,32,2621464,3944480,33863,2139095040,93,0,0,0,0,0,0,0,0,0,1,0,1,0,0,0,0,0,0,0,0,0,0,0,0,0,0,0
1771685453968000,1771685453968000,8311934,8310910,8257662,7995448,262212,56,0,8,16384,32,2621464,3944480,33863,2139095040,93,0,0,0,0,0,0,0,0,0,1,0,1,0,0,0,0,0,0,0,0,0,0,0,0,0,0,0
1771685454508000,1771685454508000,8311934,8310910,8257662,7995448,262212,56,0,8,16384,32,2621464,3944480,33863,2139095040,93,0,0,0,0,0,0,0,0,0,1,0,1,0,0,0,0,0,0,0,0,0,0,0,0,0,0,0
1771685455048000,1771685455048000,8311934,8310910,8257662,7995448,262212,56,0,8,16384,32,2621464,3944480,33863,2139095040,93,0,0,0,0,0,0,0,0,0,1,0,1,0,0,0,0,0,0,0,0,0,0,0,0,0,0,0
1771685455588000,1771685455588000,8311934,8310910,8257662,7995448,262212,56,0,8,16384,32,2621464,3944480,33863,2139095040,93,0,0,0,0,0,0,0,0,0,1,0,1,0,0,0,0,0,0,0,0,0,0,0,0,0,0,0
1771685456128000,1771685456128000,8311934,8310910,8257662,7995448,262212,56,0,8,16384,32,2621464,3944480,33863,2139095040,93,0,0,0,0,0,0,0,0,0,1,0,1,0,0,0,0,0,0,0,0,0,0,0,0,0,0,0
1771685456668000,1771685456668000,8311934,8310910,8257662,7995448,262212,56,0,8,16384,32,2621464,3944480,33863,2139095040,93,0,0,0,0,0,0,0,0,0,1,0,1,0,0,0,0,0,0,0,0,0,0,0,0,0,0,0
1771685457208000,1771685457208000,8311934,8310910,8257662,7995448,262212,56,0,8,16384,32,2621464,3944480,33863,2139095040,93,0,0,0,0,0,0,0,0,0,1,0,1,0,0,0,0,0,0,0,0,0,0,0,0,0,0,0
1771685457748000,1771685457748000,8311934,8310910,8257662,7995448,262212,56,0,8,16384,32,2621464,3944480,33863,2139095040,93,0,0,0,0,0,0,0,0,0,1,0,1,0,0,0,0,0,0,0,0,0,0,0,0,0,0,0
1771685458288000,1771685458288000,8311934,8310910,8257662,7995448,262212,56,0,8,16384,32,2621464,3944480,33863,2139095040,93,0,0,0,0,0,0,0,0,0,1,0,1,0,0,0,0,0,0,0,0,0,0,0,0,0,0,0
1771685458828000,1771685458828000,8311934,8310910,8257662,7995448,262212,56,0,8,16384,32,2621464,3944480,33863,2139095040,93,0,0,0,0,0,0,0,0,0,1,0,1,0,0,0,0,0,0,0,0,0,0,0,0,0,0,0
1771685459368000,1771685459368000,8311934,8310910,8257662,7995448,262212,56,0,8,16384,32,2621464,3944480,33863,2139095040,93,0,0,0,0,0,0,0,0,0,1,0,1,0,0,0,0,0,0,0,0,0,0,0,0,0,0,0
1771685459908000,1771685459908000,8311934,8310910,8257662,7995448,262212,56,0,8,16384,32,2621464,3944480,33863,2139095040,93,0,0,0,0,0,0,0,0,0,1,0,1,0,0,0,0,0,0,0,0,0,0,0,0,0,0,0
1771685460448000,1771685460448000,8311934,8310910,8257662,7995448,262212,56,0,8,16384,32,2621464,3944480,33863,2139095040,93,0,0,0,0,0,0,0,0,0,1,0,1,0,0,0,0,0,0,0,0,0,0,0,0,0,0,0
1771685460988000,1771685460988000,8311934,8310910,8257662,7995448,262212,56,0,8,16384,32,2621464,3944480,33863,2139095040,93,0,0,0,0,0,0,0,0,0,1,0,1,0,0,0,0,0,0,0,0,0,0,0,0,0,0,0
1771685461528000,1771685461528000,8311934,8310910,8257662,7995448,262212,56,0,8,16384,32,2621464,3944480,33863,2139095040,93,0,0,0,0,0,0,0,0,0,1,0,1,0,0,0,0,0,0,0,0,0,0,0,0,0,0,0
1771685462068000,1771685462068000,8311934,8310910,8257662,7995448,262212,56,0,8,16384,32,2621464,3944480,33863,2139095040,93,0,0,0,0,0,0,0,0,0,1,0,1,0,0,0,0,0,0,0,0,0,0,0,0,0,0,0
1771685462608000,1771685462608000,8311934,8310910,8257662,7995448,262212,56,0,8,16384,32,2621464,3944480,33863,2139095040,93,0,0,0,0,0,0,0,0,0,1,0,1,0,0,0,0,0,0,0,0,0,0,0,0,0,0,0
1771685463148000,1771685463148000,8311934,8310910,8257662,7995448,262212,56,0,8,16384,32,2621464,3944480,33863,2139095040,93,0,0,0,0,0,0,0,0,0,1,0,1,0,0,0,0,0,0,0,0,0,0,0,0,0,0,0
1771685463688000,1771685463688000,8311934,8310910,8257662,7995448,262212,56,0,8,16384,32,2621464,3944480,33863,2139095040,93,0,0,0,0,0,0,0,0,0,1,0,1,0,0,0,0,0,0,0,0,0,0,0,0,0,0,0
1771685464228000,1771685464228000,8311934,8310910,8257662,7995448,262212,56,0,8,16384,32,2621464,3944480,33863,2139095040,93,0,0,0,0,0,0,0,0,0,1,0,1,0,0,0,0,0,0,0,0,0,0,0,0,0,0,0
1771685464768000,1771685464768000,8311934,8310910,8257662,7995448,262212,56,0,8,16384,32,2621464,3944480,33863,2139095040,93,0,0,0,0,0,0,0,0,0,1,0,1,0,0,0,0,0,0,0,0,0,0,0,0,0,0,0
1771685465308000,1771685465308000,8311934,8310910,8257662,7995448,262212,56,0,8,16384,32,2621464,3944480,33863,2139095040,93,0,0,0,0,0,0,0,0,0,1,0,1,0,0,0,0,0,0,0,0,0,0,0,0,0,0,0
1771685465848000,1771685465848000,8311934,8310910,8257662,7995448,262212,56,0,8,16384,32,2621464,3944480,33863,2139095040,93,0,0,0,0,0,0,0,0,0,1,0,1,0,0,0,0,0,0,0,0,0,0,0,0,0,0,0
1771685466388000,1771685466388000,8311934,8310910,8257662,7995448,262212,56,0,8,16384,32,2621464,3944480,33863,2139095040,93,0,0,0,0,0,0,0,0,0,1,0,1,0,0,0,0,0,0,0,0,0,0,0,0,0,0,0
1771685466928000,1771685466928000,8311934,8310910,8257662,7995448,262212,56,0,8,16384,32,2621464,3944480,33863,2139095040,93,0,0,0,0,0,0,0,0,0,1,0,1,0,0,0,0,0,0,0,0,0,0,0,0,0,0,0
1771685467468000,1771685467468000,8311934,8310910,8257662,7995448,262212,56,0,8,16384,32,2621464,3944480,33863,2139095040,93,0,0,0,0,0,0,0,0,0,1,0,1,0,0,0,0,0,0,0,0,0,0,0,0,0,0,0
1771685468008000,1771685468008000,8311934,8310910,8257662,7995448,262212,56,0,8,16384,32,2621464,3944480,33863,2139095040,93,0,0,0,0,0,0,0,0,0,1,0,1,0,0,0,0,0,0,0,0,0,0,0,0,0,0,0
1771685468548000,1771685468548000,8311934,8310910,8257662,7995448,262212,56,0,8,16384,32,2621464,3944480,33863,2139095040,93,0,0,0,0,0,0,0,0,0,1,0,1,0,0,0,0,0,0,0,0,0,0,0,0,0,0,0
1771685469088000,1771685469088000,8311934,8310910,8257662,7995448,262212,56,0,8,16384,32,2621464,3944480,33863,2139095040,93,0,0,0,0,0,0,0,0,0,1,0,1,0,0,0,0,0,0,0,0,0,0,0,0,0,0,0
1771685469628000,1771685469628000,8311934,8310910,8257662,7995448,262212,56,0,8,16384,32,2621464,3944480,33863,2139095040,93,0,0,0,0,0,0,0,0,0,1,0,1,0,0,0,0,0,0,0,0,0,0,0,0,0,0,0
1771685470168000,1771685470168000,8311934,8310910,8257662,7995448,262212,56,0,8,16384,32,2621464,3944480,33863,2139095040,93,0,0,0,0,0,0,0,0,0,1,0,1,0,0,0,0,0,0,0,0,0,0,0,0,0,0,0
1771685470708000,1771685470708000,8311934,8310910,8257662,7995448,262212,56,0,8,16384,32,2621464,3944480,33863,2139095040,93,0,0,0,0,0,0,0,0,0,1,0,1,0,0,0,0,0,0,0,0,0,0,0,0,0,0,0
1771685471248000,1771685471248000,8311934,8310910,8257662,7995448,262212,56,0,8,16384,32,2621464,3944480,33863,2139095040,93,0,0,0,0,0,0,0,0,0,1,0,1,0,0,0,0,0,0,0,0,0,0,0,0,0,0,0
1771685471788000,1771685471788000,8311934,8310910,8257662,7995448,262212,56,0,8,16384,32,2621464,3944480,33863,2139095040,93,0,0,0,0,0,0,0,0,0,1,0,1,0,0,0,0,0,0,0,0,0,0,0,0,0,0,0
1771685472328000,1771685472328000,8311934,8310910,8257662,7995448,262212,56,0,8,16384,32,2621464,3944480,33863,2139095040,93,0,0,0,0,0,0,0,0,0,1,0,1,0,0,0,0,0,0,0,0,0,0,0,0,0,0,0
1771685472868000,1771685472868000,8311934,8310910,8257662,7995448,262212,56,0,8,16384,32,2621464,3944480,33863,2139095040,93,0,0,0,0,0,0,0,0,0,1,0,1,0,0,0,0,0,0,0,0,0,0,0,0,0,0,0
1771685473408000,1771685473408000,8311934,8310910,8257662,7995448,262212,56,0,8,16384,32,2621464,3944480,33863,2139095040,93,0,0,0,0,0,0,0,0,0,1,0,1,0,0,0,0,0,0,0,0,0,0,0,0,0,0,0
1771685473948000,1771685473948000,8311934,8310910,8257662,7995448,262212,56,0,8,16384,32,2621464,3944480,33863,2139095040,93,0,0,0,0,0,0,0,0,0,1,0,1,0,0,0,0,0,0,0,0,0,0,0,0,0,0,0
1771685474488000,1771685474488000,8311934,8310910,8257662,7995448,262212,56,0,8,16384,32,2621464,3944480,33863,2139095040,93,0,0,0,0,0,0,0,0,0,1,0,1,0,0,0,0,0,0,0,0,0,0,0,0,0,0,0
1771685475028000,1771685475028000,8311934,8310910,8257662,7995448,262212,56,0,8,16384,32,2621464,3944480,33863,2139095040,93,0,0,0,0,0,0,0,0,0,1,0,1,0,0,0,0,0,0,0,0,0,0,0,0,0,0,0
1771685475568000,1771685475568000,8311934,8310910,8257662,7995448,262212,56,0,8,16384,32,2621464,3944480,33863,2139095040,93,0,0,0,0,0,0,0,0,0,1,0,1,0,0,0,0,0,0,0,0,0,0,0,0,0,0,0
1771685476108000,1771685476108000,8311934,8310910,8257662,7995448,262212,56,0,8,16384,32,2621464,3944480,33863,2139095040,93,0,0,0,0,0,0,0,0,0,1,0,1,0,0,0,0,0,0,0,0,0,0,0,0,0,0,0
1771685476648000,1771685476648000,8311934,8310910,8257662,7995448,262212,56,0,8,16384,32,2621464,3944480,33863,2139095040,93,0,0,0,0,0,0,0,0,0,1,0,1,0,0,0,0,0,0,0,0,0,0,0,0,0,0,0
1771685477188000,1771685477188000,8311934,8310910,8257662,7995448,262212,56,0,8,16384,32,2621464,3944480,33863,2139095040,93,0,0,0,0,0,0,0,0,0,1,0,1,0,0,0,0,0,0,0,0,0,0,0,0,0,0,0
1771685477728000,1771685477728000,8311934,8310910,8257662,7995448,262212,56,0,8,16384,32,2621464,3944480,33863,2139095040,93,0,0,0,0,0,0,0,0,0,1,0,1,0,0,0,0,0,0,0,0,0,0,0,0,0,0,0
1771685478268000,1771685478268000,8311934,8310910,8257662,7995448,262212,56,0,8,16384,32,2621464,3944480,33863,2139095040,93,0,0,0,0,0,0,0,0,0,1,0,1,0,0,0,0,0,0,0,0,0,0,0,0,0,0,0
1771685478808000,1771685478808000,8311934,8310910,8257662,7995448,262212,56,0,8,16384,32,2621464,3944480,33863,2139095040,93,0,0,0,0,0,0,0,0,0,1,0,1,0,0,0,0,0,0,0,0,0,0,0,0,0,0,0
1771685479348000,1771685479348000,8311934,8310910,8257662,7995448,262212,56,0,8,16384,32,2621464,3944480,33863,2139095040,93,0,0,0,0,0,0,0,0,0,1,0,1,0,0,0,0,0,0,0,0,0,0,0,0,0,0,0
1771685479888000,1771685479888000,8311934,8310910,8257662,7995448,262212,56,0,8,16384,32,2621464,3944480,33863,2139095040,93,0,0,0,0,0,0,0,0,0,1,0,1,0,0,0,0,0,0,0,0,0,0,0,0,0,0,0
1771685480428000,1771685480428000,8311934,8310910,8257662,7995448,262212,56,0,8,16384,32,2621464,3944480,33863,2139095040,93,0,0,0,0,0,0,0,0,0,1,0,1,0,0,0,0,0,0,0,0,0,0,0,0,0,0,0
1771685480968000,1771685480968000,8311934,8310910,8257662,7995448,262212,56,0,8,16384,32,2621464,3944480,33863,2139095040,93,0,0,0,0,0,0,0,0,0,1,0,1,0,0,0,0,0,0,0,0,0,0,0,0,0,0,0
1771685481508000,1771685481508000,8311934,8310910,8257662,7995448,262212,56,0,8,16384,32,2621464,3944480,33863,2139095040,93,0,0,0,0,0,0,0,0,0,1,0,1,0,0,0,0,0,0,0,0,0,0,0,0,0,0,0
1771685482048000,1771685482048000,8311934,8310910,8257662,7995448,262212,56,0,8,16384,32,2621464,3944480,33863,2139095040,93,0,0,0,0,0,0,0,0,0,1,0,1,0,0,0,0,0,0,0,0,0,0,0,0,0,0,0
1771685482588000,1771685482588000,8311934,8310910,8257662,7995448,262212,56,0,8,16384,32,2621464,3944480,33863,2139095040,93,0,0,0,0,0,0,0,0,0,1,0,1,0,0,0,0,0,0,0,0,0,0,0,0,0,0,0
1771685483128000,1771685483128000,8311934,8310910,8257662,7995448,262212,56,0,8,16384,32,2621464,3944480,33863,2139095040,93,0,0,0,0,0,0,0,0,0,1,0,1,0,0,0,0,0,0,0,0,0,0,0,0,0,0,0
1771685483668000,1771685483668000,8311934,8310910,8257662,7995448,262212,56,0,8,16384,32,2621464,3944480,33863,2139095040,93,0,0,0,0,0,0,0,0,0,1,0,1,0,0,0,0,0,0,0,0,0,0,0,0,0,0,0
1771685484208000,1771685484208000,8311934,8310910,8257662,7995448,262212,56,0,8,16384,32,2621464,3944480,33863,2139095040,93,0,0,0,0,0,0,0,0,0,1,0,1,0,0,0,0,0,0,0,0,0,0,0,0,0,0,0
1771685484748000,1771685484748000,8311934,8310910,8257662,7995448,262212,56,0,8,16384,32,2621464,3944480,33863,2139095040,93,0,0,0,0,0,0,0,0,0,1,0,1,0,0,0,0,0,0,0,0,0,0,0,0,0,0,0
1771685485288000,1771685485288000,8311934,8310910,8257662,7995448,262212,56,0,8,16384,32,2621464,3944480,33863,2139095040,93,0,0,0,0,0,0,0,0,0,1,0,1,0,0,0,0,0,0,0,0,0,0,0,0,0,0,0
1771685485828000,1771685485828000,8311934,8310910,8257662,7995448,262212,56,0,8,16384,32,2621464,3944480,33863,2139095040,93,0,0,0,0,0,0,0,0,0,1,0,1,0,0,0,0,0,0,0,0,0,0,0,0,0,0,0
1771685486368000,1771685486368000,8311934,8310910,8257662,7995448,262212,56,0,8,16384,32,2621464,3944480,33863,2139095040,93,0,0,0,0,0,0,0,0,0,1,0,1,0,0,0,0,0,0,0,0,0,0,0,0,0,0,0
1771685486908000,1771685486908000,8311934,8310910,8257662,7995448,262212,56,0,8,16384,32,2621464,3944480,33863,2139095040,93,0,0,0,0,0,0,0,0,0,1,0,1,0,0,0,0,0,0,0,0,0,0,0,0,0,0,0
1771685487448000,1771685487448000,8311934,8310910,8257662,7995448,262212,56,0,8,16384,32,2621464,3944480,33863,2139095040,93,0,0,0,0,0,0,0,0,0,1,0,1,0,0,0,0,0,0,0,0,0,0,0,0,0,0,0
1771685487988000,1771685487988000,8311934,8310910,8257662,7995448,262212,56,0,8,16384,32,2621464,3944480,33863,2139095040,93,0,0,0,0,0,0,0,0,0,1,0,1,0,0,0,0,0,0,0,0,0,0,0,0,0,0,0
1771685488528000,1771685488528000,8311934,8310910,8257662,7995448,262212,56,0,8,16384,32,2621464,3944480,33863,2139095040,93,0,0,0,0,0,0,0,0,0,1,0,1,0,0,0,0,0,0,0,0,0,0,0,0,0,0,0
1771685489068000,1771685489068000,8311934,8310910,8257662,7995448,262212,56,0,8,16384,32,2621464,3944480,33863,2139095040,93,0,0,0,0,0,0,0,0,0,1,0,1,0,0,0,0,0,0,0,0,0,0,0,0,0,0,0
1771685489608000,1771685489608000,8311934,8310910,8257662,7995448,262212,56,0,8,16384,32,2621464,3944480,33863,2139095040,93,0,0,0,0,0,0,0,0,0,1,0,1,0,0,0,0,0,0,0,0,0,0,0,0,0,0,0
1771685490148000,1771685490148000,8311934,8310910,8257662,7995448,262212,56,0,8,16384,32,2621464,3944480,33863,2139095040,93,0,0,0,0,0,0,0,0,0,1,0,1,0,0,0,0,0,0,0,0,0,0,0,0,0,0,0
1771685490688000,1771685490688000,8311934,8310910,8257662,7995448,262212,56,0,8,16384,32,2621464,3944480,33863,2139095040,93,0,0,0,0,0,0,0,0,0,1,0,1,0,0,0,0,0,0,0,0,0,0,0,0,0,0,0
1771685491228000,1771685491228000,8311934,8310910,8257662,7995448,262212,56,0,8,16384,32,2621464,3944480,33863,2139095040,93,0,0,0,0,0,0,0,0,0,1,0,1,0,0,0,0,0,0,0,0,0,0,0,0,0,0,0
1771685491768000,1771685491768000,8311934,8310910,8257662,7995448,262212,56,0,8,16384,32,2621464,3944480,33863,2139095040,93,0,0,0,0,0,0,0,0,0,1,0,1,0,0,0,0,0,0,0,0,0,0,0,0,0,0,0
1771685492308000,1771685492308000,8311934,8310910,8257662,7995448,262212,56,0,8,16384,32,2621464,3944480,33863,2139095040,93,0,0,0,0,0,0,0,0,0,1,0,1,0,0,0,0,0,0,0,0,0,0,0,0,0,0,0
1771685492848000,1771685492848000,8311934,8310910,8257662,7995448,262212,56,0,8,16384,32,2621464,3944480,33863,2139095040,93,0,0,0,0,0,0,0,0,0,1,0,1,0,0,0,0,0,0,0,0,0,0,0,0,0,0,0
1771685493388000,1771685493388000,8311934,8310910,8257662,7995448,262212,56,0,8,16384,32,2621464,3944480,33863,2139095040,93,0,0,0,0,0,0,0,0,0,1,0,1,0,0,0,0,0,0,0,0,0,0,0,0,0,0,0
1771685493928000,1771685493928000,8311934,8310910,8257662,7995448,262212,56,0,8,16384,32,2621464,3944480,33863,2139095040,93,0,0,0,0,0,0,0,0,0,1,0,1,0,0,0,0,0,0,0,0,0,0,0,0,0,0,0
1771685494468000,1771685494468000,8311934,8310910,8257662,7995448,262212,56,0,8,16384,32,2621464,3944480,33863,2139095040,93,0,0,0,0,0,0,0,0,0,1,0,1,0,0,0,0,0,0,0,0,0,0,0,0,0,0,0
1771685495008000,1771685495008000,8311934,8310910,8257662,7995448,262212,56,0,8,16384,32,2621464,3944480,33863,2139095040,93,0,0,0,0,0,0,0,0,0,1,0,1,0,0,0,0,0,0,0,0,0,0,0,0,0,0,0
1771685495548000,1771685495548000,8311934,8310910,8257662,7995448,262212,56,0,8,16384,32,2621464,3944480,33863,2139095040,93,0,0,0,0,0,0,0,0,0,1,0,1,0,0,0,0,0,0,0,0,0,0,0,0,0,0,0
1771685496088000,1771685496088000,8311934,8310910,8257662,7995448,262212,56,0,8,16384,32,2621464,3944480,33863,2139095040,93,0,0,0,0,0,0,0,0,0,1,0,1,0,0,0,0,0,0,0,0,0,0,0,0,0,0,0
1771685496628000,1771685496628000,8311934,8310910,8257662,7995448,262212,56,0,8,16384,32,2621464,3944480,33863,2139095040,93,0,0,0,0,0,0,0,0,0,1,0,1,0,0,0,0,0,0,0,0,0,0,0,0,0,0,0
1771685497168000,1771685497168000,8311934,8310910,8257662,7995448,262212,56,0,8,16384,32,2621464,3944480,33863,2139095040,93,0,0,0,0,0,0,0,0,0,1,0,1,0,0,0,0,0,0,0,0,0,0,0,0,0,0,0
1771685497708000,1771685497708000,8311934,8310910,8257662,7995448,262212,56,0,8,16384,32,2621464,3944480,33863,2139095040,93,0,0,0,0,0,0,0,0,0,1,0,1,0,0,0,0,0,0,0,0,0,0,0,0,0,0,0
1771685498248000,1771685498248000,8311934,8310910,8257662,7995448,262212,56,0,8,16384,32,2621464,3944480,33863,2139095040,93,0,0,0,0,0,0,0,0,0,1,0,1,0,0,0,0,0,0,0,0,0,0,0,0,0,0,0
1771685498788000,1771685498788000,8311934,8310910,8257662,7995448,262212,56,0,8,16384,32,2621464,3944480,33863,2139095040,93,0,0,0,0,0,0,0,0,0,1,0,1,0,0,0,0,0,0,0,0,0,0,0,0,0,0,0
1771685499328000,1771685499328000,8311934,8310910,8257662,7995448,262212,56,0,8,16384,32,2621464,3944480,33863,2139095040,93,0,0,0,0,0,0,0,0,0,1,0,1,0,0,0,0,0,0,0,0,0,0,0,0,0,0,0
1771685499868000,1771685499868000,8311934,8310910,8257662,7995448,262212,56,0,8,16384,32,2621464,3944480,33863,2139095040,93,0,0,0,0,0,0,0,0,0,1,0,1,0,0,0,0,0,0,0,0,0,0,0,0,0,0,0
1771685500408000,1771685500408000,8311934,8310910,8257662,7995448,262212,56,0,8,16384,32,2621464,3944480,33863,2139095040,93,0,0,0,0,0,0,0,0,0,1,0,1,0,0,0,0,0,0,0,0,0,0,0,0,0,0,0
1771685500948000,1771685500948000,8311934,8310910,8257662,7995448,262212,56,0,8,16384,32,2621464,3944480,33863,2139095040,93,0,0,0,0,0,0,0,0,0,1,0,1,0,0,0,0,0,0,0,0,0,0,0,0,0,0,0
1771685501488000,1771685501488000,8311934,8310910,8257662,7995448,262212,56,0,8,16384,32,2621464,3944480,33863,2139095040,93,0,0,0,0,0,0,0,0,0,1,0,1,0,0,0,0,0,0,0,0,0,0,0,0,0,0,0
1771685502028000,1771685502028000,8311934,8310910,8257662,7995448,262212,56,0,8,16384,32,2621464,3944480,33863,2139095040,93,0,0,0,0,0,0,0,0,0,1,0,1,0,0,0,0,0,0,0,0,0,0,0,0,0,0,0
1771685502568000,1771685502568000,8311934,8310910,8257662,7995448,262212,56,0,8,16384,32,2621464,3944480,33863,2139095040,93,0,0,0,0,0,0,0,0,0,1,0,1,0,0,0,0,0,0,0,0,0,0,0,0,0,0,0
1771685503108000,1771685503108000,8311934,8310910,8257662,7995448,262212,56,0,8,16384,32,2621464,3944480,33863,2139095040,93,0,0,0,0,0,0,0,0,0,1,0,1,0,0,0,0,0,0,0,0,0,0,0,0,0,0,0
1771685503648000,1771685503648000,8311934,8310910,8257662,7995448,262212,56,0,8,16384,32,2621464,3944480,33863,2139095040,93,0,0,0,0,0,0,0,0,0,1,0,1,0,0,0,0,0,0,0,0,0,0,0,0,0,0,0
1771685504188000,1771685504188000,8311934,8310910,8257662,7995448,262212,56,0,8,16384,32,2621464,3944480,33863,2139095040,93,0,0,0,0,0,0,0,0,0,1,0,1,0,0,0,0,0,0,0,0,0,0,0,0,0,0,0
1771685504728000,1771685504728000,8311934,8310910,8257662,7995448,262212,56,0,8,16384,32,2621464,3944480,33863,2139095040,93,0,0,0,0,0,0,0,0,0,1,0,1,0,0,0,0,0,0,0,0,0,0,0,0,0,0,0
1771685505268000,1771685505268000,8311934,8310910,8257662,7995448,262212,56,0,8,16384,32,2621464,3944480,33863,2139095040,93,0,0,0,0,0,0,0,0,0,1,0,1,0,0,0,0,0,0,0,0,0,0,0,0,0,0,0
1771685505808000,1771685505808000,8311934,8310910,8257662,7995448,262212,56,0,8,16384,32,2621464,3944480,33863,2139095040,93,0,0,0,0,0,0,0,0,0,1,0,1,0,0,0,0,0,0,0,0,0,0,0,0,0,0,0
1771685506348000,1771685506348000,8311934,8310910,8257662,7995448,262212,56,0,8,16384,32,2621464,3944480,33863,2139095040,93,0,0,0,0,0,0,0,0,0,1,0,1,0,0,0,0,0,0,0,0,0,0,0,0,0,0,0
1771685506888000,1771685506888000,8311934,8310910,8257662,7995448,262212,56,0,8,16384,32,2621464,3944480,33863,2139095040,93,0,0,0,0,0,0,0,0,0,1,0,1,0,0,0,0,0,0,0,0,0,0,0,0,0,0,0
1771685507428000,1771685507428000,8311934,8310910,8257662,7995448,262212,56,0,8,16384,32,2621464,3944480,33863,2139095040,93,0,0,0,0,0,0,0,0,0,1,0,1,0,0,0,0,0,0,0,0,0,0,0,0,0,0,0
1771685507968000,1771685507968000,8311934,8310910,8257662,7995448,262212,56,0,8,16384,32,2621464,3944480,33863,2139095040,93,0,0,0,0,0,0,0,0,0,1,0,1,0,0,0,0,0,0,0,0,0,0,0,0,0,0,0
1771685508508000,1771685508508000,8311934,8310910,8257662,7995448,262212,56,0,8,16384,32,2621464,3944480,33863,2139095040,93,0,0,0,0,0,0,0,0,0,1,0,1,0,0,0,0,0,0,0,0,0,0,0,0,0,0,0
1771685509048000,1771685509048000,8311934,8310910,8257662,7995448,262212,56,0,8,16384,32,2621464,3944480,33863,2139095040,93,0,0,0,0,0,0,0,0,0,1,0,1,0,0,0,0,0,0,0,0,0,0,0,0,0,0,0
1771685509588000,1771685509588000,8311934,8310910,8257662,7995448,262212,56,0,8,16384,32,2621464,3944480,33863,2139095040,93,0,0,0,0,0,0,0,0,0,1,0,1,0,0,0,0,0,0,0,0,0,0,0,0,0,0,0
1771685510128000,1771685510128000,8311934,8310910,8257662,7995448,262212,56,0,8,16384,32,2621464,3944480,33863,2139095040,93,0,0,0,0,0,0,0,0,0,1,0,1,0,0,0,0,0,0,0,0,0,0,0,0,0,0,0
1771685510668000,1771685510668000,8311934,8310910,8257662,7995448,262212,56,0,8,16384,32,2621464,3944480,33863,2139095040,93,0,0,0,0,0,0,0,0,0,1,0,1,0,0,0,0,0,0,0,0,0,0,0,0,0,0,0
1771685511208000,1771685511208000,8311934,8310910,8257662,7995448,262212,56,0,8,16384,32,2621464,3944480,33863,2139095040,93,0,0,0,0,0,0,0,0,0,1,0,1,0,0,0,0,0,0,0,0,0,0,0,0,0,0,0
1771685511748000,1771685511748000,8311934,8310910,8257662,7995448,262212,56,0,8,16384,32,2621464,3944480,33863,2139095040,93,0,0,0,0,0,0,0,0,0,1,0,1,0,0,0,0,0,0,0,0,0,0,0,0,0,0,0
1771685512288000,1771685512288000,8311934,8310910,8257662,7995448,262212,56,0,8,16384,32,2621464,3944480,33863,2139095040,93,0,0,0,0,0,0,0,0,0,1,0,1,0,0,0,0,0,0,0,0,0,0,0,0,0,0,0
1771685512828000,1771685512828000,8311934,8310910,8257662,7995448,262212,56,0,8,16384,32,2621464,3944480,33863,2139095040,93,0,0,0,0,0,0,0,0,0,1,0,1,0,0,0,0,0,0,0,0,0,0,0,0,0,0,0
1771685513368000,1771685513368000,8311934,8310910,8257662,7995448,262212,56,0,8,16384,32,2621464,3944480,33863,2139095040,93,0,0,0,0,0,0,0,0,0,1,0,1,0,0,0,0,0,0,0,0,0,0,0,0,0,0,0
1771685513908000,1771685513908000,8311934,8310910,8257662,7995448,262212,56,0,8,16384,32,2621464,3944480,33863,2139095040,93,0,0,0,0,0,0,0,0,0,1,0,1,0,0,0,0,0,0,0,0,0,0,0,0,0,0,0
1771685514448000,1771685514448000,8311934,8310910,8257662,7995448,262212,56,0,8,16384,32,2621464,3944480,33863,2139095040,93,0,0,0,0,0,0,0,0,0,1,0,1,0,0,0,0,0,0,0,0,0,0,0,0,0,0,0
1771685514988000,1771685514988000,8311934,8310910,8257662,7995448,262212,56,0,8,16384,32,2621464,3944480,33863,2139095040,93,0,0,0,0,0,0,0,0,0,1,0,1,0,0,0,0,0,0,0,0,0,0,0,0,0,0,0
1771685515528000,1771685515528000,8311934,8310910,8257662,7995448,262212,56,0,8,16384,32,2621464,3944480,33863,2139095040,93,0,0,0,0,0,0,0,0,0,1,0,1,0,0,0,0,0,0,0,0,0,0,0,0,0,0,0
1771685516068000,1771685516068000,8311934,8310910,8257662,7995448,262212,56,0,8,16384,32,2621464,3944480,33863,2139095040,93,0,0,0,0,0,0,0,0,0,1,0,1,0,0,0,0,0,0,0,0,0,0,0,0,0,0,0
1771685516608000,1771685516608000,8311934,8310910,8257662,7995448,262212,56,0,8,16384,32,2621464,3944480,33863,2139095040,93,0,0,0,0,0,0,0,0,0,1,0,1,0,0,0,0,0,0,0,0,0,0,0,0,0,0,0
1771685517148000,1771685517148000,8311934,8310910,8257662,7995448,262212,56,0,8,16384,32,2621464,3944480,33863,2139095040,93,0,0,0,0,0,0,0,0,0,1,0,1,0,0,0,0,0,0,0,0,0,0,0,0,0,0,0
1771685517688000,1771685517688000,8311934,8310910,8257662,7995448,262212,56,0,8,16384,32,2621464,3944480,33863,2139095040,93,0,0,0,0,0,0,0,0,0,1,0,1,0,0,0,0,0,0,0,0,0,0,0,0,0,0,0
1771685518228000,1771685518228000,8311934,8310910,8257662,7995448,262212,56,0,8,16384,32,2621464,3944480,33863,2139095040,93,0,0,0,0,0,0,0,0,0,1,0,1,0,0,0,0,0,0,0,0,0,0,0,0,0,0,0
1771685518768000,1771685518768000,8311934,8310910,8257662,7995448,262212,56,0,8,16384,32,2621464,3944480,33863,2139095040,93,0,0,0,0,0,0,0,0,0,1,0,1,0,0,0,0,0,0,0,0,0,0,0,0,0,0,0
1771685519308000,1771685519308000,8311934,8310910,8257662,7995448,262212,56,0,8,16384,32,2621464,3944480,33863,2139095040,93,0,0,0,0,0,0,0,0,0,1,0,1,0,0,0,0,0,0,0,0,0,0,0,0,0,0,0
1771685519908000,1771685519908000,8311934,8310910,8257662,7995448,262212,56,0,8,16384,32,2621464,3944480,33863,2139095040,93,0,0,0,0,0,0,0,0,0,1,0,1,0,0,0,0,0,0,0,0,0,0,0,0,0,0,0
1771685520448000,1771685520448000,8311934,8310910,8257662,7995448,262212,56,0,8,16384,32,2621464,3944480,33863,2139095040,93,0,0,0,0,0,0,0,0,0,1,0,1,0,0,0,0,0,0,0,0,0,0,0,0,0,0,0
