timestamp,pub_timestamp,timestamp_sample,gyro_device_id,gyro_bias[0],gyro_bias[1],gyro_bias[2],gyro_bias_limit,gyro_bias_variance[0],gyro_bias_variance[1],gyro_bias_variance[2],accel_device_id,accel_bias[0],accel_bias[1],accel_bias[2],accel_bias_limit,accel_bias_variance[0],accel_bias_variance[1],accel_bias_variance[2],mag_device_id,mag_bias[0],mag_bias[1],mag_bias[2],mag_bias_limit,mag_bias_variance[0],mag_bias_variance[1],mag_bias_variance[2],publisher_id,gyro_bias_valid,gyro_bias_stable,accel_bias_valid,accel_bias_stable,mag_bias_valid,mag_bias_stable
1771685725260000,1771685725260000,1771685725108000,1310988,1.295721e-05,-9.68401e-05,-7.3885334e-05,0.15,1.4706305e-07,1.4694756e-07,3.1145123e-07,1310988,-0.01003982,0.00702364,0.009776556,0.4,4.9077276e-05,5.497645e-05,8.579818e-06,197388,0.00037183103,-0.0005774481,-0.00024389161,0.5,1.245804e-06,1.5828592e-06,5.0121544e-05,160,1,1,1,1,1,1
1771685726260000,1771685726260000,1771685726108000,1310988,-1.027675e-06,-9.407162e-05,-6.10532e-05,0.15,1.4695588e-07,1.4684275e-07,3.102095e-07,1310988,-0.010032313,0.0070172744,0.009734031,0.4,4.914711e-05,5.504395e-05,8.580548e-06,197388,0.00037154803,-0.0005807295,-0.00024686646,0.5,1.2435828e-06,1.5824465e-06,5.0119448e-05,160,1,1,1,1,1,1
1771685727260000,1771685727260000,1771685727108000,1310988,-1.3061925e-05,-9.067903e-05,-5.6603636e-05,0.15,1.4686219e-07,1.4674524e-07,3.085809e-07,1310988,-0.010028186,0.0070127184,0.009663822,0.4,4.9216873e-05,5.511117e-05,8.581298e-06,197388,0.00037432357,-0.00058233656,-0.00024324008,0.5,1.2412467e-06,1.5820216e-06,5.0117327e-05,160,1,1,1,1,1,1
1771685728260000,1771685728260000,1771685728108000,1310988,-2.1738579e-05,-9.068541e-05,-5.038025e-05,0.15,1.4694325e-07,1.4691078e-07,3.0868478e-07,1310988,-0.010021838,0.007012838,0.009580597,0.4,4.928671e-05,5.5182354e-05,8.578363e-06,197388,0.00037779065,-0.0005840036,-0.00024167835,0.5,1.238953e-06,1.5816906e-06,5.0115315e-05,160,1,0,1,0,1,0
1771685729260000,1771685729260000,1771685729108000,1310988,-1.854604e-05,-8.8665896e-05,-4.1456395e-05,0.15,1.4746362e-07,1.4749914e-07,3.0920086e-07,1310988,-0.0100197885,0.007012887,0.009505443,0.4,4.93565e-05,5.525415e-05,8.579098e-06,197388,0.0003767283,-0.00058607495,-0.00023963652,0.5,1.2367058e-06,1.581384e-06,5.0113435e-05,160,1,0,1,0,1,0
1771685730260000,1771685730260000,1771685730108000,1310988,-5.3373274e-06,-9.127019e-05,-3.6537847e-05,0.15,1.4764362e-07,1.4771781e-07,3.1016253e-07,1310988,-0.010006207,0.007010448,0.009288859,0.4,4.9426148e-05,5.532528e-05,8.579778e-06,197388,0.00037937038,-0.0005873234,-0.00024274443,0.5,1.2346331e-06,1.5811079e-06,5.0111616e-05,160,1,0,1,0,1,0
1771685731260000,1771685731260000,1771685731108000,1310988,3.0411615e-05,-8.68971e-05,-2.6395559e-05,0.15,1.4756489e-07,1.4765187e-07,3.106074e-07,1310988,-0.00999558,0.006990798,0.009106209,0.4,4.949479e-05,5.5394485e-05,8.580521e-06,197388,0.00038265626,-0.0005892602,-0.00024122013,0.5,1.2324234e-06,1.5808199e-06,5.0109684e-05,160,1,0,1,0,1,0
1771685731500000,1771685731500000,1771685731348000,1310988,4.0173774e-05,-8.6971726e-05,-2.4928444e-05,0.15,1.4741853e-07,1.4749996e-07,3.1149546e-07,1310988,-0.009995375,0.00698624,0.009087218,0.4,4.9510374e-05,5.5411252e-05,8.579061e-06,197388,0.00019881276,0.00090320816,0.00011143006,0.5,0.0012507753,0.0018190729,0.0012625842,160,1,0,1,0,1,0
1771685731572000,1771685731572000,1771685731420000,1310988,4.257024e-05,-8.676005e-05,-2.4565252e-05,0.15,1.4758356e-07,1.4766181e-07,3.1206173e-07,1310988,-0.009994657,0.0069853216,0.00908294,0.4,4.9515114e-05,5.541636e-05,8.580486e-06,197388,0.0013606339,0.0007489118,0.0007611784,0.5,0.0008347373,0.0017116356,0.0008556256,160,1,0,1,0,1,0
1771685731708000,1771685731708000,1771685731556000,1310988,4.8098973e-05,-8.648435e-05,-2.3752587e-05,0.15,1.4745245e-07,1.475266e-07,3.1312246e-07,1310988,-0.009993743,0.006983314,0.009070606,0.4,4.9524493e-05,5.5425975e-05,8.579037e-06,197388,0.0010802925,0.001437327,-1.7730675e-06,0.5,0.0005020113,0.0016439148,0.000532005,160,1,0,1,0,1,0
1771685731844000,1771685731844000,1771685731692000,1310988,5.4290413e-05,-8.571954e-05,-2.2869574e-05,0.15,1.4732652e-07,1.4739739e-07,3.141856e-07,1310988,-0.009992038,0.0069815596,0.009059699,0.4,4.953408e-05,5.543564e-05,8.577643e-06,197388,0.0016961216,0.0011712011,-0.0010758634,0.5,0.0003594613,0.0016180094,0.0003938317,160,1,0,1,0,1,0
1771685731980000,1771685731980000,1771685731828000,1310988,5.8452133e-05,-8.49668e-05,-2.2266604e-05,0.15,1.4760981e-07,1.4767875e-07,3.1525826e-07,1310988,-0.009991621,0.0069805295,0.009053754,0.4,4.954375e-05,5.5445365e-05,8.579863e-06,197388,0.000825105,0.001363366,-0.0021838145,0.5,0.00028026046,0.0016040447,0.00031720265,160,1,0,1,0,1,0
1771685732980000,1771685732980000,1771685732828000,1310988,9.626581e-05,-8.22227e-05,-1.7900486e-05,0.15,1.480381e-07,1.4819184e-07,3.2314873e-07,1310988,-0.009988896,0.006977826,0.009010652,0.4,4.961526e-05,5.551707e-05,8.580622e-06,197388,0.00057192624,0.0017392793,-0.0017373522,0.5,0.000111448324,0.0015562152,0.0001541879,160,1,0,1,0,1,0
1771685733884000,1771685733884000,1771685733732000,1310988,0.00012978466,-8.65341e-05,-1.482434e-05,0.15,1.4808923e-07,1.4845666e-07,3.3030483e-07,1310988,-0.009987208,0.006981406,0.008996842,0.4,4.9679802e-05,5.558183e-05,8.578284e-06,197388,-0.00021212189,0.002206087,-0.0012510611,0.5,7.0310074e-05,0.0015344162,0.00011455214,160,1,0,1,0,1,0
1771685734884000,1771685734884000,1771685734732000,1310988,0.00016042127,-9.5771604e-05,-1.2991432e-05,0.15,1.4841157e-07,1.4886955e-07,3.3821797e-07,1310988,-0.009984571,0.0069886735,0.0089938445,0.4,4.9751037e-05,5.565319e-05,8.578959e-06,197388,-0.00037082174,0.0021754703,-0.0011065046,0.5,5.167162e-05,0.0015289658,9.667202e-05,160,1,0,1,0,1,0
1771685735884000,1771685735884000,1771685735732000,1310988,0.000188627,-0.0001097292,-1.3167612e-05,0.15,1.4865716e-07,1.4908497e-07,3.4608516e-07,1310988,-0.009980909,0.006996186,0.008983167,0.4,4.982228e-05,5.5724497e-05,8.579726e-06,197388,-0.00017529451,0.0013484928,-0.00091664423,0.5,4.0457664e-05,0.0015219187,8.592967e-05,160,1,0,1,0,1,0
1771685736884000,1771685736884000,1771685736732000,1310988,0.00020734886,-0.00012560158,-1.26487375e-05,0.15,1.4849121e-07,1.4872272e-07,3.538828e-07,1310988,-0.009977761,0.007001,0.008970051,0.4,4.989363e-05,5.579592e-05,8.576814e-06,197388,-7.3088144e-05,0.00063516636,-0.00057027733,0.5,3.3351116e-05,0.0015138383,7.916083e-05,160,1,0,1,0,1,0
1771685737884000,1771685737884000,1771685737732000,1310988,0.00020610377,-0.00013489017,-1.0517698e-05,0.15,1.4855293e-07,1.4856306e-07,3.6161072e-07,1310988,-0.009971501,0.0070006056,0.00882787,0.4,4.996511e-05,5.5867466e-05,8.577583e-06,197388,0.00013336886,0.00040120192,-0.00048960274,0.5,2.8698425e-05,0.0015051357,7.477056e-05,160,1,1,1,1,1,0
1771685738884000,1771685738884000,1771685738732000,1310988,0.00019169904,-0.0001338466,-1.0164632e-05,0.15,1.4797922e-07,1.4787773e-07,3.6920773e-07,1310988,-0.009964436,0.0070087616,0.008646249,0.4,5.003375e-05,5.5935496e-05,8.578297e-06,197388,0.00027471615,0.00037683765,-0.00047995037,0.5,2.5012465e-05,0.0014965879,7.130547e-05,160,1,1,1,1,1,0
1771685739884000,1771685739884000,1771685739732000,1310988,0.00016527521,-0.00011803939,-7.984027e-06,0.15,1.4817051e-07,1.4810176e-07,3.766686e-07,1310988,-0.009962018,0.00701356,0.008659688,0.4,5.0105064e-05,5.6006822e-05,8.57906e-06,197388,0.0003995149,0.0006782612,-0.00039584815,0.5,2.2188611e-05,0.0014779022,6.86725e-05,160,1,1,1,1,1,0
1771685740884000,1771685740884000,1771685740732000,1310988,0.00014213711,-9.299509e-05,-4.5684947e-06,0.15,1.4859735e-07,1.4875951e-07,3.8397238e-07,1310988,-0.009964322,0.007010008,0.008662695,0.4,5.017661e-05,5.6078457e-05,8.579845e-06,197388,0.00043728706,0.0011889617,-0.0005004252,0.5,1.9949033e-05,0.0014361232,6.660602e-05,160,1,1,1,1,1,0
1771685741884000,1771685741884000,1771685741732000,1310988,0.00012317834,-6.2476945e-05,-3.181304e-06,0.15,1.4872174e-07,1.4899958e-07,3.911586e-07,1310988,-0.009971346,0.0070043528,0.008665406,0.4,5.024775e-05,5.6149605e-05,8.576946e-06,197388,0.00049155403,0.0012915357,-0.00036464597,0.5,1.8256069e-05,0.0014084872,6.504056e-05,160,1,1,1,1,1,0
1771685742884000,1771685742884000,1771685742732000,1310988,0.0001080335,-3.904063e-05,-4.7237645e-06,0.15,1.491944e-07,1.4926688e-07,3.980842e-07,1310988,-0.009977422,0.006999038,0.008651677,0.4,5.0318853e-05,5.622071e-05,8.577716e-06,197388,0.00038627186,0.00078161556,-0.00030538582,0.5,1.6784372e-05,0.0013957847,6.3653715e-05,160,1,1,1,1,1,0
1771685743884000,1771685743884000,1771685743732000,1310988,9.200004e-05,-3.1277665e-05,-4.2035163e-06,0.15,1.4949553e-07,1.4932904e-07,4.0476777e-07,1310988,-0.009977794,0.0069943415,0.008627457,0.4,5.0390074e-05,5.629196e-05,8.5784295e-06,197388,0.00036602558,0.0004030106,-0.00034255127,0.5,1.5562848e-05,0.0013901759,6.249401e-05,160,1,1,1,1,1,0
1771685744884000,1771685744884000,1771685744732000,1310988,8.015935e-05,-3.1619198e-05,-8.94953e-06,0.15,1.4944114e-07,1.4932426e-07,4.112779e-07,1310988,-0.009975945,0.0069917687,0.008592148,0.4,5.0461465e-05,5.636344e-05,8.579199e-06,197388,0.00036283064,0.0006472294,-0.00039167775,0.5,1.4586428e-05,0.0013804235,6.156986e-05,160,1,1,1,1,1,0
1771685745884000,1771685745884000,1771685745732000,1310988,6.997797e-05,-3.4567838e-05,-5.1306433e-06,0.15,1.4890038e-07,1.4888373e-07,4.1737889e-07,1310988,-0.0099744955,0.0069903256,0.008559385,0.4,5.0533068e-05,5.6435136e-05,8.5763e-06,197388,0.000414616,0.0012577521,-0.00027851888,0.5,1.3683983e-05,0.0013576562,6.0714967e-05,160,1,1,1,1,1,0
1771685746884000,1771685746884000,1771685746732000,1310988,4.887799e-05,-2.7533102e-05,-3.6383944e-06,0.15,1.4895954e-07,1.4892345e-07,4.2316728e-07,1310988,-0.009973816,0.006988536,0.008525108,0.4,5.060477e-05,5.6506964e-05,8.577085e-06,197388,0.0003842999,0.0018488986,-0.00027729323,0.5,1.2902234e-05,0.0013441687,5.9973245e-05,160,1,1,1,1,1,0
1771685747884000,1771685747884000,1771685747732000,1310988,2.8515016e-05,-1.5182527e-05,-4.753897e-06,0.15,1.4908304e-07,1.490417e-07,4.2880845e-07,1310988,-0.009971916,0.006986929,0.008479452,0.4,5.0676597e-05,5.6578814e-05,8.577784e-06,197388,0.00043497607,0.0019208991,-0.00042935388,0.5,1.2256713e-05,0.0013430965,5.9364174e-05,160,1,1,1,1,1,0
1771685748884000,1771685748884000,1771685748732000,1310988,1.09287075e-05,-4.480845e-06,-1.3351022e-06,0.15,1.491871e-07,1.4914993e-07,4.3394002e-07,1310988,-0.00996999,0.006985351,0.008423371,0.4,5.0748447e-05,5.6650664e-05,8.578569e-06,197388,0.00045069607,0.0019341361,-0.00043125747,0.5,1.164696e-05,0.0013423355,5.8785536e-05,160,1,1,1,1,1,0
1771685749884000,1771685749884000,1771685749732000,1310988,-4.834262e-06,2.066809e-05,-1.8694961e-06,0.15,1.488859e-07,1.4887165e-07,4.3869673e-07,1310988,-0.009967199,0.006983755,0.0083523225,0.4,5.0820297e-05,5.6722514e-05,8.575677e-06,197388,0.00046750522,0.0019312538,-0.00046660722,0.5,1.1100993e-05,0.0013398505,5.8270623e-05,160,1,1,1,1,1,0
1771685750884000,1771685750884000,1771685750732000,1310988,-2.2103462e-05,4.3480755e-05,1.8750272e-06,0.15,1.4901505e-07,1.4899001e-07,4.4306503e-07,1310988,-0.009964245,0.006982579,0.008280569,0.4,5.0892075e-05,5.6794364e-05,8.576455e-06,197388,0.00044977362,0.0017550499,-0.00047702002,0.5,1.0613659e-05,0.0013359956,5.780961e-05,160,1,1,1,1,1,0
1771685751884000,1771685751884000,1771685751732000,1310988,-3.7211747e-05,6.3141946e-05,-1.7007826e-06,0.15,1.491971e-07,1.4910906e-07,4.4730422e-07,1310988,-0.009961351,0.006982351,0.008222798,0.4,5.0963805e-05,5.6866214e-05,8.577178e-06,197388,0.000472683,0.0014165269,-0.0004858203,0.5,1.0203268e-05,0.0013323198,5.742059e-05,160,1,1,1,1,1,0
1771685752884000,1771685752884000,1771685752732000,1310988,-5.0733168e-05,6.767688e-05,-2.061581e-06,0.15,1.493965e-07,1.4921321e-07,4.5086722e-07,1310988,-0.0099594975,0.006982427,0.00816397,0.4,5.1035575e-05,5.6938065e-05,8.577956e-06,197388,0.00039053487,0.0011603952,-0.0004872055,0.5,9.804547e-06,0.001328591,5.7043173e-05,160,1,1,1,1,1,0
1771685753884000,1771685753884000,1771685753732000,1310988,-6.7968525e-05,6.4676125e-05,-3.3439924e-06,0.15,1.494686e-07,1.493059e-07,4.539377e-07,1310988,-0.009957466,0.006982738,0.008111139,0.4,5.1107356e-05,5.7009915e-05,8.5787515e-06,197388,0.00043484956,0.0012565084,-0.00045587664,0.5,9.441823e-06,0.0013263033,5.6700283e-05,160,1,1,1,1,1,0
1771685754884000,1771685754884000,1771685754732000,1310988,-8.205008e-05,4.984333e-05,-1.3409199e-05,0.15,1.4902294e-07,1.4896501e-07,4.5679982e-07,1310988,-0.00995572,0.0069833216,0.008038401,0.4,5.1179133e-05,5.7081765e-05,8.575871e-06,197388,0.00040873513,0.0021202234,-0.00045884497,0.5,9.128656e-06,0.0013074216,5.6406898e-05,160,1,1,1,1,1,0
1771685755604000,1771685755604000,1771685755452000,1310988,-9.5952106e-05,3.4068806e-05,-1.5699754e-05,0.15,1.4897671e-07,1.488762e-07,4.5823055e-07,1310988,-0.009954299,0.006983082,0.007985282,0.4,5.1230814e-05,5.7133497e-05,8.5752445e-06,197388,0.0004215048,0.0031217793,-0.00048151493,0.5,8.899279e-06,0.0012913661,5.6192897e-05,160,1,1,1,1,1,0
1771685756604000,1771685756604000,1771685756452000,1310988,-0.00012111207,1.5908952e-05,-3.2270389e-06,0.15,1.4920475e-07,1.4896382e-07,4.599424e-07,1310988,-0.009952209,0.0069818697,0.007917505,0.4,5.1302595e-05,5.7205332e-05,8.576031e-06,197388,0.00045092098,0.003967163,-0.0004939434,0.5,8.609705e-06,0.0012801216,5.5921424e-05,160,1,1,1,1,1,0
1771685757604000,1771685757604000,1771685757452000,1310988,-0.00014640136,1.3032017e-05,-1.3310517e-06,0.15,1.4935692e-07,1.4910619e-07,4.6169083e-07,1310988,-0.009949816,0.0069816853,0.007851167,0.4,5.1374376e-05,5.727713e-05,8.576762e-06,197388,0.0004884709,0.0040776995,-0.00051253865,0.5,8.358718e-06,0.0012766718,5.5687513e-05,160,1,1,1,1,1,0
1771685758604000,1771685758604000,1771685758452000,1310988,-0.00016962337,2.6694572e-05,-5.7099405e-06,0.15,1.4941091e-07,1.492635e-07,4.6258413e-07,1310988,-0.0099474,0.0069816057,0.007777934,0.4,5.144618e-05,5.7348927e-05,8.577556e-06,197388,0.0004971846,0.0041983393,-0.00047424575,0.5,8.109142e-06,0.0012728336,5.54556e-05,160,1,1,1,1,1,0
1771685759604000,1771685759604000,1771685759452000,1310988,-0.00017885378,3.9650742e-05,7.403854e-07,0.15,1.4947412e-07,1.4946123e-07,4.630691e-07,1310988,-0.0099469,0.006981052,0.007772927,0.4,5.151792e-05,5.7420646e-05,8.578368e-06,197388,0.000501544,0.004099469,-0.00051626674,0.5,7.878561e-06,0.0012661178,5.5240853e-05,160,1,1,1,1,1,0
1771685760604000,1771685760604000,1771685760452000,1310988,-0.00017608317,5.4689084e-05,1.1570756e-06,0.15,1.4968296e-07,1.496206e-07,4.631503e-07,1310988,-0.009957143,0.0069848243,0.007909898,0.4,5.158727e-05,5.7489604e-05,8.575496e-06,197388,0.0005453302,0.0038570066,-0.00052283815,0.5,7.670065e-06,0.0012518528,5.5041204e-05,160,1,1,1,1,1,0
1771685761604000,1771685761604000,1771685761452000,1310988,-0.00016935579,6.13494e-05,7.631021e-06,0.15,1.5023984e-07,1.5010262e-07,4.6336274e-07,1310988,-0.009964224,0.0069901366,0.007970122,0.4,5.1655574e-05,5.7557376e-05,8.576291e-06,197388,0.0005168947,0.00377067,-0.0005327451,0.5,7.4912505e-06,0.0012384969,5.4867054e-05,160,1,1,1,1,1,0
1771685762604000,1771685762604000,1771685762452000,1310988,-0.00016160223,5.6337885e-05,1.21783805e-05,0.15,1.5039367e-07,1.5027149e-07,4.6259845e-07,1310988,-0.009962353,0.0069941743,0.007943379,0.4,5.1725663e-05,5.7627458e-05,8.577032e-06,197388,0.00050119584,0.0039492534,-0.00053807895,0.5,7.3130827e-06,0.0012322739,5.4692548e-05,160,1,1,1,1,1,0
1771685763604000,1771685763604000,1771685763452000,1310988,-0.0001602253,4.5956585e-05,1.651306e-05,0.15,1.5023915e-07,1.5019329e-07,4.6136654e-07,1310988,-0.009959638,0.0069941645,0.0078720655,0.4,5.1797022e-05,5.7699068e-05,8.5778265e-06,197388,0.00050982425,0.0041108364,-0.0005093063,0.5,7.1459262e-06,0.0012287964,5.452912e-05,160,1,1,1,1,1,0
1771685764484000,1771685764484000,1771685764332000,1310988,-0.00015624211,0.00012431163,2.3236344e-05,0.15,1.5092637e-07,1.4993795e-07,4.5991078e-07,1310988,-0.009931602,0.006997494,0.0077702496,0.4,5.1858504e-05,5.7761798e-05,8.577527e-06,197388,0.00046968053,0.0030983104,-0.0004508377,0.5,6.9257158e-06,0.0008328312,5.4046006e-05,160,1,1,1,1,1,0
1771685764652000,1771685764652000,1771685764500000,1310988,-0.00015508357,0.0001790512,2.3893574e-05,0.15,1.5200777e-07,1.4954028e-07,4.5944668e-07,1310988,-0.009907323,0.0070114643,0.0077435854,0.4,5.186957e-05,5.777372e-05,8.574762e-06,197388,0.00043900355,0.0016894864,-0.00044250942,0.5,6.8421004e-06,0.00045432313,5.382099e-05,160,1,1,1,1,1,0
1771685764860000,1771685764860000,1771685764708000,1310988,-0.00015524024,0.00023234756,2.9970864e-05,0.15,1.5341008e-07,1.494579e-07,4.5891497e-07,1310988,-0.009880994,0.0070382934,0.0077171996,0.4,5.1882733e-05,5.778823e-05,8.574835e-06,197388,0.00040244157,0.00055680185,-0.00045571,0.5,6.774487e-06,0.00023490995,5.3453863e-05,160,1,1,1,1,1,0
1771685765860000,1771685765860000,1771685765708000,1310988,-0.0001598032,0.00033305495,2.9402476e-05,0.15,1.5966988e-07,1.493416e-07,4.5834105e-07,1310988,-0.0098209055,0.007149875,0.0075652106,0.4,5.1926178e-05,5.7824203e-05,8.576122e-06,197388,0.0002012384,0.00018806577,-0.0007288806,0.5,6.582579e-06,4.215274e-05,5.2039333e-05,160,1,1,1,1,1,0
1771685766580000,1771685766580000,1771685766428000,1310988,-0.00017324006,0.00016854526,2.0725478e-05,0.15,1.6388387e-07,1.4952838e-07,4.5980744e-07,1310988,-0.010241044,0.0061403625,0.007527088,0.4,5.184095e-05,5.7688787e-05,8.575917e-06,197388,0.0003747053,0.000952801,-0.0005778548,0.5,6.440582e-06,2.9481287e-05,5.1841052e-05,160,1,1,1,1,1,0
1771685766996000,1771685766996000,1771685766844000,1310988,-0.00018684845,5.7117624e-05,7.6164024e-06,0.15,1.6431002e-07,1.5002327e-07,4.6069727e-07,1310988,-0.010747983,0.00519757,0.007513523,0.4,5.1621577e-05,5.7441768e-05,8.576331e-06,197388,0.00043570873,0.0012242759,-0.00049436296,0.5,6.317532e-06,2.5789775e-05,5.1725252e-05,160,1,1,1,1,1,0
1771685767460000,1771685767460000,1771685767308000,1310988,-0.00020673774,-2.7029686e-05,-3.4777197e-06,0.15,1.631905e-07,1.5094112e-07,4.619574e-07,1310988,-0.011422416,0.0043918993,0.0074851876,0.4,5.119293e-05,5.6940684e-05,8.576646e-06,197388,0.00048695545,0.0013264633,-0.00047153857,0.5,6.1985065e-06,2.284692e-05,5.1645926e-05,160,1,1,1,1,1,0
1771685768460000,1771685768460000,1771685768308000,1310988,-0.00022753561,-7.068929e-05,-2.4200472e-05,0.15,1.614487e-07,1.5453502e-07,4.643041e-07,1310988,-0.011968728,0.00410645,0.007410551,0.4,4.9893082e-05,5.5388737e-05,8.578878e-06,197388,0.0004970246,0.0011201581,-0.00046655384,0.5,5.8890605e-06,1.7003014e-05,5.151777e-05,160,1,1,1,1,1,0
1771685769460000,1771685769460000,1771685769308000,1310988,-0.0002001884,-6.531564e-05,-3.210744e-05,0.15,1.6503705e-07,1.6020815e-07,4.6922852e-07,1310988,-0.011165477,0.0041242316,0.0073376545,0.4,4.8443344e-05,5.3876473e-05,8.580911e-06,197388,0.00046779268,0.0008989071,-0.0004333162,0.5,5.5972423e-06,1.3645786e-05,5.1359522e-05,160,1,1,1,1,1,0
1771685770460000,1771685770460000,1771685770308000,1310988,-0.00017970674,-7.157494e-05,-3.8752398e-05,0.15,1.7074852e-07,1.6655095e-07,4.7614338e-07,1310988,-0.010548219,0.0040840236,0.0072661466,0.4,4.72024e-05,5.262167e-05,8.582708e-06,197388,0.00052401994,0.00078357226,-0.0004103117,0.5,5.3563836e-06,1.1771451e-05,5.121685e-05,160,1,1,1,1,1,0
1771685771460000,1771685771460000,1771685771308000,1310988,-0.00017211688,-8.6418666e-05,-3.9003928e-05,0.15,1.7576232e-07,1.7184205e-07,4.836216e-07,1310988,-0.010330721,0.0039981306,0.0072124815,0.4,4.636826e-05,5.1785104e-05,8.5842275e-06,197388,0.0004939994,0.0006669479,-0.0003674813,0.5,5.1270745e-06,1.0429721e-05,5.1089344e-05,160,1,1,1,1,1,0
1771685772460000,1771685772460000,1771685772308000,1310988,-0.00015231303,-0.00010132538,-4.02287e-05,0.15,1.7858699e-07,1.7478378e-07,4.9118955e-07,1310988,-0.010214477,0.0040593697,0.0071621635,0.4,4.590218e-05,5.1328865e-05,8.581827e-06,197388,0.0004471874,0.00047933243,-0.00037825888,0.5,4.9211794e-06,9.480121e-06,5.0979666e-05,160,1,1,1,1,1,0
1771685773460000,1771685773460000,1771685773308000,1310988,-0.00013095068,-0.00011274903,-4.2798267e-05,0.15,1.793897e-07,1.7571189e-07,4.987033e-07,1310988,-0.010190576,0.0041603083,0.0071066427,0.4,4.572848e-05,5.1168423e-05,8.582875e-06,197388,0.00039846203,0.00038639648,-0.00036294313,0.5,4.734603e-06,8.783387e-06,5.0880106e-05,160,1,1,1,1,1,0
1771685774460000,1771685774460000,1771685774308000,1310988,-0.00011835429,-0.0001241997,-4.566802e-05,0.15,1.7850424e-07,1.7495802e-07,5.060496e-07,1310988,-0.01020126,0.0042218505,0.007071093,0.4,4.5689452e-05,5.1144267e-05,8.583733e-06,197388,0.00039181422,0.0003879906,-0.0003569297,0.5,4.5748893e-06,8.28773e-06,5.0793467e-05,160,1,1,1,1,1,0
1771685775460000,1771685775460000,1771685775308000,1310988,-0.00010804348,-0.00013621486,-4.4573375e-05,0.15,1.7645868e-07,1.7314836e-07,5.1313344e-07,1310988,-0.010202691,0.004263394,0.0070349528,0.4,4.570238e-05,5.117245e-05,8.584561e-06,197388,0.0004154795,0.00031156436,-0.00033713196,0.5,4.4177837e-06,7.876673e-06,5.070228e-05,160,1,1,1,1,1,1
1771685776460000,1771685776460000,1771685776308000,1310988,-9.794178e-05,-0.00014091092,-4.426211e-05,0.15,1.733089e-07,1.7036196e-07,5.199999e-07,1310988,-0.010225596,0.004292055,0.0069824676,0.4,4.5727193e-05,5.120971e-05,8.581687e-06,197388,0.0004586983,0.0002814907,-0.00033607817,0.5,4.273062e-06,7.556438e-06,5.0614002e-05,160,1,1,1,1,1,1
1771685777460000,1771685777460000,1771685777308000,1310988,-7.759002e-05,-0.00012866965,-3.784183e-05,0.15,1.7061222e-07,1.6804775e-07,5.2665064e-07,1310988,-0.010257256,0.0042971685,0.0069530453,0.4,4.5754547e-05,5.124762e-05,8.582485e-06,197388,0.00045270048,0.00018693779,-0.00030963126,0.5,4.1480926e-06,7.319877e-06,5.053731e-05,160,1,1,1,1,1,1
1771685778460000,1771685778460000,1771685778308000,1310988,-5.7988927e-05,-0.00010787954,-3.2032684e-05,0.15,1.680662e-07,1.6584136e-07,5.3275795e-07,1310988,-0.010294519,0.0042777676,0.0069118435,0.4,4.577952e-05,5.1284045e-05,8.5832e-06,197388,0.00042942067,0.00012966644,-0.00028935383,0.5,4.024227e-06,7.1189293e-06,5.046102e-05,160,1,1,1,1,1,1
1771685779460000,1771685779460000,1771685779308000,1310988,-4.7212074e-05,-8.733782e-05,-2.1914017e-05,0.15,1.6581234e-07,1.6385128e-07,5.383122e-07,1310988,-0.010321829,0.004254665,0.006866156,0.4,4.580492e-05,5.132078e-05,8.584003e-06,197388,0.0004679415,5.7283083e-05,-0.00032485143,0.5,3.9093684e-06,6.9608345e-06,5.0389615e-05,160,1,1,1,1,1,1
1771685780460000,1771685780460000,1771685780308000,1310988,-4.8168276e-05,-8.919954e-05,-2.3363591e-05,0.15,1.6335346e-07,1.6161621e-07,5.4330627e-07,1310988,-0.010327454,0.0042626103,0.006806908,0.4,4.5831337e-05,5.1355673e-05,8.581141e-06,197388,0.0004958893,6.990902e-05,-0.00031597755,0.5,3.8025025e-06,6.8370073e-06,5.0319908e-05,160,1,1,1,1,1,1
1771685781460000,1771685781460000,1771685781308000,1310988,-5.1605595e-05,-0.0001053003,-2.1829253e-05,0.15,1.6163249e-07,1.6012348e-07,5.4808726e-07,1310988,-0.010338786,0.0042944523,0.0067725163,0.4,4.586361e-05,5.1395375e-05,8.581945e-06,197388,0.0005023528,5.8559082e-05,-0.00033490447,0.5,3.7094196e-06,6.7457404e-06,5.025626e-05,160,1,1,1,1,1,1
1771685782460000,1771685782460000,1771685782308000,1310988,-6.16406e-05,-9.835594e-05,-1.8485984e-05,0.15,1.601157e-07,1.5881446e-07,5.5203026e-07,1310988,-0.010320252,0.0042853877,0.006740447,0.4,4.589775e-05,5.1437903e-05,8.582706e-06,197388,0.00047656905,4.6550387e-05,-0.00033187598,0.5,3.616281e-06,6.669301e-06,5.0165247e-05,160,1,1,1,1,1,1
1771685783460000,1771685783460000,1771685783308000,1310988,-6.876774e-05,2.6822243e-05,5.598415e-06,0.15,1.5996343e-07,1.5766878e-07,5.412892e-07,1310988,-0.010277818,0.004108554,0.006704577,0.4,4.5931192e-05,5.1439783e-05,8.583663e-06,197388,0.00037087692,5.3476033e-05,-0.00040910614,0.5,3.528721e-06,6.585403e-06,4.9671555e-05,160,1,1,1,1,1,1
1771685784460000,1771685784460000,1771685784308000,1310988,-7.04892e-05,2.7869037e-05,2.766708e-05,0.15,1.6173416e-07,1.5667463e-07,5.1458454e-07,1310988,-0.010280704,0.004135913,0.006669679,0.4,4.597332e-05,5.1386192e-05,8.584646e-06,197388,0.00034935176,5.7214722e-05,-0.00043619142,0.5,3.4522093e-06,6.468174e-06,4.931142e-05,160,1,1,1,1,1,1
1771685785460000,1771685785460000,1771685785308000,1310988,-3.5308196e-05,-1.909457e-05,-9.7630245e-06,0.15,1.6325009e-07,1.5531002e-07,5.003872e-07,1310988,-0.010351501,0.00412622,0.0066137095,0.4,4.6018384e-05,5.138146e-05,8.581885e-06,197388,0.00037556776,-3.442002e-05,-0.00042149943,0.5,3.3759102e-06,6.3949924e-06,4.8898248e-05,160,1,1,1,1,1,1
1771685786460000,1771685786460000,1771685786308000,1310988,-1.6637504e-06,-1.8772625e-05,-0.00010833069,0.15,1.6546349e-07,1.5470034e-07,4.7951613e-07,1310988,-0.010368376,0.0039032619,0.0065416577,0.4,4.607169e-05,5.1382263e-05,8.582725e-06,197388,0.00036881337,-0.00018540228,-0.0005301835,0.5,3.3023014e-06,6.2775057e-06,4.8203194e-05,160,1,1,1,1,1,1
1771685787460000,1771685787460000,1771685787308000,1310988,3.757417e-05,-4.063643e-06,-0.00013569358,0.15,1.6688901e-07,1.5528313e-07,4.514281e-07,1310988,-0.010299585,0.003796695,0.006456893,0.4,4.607211e-05,5.1216502e-05,8.5833935e-06,197388,0.00034380562,-0.00020221266,-0.000658755,0.5,3.2381938e-06,6.033863e-06,4.7203648e-05,160,1,1,1,1,1,1
1771685788052000,1771685788052000,1771685787900000,1310988,-6.909434e-05,-0.000116012954,-0.00025601705,0.15,1.6630898e-07,1.5613305e-07,4.3407582e-07,1310988,-0.01103995,0.0030987572,0.0064951694,0.4,4.5945755e-05,5.0930397e-05,8.581207e-06,197388,0.00037066315,-0.00048483632,-0.00043917642,0.5,3.204023e-06,5.790369e-06,4.707616e-05,160,1,1,1,1,1,1
1771685788676000,1771685788676000,1771685788524000,1310988,-0.00017982288,-0.0001811978,-0.0003417678,0.15,1.6507566e-07,1.5733136e-07,4.1685394e-07,1310988,-0.012027706,0.0027976835,0.0065185623,0.4,4.5664117e-05,5.057352e-05,8.581732e-06,197388,0.00037781426,-0.0007074002,-0.00027203385,0.5,3.1741488e-06,5.5080436e-06,4.7021647e-05,160,1,1,1,1,1,1
1771685789676000,1771685789676000,1771685789524000,1310988,-0.00023854709,-0.00018379572,-0.00036970543,0.15,1.6587937e-07,1.601756e-07,3.871511e-07,1310988,-0.012456395,0.0030103405,0.0065100915,0.4,4.4915272e-05,5.0009534e-05,8.583836e-06,197388,0.00028947915,-0.000753169,-0.00019565094,0.5,3.1248594e-06,5.0710787e-06,4.6967543e-05,160,1,1,1,1,1,1
1771685790676000,1771685790676000,1771685790524000,1310988,-0.00021172932,-0.00018607073,-0.0003584052,0.15,1.7031395e-07,1.6478876e-07,3.68431e-07,1310988,-0.011829858,0.0029907255,0.006496665,0.4,4.4072138e-05,4.9516493e-05,8.585858e-06,197388,0.00020201903,-0.0006633654,-0.00017250041,0.5,3.077478e-06,4.755494e-06,4.6892008e-05,160,1,1,1,1,1,1
1771685791676000,1771685791676000,1771685791524000,1310988,-0.00018036198,-0.00021606326,-0.00034629935,0.15,1.7561223e-07,1.6956398e-07,3.6014615e-07,1310988,-0.011246396,0.0028094586,0.0064828554,0.4,4.3467528e-05,4.9125178e-05,8.587664e-06,197388,0.00015496682,-0.0005927541,-0.0001253503,0.5,3.0381627e-06,4.5384495e-06,4.681812e-05,160,1,1,1,1,1,1
1771685792676000,1771685792676000,1771685792524000,1310988,-0.00015862145,-0.00025749503,-0.00032477305,0.15,1.796251e-07,1.7293509e-07,3.548251e-07,1310988,-0.010918684,0.0027545586,0.006472827,0.4,4.31563e-05,4.8910802e-05,8.589183e-06,197388,0.00010362183,-0.00052691135,-6.938153e-05,0.5,3.0006688e-06,4.347727e-06,4.6750283e-05,160,1,1,1,1,1,1
1771685793676000,1771685793676000,1771685793524000,1310988,-0.00012403542,-0.0003075793,-0.00030904394,0.15,1.8116997e-07,1.7401459e-07,3.5139524e-07,1310988,-0.010686884,0.0028480897,0.0064606504,0.4,4.3046522e-05,4.8824368e-05,8.5867705e-06,197388,6.147646e-05,-0.0004844687,-1.7613847e-05,0.5,2.966422e-06,4.184567e-06,4.6692625e-05,160,1,1,1,1,1,1
1771685794676000,1771685794676000,1771685794524000,1310988,-8.606507e-05,-0.00034428586,-0.00030893882,0.15,1.8097215e-07,1.736845e-07,3.4894651e-07,1310988,-0.01062064,0.0029752092,0.006441664,0.4,4.304654e-05,4.8809234e-05,8.587799e-06,197388,5.2667263e-05,-0.00047989291,-3.6418348e-06,0.5,2.934709e-06,4.0410996e-06,4.6642665e-05,160,1,1,1,1,1,1
1771685795676000,1771685795676000,1771685795524000,1310988,-6.0144135e-05,-0.00036598265,-0.00029373408,0.15,1.79354e-07,1.7223161e-07,3.475849e-07,1310988,-0.010642804,0.0030792789,0.006426563,0.4,4.3074797e-05,4.881771e-05,8.588629e-06,197388,3.316622e-05,-0.00042961488,2.4520534e-05,0.5,2.907043e-06,3.9207234e-06,4.6600104e-05,160,1,1,1,1,1,1
1771685796676000,1771685796676000,1771685796524000,1310988,-4.8711605e-05,-0.0003624966,-0.00028426177,0.15,1.7691433e-07,1.7019329e-07,3.458834e-07,1310988,-0.010678365,0.0031080854,0.0064025945,0.4,4.3101427e-05,4.882609e-05,8.589431e-06,197388,2.7227374e-05,-0.00039795376,2.4030785e-05,0.5,2.8791978e-06,3.8043806e-06,4.6557354e-05,160,1,1,1,1,1,1
1771685797676000,1771685797676000,1771685797524000,1310988,-5.5166434e-05,-0.00033785886,-0.00026568255,0.15,1.7365471e-07,1.6748446e-07,3.4448033e-07,1310988,-0.010681246,0.0030790207,0.0063742027,0.4,4.311743e-05,4.8826063e-05,8.586521e-06,197388,3.279481e-05,-0.00032605525,2.8387778e-05,0.5,2.852955e-06,3.6995148e-06,4.651814e-05,160,1,1,1,1,1,1
1771685798676000,1771685798676000,1771685798524000,1310988,-6.91225e-05,-0.00031970738,-0.00023994163,0.15,1.7103986e-07,1.6540649e-07,3.4395381e-07,1310988,-0.010658172,0.0030686131,0.006336939,0.4,4.313139e-05,4.882636e-05,8.587289e-06,197388,1.6589654e-05,-0.00025146524,3.1197822e-05,0.5,2.8298412e-06,3.6108254e-06,4.6483085e-05,160,1,1,1,1,1,1
1771685799676000,1771685799676000,1771685799524000,1310988,-7.820084e-05,-0.00031533776,-0.00022737542,0.15,1.6857449e-07,1.6349605e-07,3.4305472e-07,1310988,-0.010651398,0.0030697435,0.0062945215,0.4,4.3144373e-05,4.8823902e-05,8.58798e-06,197388,1.8625416e-06,-0.00022434589,4.9857696e-05,0.5,2.80642e-06,3.5248208e-06,4.6445355e-05,160,1,1,1,1,1,1
1771685800676000,1771685800676000,1771685800524000,1310988,-7.024933e-05,-0.00029913554,-0.00020783597,0.15,1.663181e-07,1.6179926e-07,3.4227278e-07,1310988,-0.010679907,0.003048791,0.00623934,0.4,4.3160268e-05,4.882534e-05,8.588775e-06,197388,-2.049461e-05,-0.00018327245,9.1784656e-05,0.5,2.7844296e-06,3.446955e-06,4.6398858e-05,160,1,1,1,1,1,1
1771685801676000,1771685801676000,1771685801524000,1310988,-5.864452e-05,-0.0001373688,-0.00018899208,0.15,1.6562382e-07,1.5982818e-07,3.3907295e-07,1310988,-0.010663905,0.0026575609,0.0061650625,0.4,4.318627e-05,4.8809638e-05,8.586022e-06,197388,-7.7193115e-05,-0.00013270616,4.8759666e-05,0.5,2.76429e-06,3.3780955e-06,4.603244e-05,160,1,1,1,1,1,1
1771685802676000,1771685802676000,1771685802524000,1310988,-6.53929e-05,-0.000101596,-0.00015696998,0.15,1.6763029e-07,1.5851099e-07,3.3237606e-07,1310988,-0.010649032,0.0026255397,0.006110721,0.4,4.322916e-05,4.876562e-05,8.5869415e-06,197388,-9.7595206e-05,-0.000103297316,-6.4478714e-05,0.5,2.7436643e-06,3.320178e-06,4.5749588e-05,160,1,1,1,1,1,1
1771685803676000,1771685803676000,1771685803524000,1310988,-8.264362e-05,-0.00016326153,-0.0001603123,0.15,1.6926562e-07,1.5738236e-07,3.3106517e-07,1310988,-0.010639345,0.0027673498,0.006071483,0.4,4.3275802e-05,4.8766353e-05,8.5877455e-06,197388,-5.3987555e-05,-0.00010653814,2.763089e-05,0.5,2.7252945e-06,3.262612e-06,4.5631547e-05,160,1,1,1,1,1,1
1771685804676000,1771685804676000,1771685804524000,1310988,-9.040318e-06,-0.00014913197,-0.0001754747,0.15,1.7029454e-07,1.5638804e-07,3.3145992e-07,1310988,-0.010744617,0.0026257872,0.0059897318,0.4,4.332675e-05,4.879957e-05,8.58855e-06,197388,-0.000106531086,-7.093314e-05,-0.00016739144,0.5,2.7078997e-06,3.2100136e-06,4.5143104e-05,160,1,1,1,1,1,1
1771685805676000,1771685805676000,1771685805524000,1310988,0.000244596,-0.00024746408,-0.00032084598,0.15,1.6690842e-07,1.5669809e-07,3.0969386e-07,1310988,-0.010780052,0.0019406603,0.0058741276,0.4,4.3381133e-05,4.868137e-05,8.590055e-06,197388,-0.00021106296,3.3844244e-05,-0.00037127477,0.5,2.6631612e-06,3.1617794e-06,4.3489814e-05,160,1,1,1,1,1,1
1771685806676000,1771685806676000,1771685806524000,1310988,3.763801e-05,-0.00023116078,-0.00055135094,0.15,1.6077334e-07,1.5903403e-07,2.8595824e-07,1310988,-0.011258746,0.0017728523,0.005869635,0.4,4.3367036e-05,4.8324302e-05,8.588866e-06,197388,-0.00036709764,3.065062e-05,-0.00036654118,0.5,2.5993852e-06,3.1021664e-06,4.3066913e-05,160,1,1,1,1,1,1
1771685807676000,1771685807676000,1771685807524000,1310988,-8.429319e-05,-0.00010312576,-0.00067169545,0.15,1.6061e-07,1.6024427e-07,2.813679e-07,1310988,-0.011381135,0.0026424748,0.005854245,0.4,4.3124055e-05,4.808651e-05,8.592172e-06,197388,-0.00043694366,4.462249e-05,-0.00026386045,0.5,2.5437641e-06,3.0478984e-06,4.300255e-05,160,1,1,1,1,1,1
1771685808676000,1771685808676000,1771685808524000,1310988,-6.561843e-05,-7.193887e-05,-0.0006799969,0.15,1.6342949e-07,1.6219423e-07,2.8025244e-07,1310988,-0.011014045,0.002806745,0.0058175083,0.4,4.2746284e-05,4.7858193e-05,8.595346e-06,197388,-0.00040379245,0.00012643516,-0.00031849663,0.5,2.497144e-06,3.0020733e-06,4.2962525e-05,160,1,1,1,1,1,1
1771685809676000,1771685809676000,1771685809524000,1310988,-5.5595538e-05,-0.00012766746,-0.00063102826,0.15,1.6671142e-07,1.646355e-07,2.816548e-07,1310988,-0.010836142,0.0024358875,0.0057805744,0.4,4.2490472e-05,4.7697253e-05,8.598027e-06,197388,-0.0003045389,0.00019591357,-0.0003671641,0.5,2.4548808e-06,2.955068e-06,4.2911015e-05,160,1,1,1,1,1,1
1771685810676000,1771685810676000,1771685810524000,1310988,-7.358258e-05,-0.00017753159,-0.0005794302,0.15,1.6870561e-07,1.6595956e-07,2.8414536e-07,1310988,-0.010798194,0.002240484,0.005748618,0.4,4.239641e-05,4.765028e-05,8.596518e-06,197388,-0.00020441916,0.00023355368,-0.00035122986,0.5,2.4180272e-06,2.9103107e-06,4.2860112e-05,160,1,1,1,1,1,1
1771685811676000,1771685811676000,1771685811524000,1310988,-7.4248725e-05,-0.00020307672,-0.00054415147,0.15,1.69692e-07,1.6643024e-07,2.8681805e-07,1310988,-0.010746765,0.0022302154,0.00571855,0.4,4.2413045e-05,4.7675512e-05,8.598094e-06,197388,-0.00012856707,0.00026118412,-0.00035377074,0.5,2.3849582e-06,2.8682155e-06,4.2821277e-05,160,1,1,1,1,1,1
1771685812676000,1771685812676000,1771685812524000,1310988,-6.517132e-05,-0.00021364521,-0.00050899736,0.15,1.69613e-07,1.65992e-07,2.9012057e-07,1310988,-0.010727404,0.0022591015,0.005685149,0.4,4.2462263e-05,4.7712736e-05,8.599187e-06,197388,-4.3337346e-05,0.00030146266,-0.0003936748,0.5,2.3567777e-06,2.8310935e-06,4.2793483e-05,160,1,1,1,1,1,1
1771685813676000,1771685813676000,1771685813524000,1310988,-7.133151e-05,-0.00021035121,-0.0004646251,0.15,1.686597e-07,1.64926e-07,2.9337806e-07,1310988,-0.010713094,0.0022565087,0.0056472407,0.4,4.2508127e-05,4.7742225e-05,8.600089e-06,197388,5.9592545e-05,0.00033839623,-0.00044588037,0.5,2.3292214e-06,2.793478e-06,4.2765234e-05,160,1,1,1,1,1,1
1771685814676000,1771685814676000,1771685814524000,1310988,-9.469138e-05,-0.00019399666,-0.00042445838,0.15,1.6672863e-07,1.630766e-07,2.96601e-07,1310988,-0.010667763,0.0022230742,0.0056021027,0.4,4.253814e-05,4.7756665e-05,8.597124e-06,197388,0.0001343052,0.00038263443,-0.00047118063,0.5,2.3040116e-06,2.7576223e-06,4.273516e-05,160,1,1,1,1,1,1
1771685815676000,1771685815676000,1771685815524000,1310988,-0.00012217827,-0.00011049771,-0.00040917407,0.15,1.6528159e-07,1.6163501e-07,2.9982974e-07,1310988,-0.010600524,0.0020089909,0.005548748,0.4,4.2560314e-05,4.7761027e-05,8.597754e-06,197388,0.00015339396,0.00039733606,-0.00042325092,0.5,2.282842e-06,2.725725e-06,4.264895e-05,160,1,1,1,1,1,1
1771685816676000,1771685816676000,1771685816524000,1310988,-0.00016654303,3.5153513e-05,-0.0003704556,0.15,1.6566872e-07,1.6022322e-07,2.989406e-07,1310988,-0.010476489,0.0016958422,0.0054907454,0.4,4.2596068e-05,4.7741327e-05,8.59843e-06,197388,0.00014391106,0.00041587616,-0.00024673506,0.5,2.2626998e-06,2.6914067e-06,4.230637e-05,160,1,1,1,1,1,1
1771685817676000,1771685817676000,1771685817524000,1310988,-0.00021496015,3.65343e-05,-0.00029848638,0.15,1.6734572e-07,1.5891105e-07,2.9692973e-07,1310988,-0.0103811715,0.0018121123,0.005451984,0.4,4.2640993e-05,4.7710208e-05,8.599091e-06,197388,0.0001715134,0.00038148038,-9.170827e-05,0.5,2.2438858e-06,2.6566036e-06,4.211332e-05,160,1,1,1,1,1,1
1771685818676000,1771685818676000,1771685818524000,1310988,-0.00023595545,-6.257141e-05,-0.0002542834,0.15,1.6816266e-07,1.579639e-07,2.994879e-07,1310988,-0.010344426,0.002116068,0.0055877254,0.4,4.267479e-05,4.7700352e-05,8.599759e-06,197388,0.00022302888,0.00036545008,-9.930035e-06,0.5,2.2265344e-06,2.6245605e-06,4.2065836e-05,160,1,1,1,1,1,1
1771685819676000,1771685819676000,1771685819524000,1310988,-0.00020067168,-0.00014700372,-0.00020827408,0.15,1.6672071e-07,1.5732117e-07,3.0294342e-07,1310988,-0.010403415,0.0024189241,0.005714124,0.4,4.2653373e-05,4.7656595e-05,8.59689e-06,197388,0.0002935532,0.00036290067,1.5367028e-05,0.5,2.2118327e-06,2.6000098e-06,4.2046056e-05,160,1,1,1,1,1,1
1771685820676000,1771685820676000,1771685820524000,1310988,-0.00013263313,-0.00016723698,-0.00014606162,0.15,1.6312504e-07,1.5624416e-07,3.0361304e-07,1310988,-0.010700351,0.0025411556,0.0056542484,0.4,4.2451364e-05,4.7463516e-05,8.597726e-06,197388,0.0003287968,0.00041200477,3.692776e-05,0.5,2.1943888e-06,2.5790807e-06,4.202785e-05,160,1,1,1,1,1,1
1771685821676000,1771685821676000,1771685821524000,1310988,-0.00010285225,-0.00013574357,-0.00010448366,0.15,1.6027255e-07,1.5552122e-07,3.0407264e-07,1310988,-0.010812699,0.0023251837,0.0055758324,0.4,4.2091688e-05,4.7118083e-05,8.59844e-06,197388,0.00031807524,0.0004659007,7.0590504e-05,0.5,2.176244e-06,2.5604368e-06,4.20029e-05,160,1,1,1,1,1,1
1771685822676000,1771685822676000,1771685822524000,1310988,-9.236079e-05,-0.00011599724,-8.088504e-05,0.15,1.5886306e-07,1.5551743e-07,3.0561628e-07,1310988,-0.010860518,0.0021948905,0.005524414,0.4,4.1769843e-05,4.6787234e-05,8.5991105e-06,197388,0.00030501414,0.0004974029,7.818292e-05,0.5,2.1600686e-06,2.5452448e-06,4.1983734e-05,160,1,1,1,1,1,1
1771685823676000,1771685823676000,1771685823524000,1310988,-8.739725e-05,-0.0001013676,-5.9766542e-05,0.15,1.5769326e-07,1.5540333e-07,3.0690262e-07,1310988,-0.010885836,0.0021158175,0.005470314,0.4,4.1555635e-05,4.6554116e-05,8.596033e-06,197388,0.00029352691,0.00052513665,8.008368e-05,0.5,2.1432893e-06,2.5310515e-06,4.1966512e-05,160,1,1,1,1,1,1
1771685824676000,1771685824676000,1771685824524000,1310988,-9.388087e-05,-9.584565e-05,-4.5576377e-05,0.15,1.5717173e-07,1.5561163e-07,3.0827627e-07,1310988,-0.010856056,0.002080404,0.005412226,0.4,4.14727e-05,4.645427e-05,8.596587e-06,197388,0.0002868015,0.00054887193,8.848561e-05,0.5,2.1271117e-06,2.5187383e-06,4.1950498e-05,160,1,1,1,1,1,1
1771685825676000,1771685825676000,1771685825524000,1310988,-0.00010049592,-9.741638e-05,-3.5721474e-05,0.15,1.5666281e-07,1.5561776e-07,3.101391e-07,1310988,-0.010836193,0.0020779646,0.005347081,0.4,4.1467327e-05,4.64372e-05,8.5970105e-06,197388,0.0002903973,0.00056569895,0.00010479302,0.5,2.1124456e-06,2.5087315e-06,4.193596e-05,160,1,1,1,1,1,1
1771685826676000,1771685826676000,1771685826524000,1310988,-9.202424e-05,-0.00010188691,-2.334146e-05,0.15,1.5609699e-07,1.5538613e-07,3.1170495e-07,1310988,-0.0108428,0.0020991927,0.005293111,0.4,4.150451e-05,4.6468227e-05,8.597488e-06,197388,0.0002860093,0.00057875493,0.00010249189,0.5,2.0972254e-06,2.4994374e-06,4.192114e-05,160,1,1,1,1,1,1
1771685827676000,1771685827676000,1771685827524000,1310988,-8.2087725e-05,-0.00010618645,-4.502168e-06,0.15,1.55057e-07,1.5458716e-07,3.1321161e-07,1310988,-0.010845125,0.002120117,0.0052239923,0.4,4.156138e-05,4.652303e-05,8.594248e-06,197388,0.000287698,0.000598827,0.00010323897,0.5,2.0824243e-06,2.4914182e-06,4.1906987e-05,160,1,1,1,1,1,1
1771685828676000,1771685828676000,1771685828524000,1310988,-7.080416e-05,-9.0983965e-05,9.307264e-06,0.15,1.5446479e-07,1.5413823e-07,3.146858e-07,1310988,-0.010845567,0.0021225724,0.0051609986,0.4,4.1626918e-05,4.658908e-05,8.594699e-06,197388,0.00028878357,0.00061206747,0.000105123894,0.5,2.0680893e-06,2.4844885e-06,4.189335e-05,160,1,1,1,1,1,1
1771685829676000,1771685829676000,1771685829524000,1310988,-7.046087e-05,-7.0543436e-05,1.5279573e-05,0.15,1.5394473e-07,1.5370686e-07,3.1652345e-07,1310988,-0.010842096,0.0021203822,0.005118086,0.4,4.169527e-05,4.6658814e-05,8.595096e-06,197388,0.00028635588,0.00061783683,0.00010965381,0.5,2.055097e-06,2.4788494e-06,4.1881154e-05,160,1,1,1,1,1,1
1771685830676000,1771685830676000,1771685830524000,1310988,-8.530264e-05,-4.626141e-05,2.230677e-05,0.15,1.534825e-07,1.5327079e-07,3.1786703e-07,1310988,-0.0108340755,0.0021187945,0.0050731027,0.4,4.17643e-05,4.672982e-05,8.595563e-06,197388,0.00027683983,0.0006244785,0.00010510082,0.5,2.0416342e-06,2.4735664e-06,4.1868247e-05,160,1,1,1,1,1,1
1771685831676000,1771685831676000,1771685831524000,1310988,-9.96244e-05,-1.5990683e-05,2.241449e-05,0.15,1.530788e-07,1.5286487e-07,3.190966e-07,1310988,-0.010826734,0.0021167346,0.0050295014,0.4,4.1833486e-05,4.6801255e-05,8.5960455e-06,197388,0.0002676489,0.0006262053,9.500606e-05,0.5,2.028573e-06,2.4690119e-06,4.185539e-05,160,1,1,1,1,1,1
1771685832676000,1771685832676000,1771685832524000,1310988,-0.0001145163,-2.504235e-06,2.3909242e-05,0.15,1.5231059e-07,1.5210027e-07,3.2064582e-07,1310988,-0.010822408,0.0021165872,0.0049851113,0.4,4.1902913e-05,4.6872836e-05,8.592844e-06,197388,0.00026623462,0.0006279578,9.10847e-05,0.5,2.016697e-06,2.4653812e-06,4.184386e-05,160,1,1,1,1,1,1
1771685833676000,1771685833676000,1771685833524000,1310988,-0.00011793301,-7.9283853e-07,3.0994102e-05,0.15,1.5199664e-07,1.5178523e-07,3.2161617e-07,1310988,-0.010817861,0.0021174215,0.0049360422,0.4,4.1972147e-05,4.6944493e-05,8.593333e-06,197388,0.00025520677,0.00063233415,8.755222e-05,0.5,2.004343e-06,2.462144e-06,4.1831598e-05,160,1,1,1,1,1,1
1771685834676000,1771685834676000,1771685834524000,1310988,-0.00011422827,-9.642922e-06,4.1982938e-05,0.15,1.5172581e-07,1.5152905e-07,3.2240897e-07,1310988,-0.010812433,0.0021192378,0.004887894,0.4,4.2041418e-05,4.7016165e-05,8.593771e-06,197388,0.0002535999,0.00063851324,8.249549e-05,0.5,1.9923125e-06,2.459527e-06,4.1819378e-05,160,1,1,1,1,1,1
1771685835676000,1771685835676000,1771685835524000,1310988,-0.00010343319,-1.1313787e-05,4.1978583e-05,0.15,1.5148792e-07,1.5131725e-07,3.2302637e-07,1310988,-0.010806346,0.002120005,0.0048436816,0.4,4.21108e-05,4.7087717e-05,8.594278e-06,197388,0.00026538086,0.0006389973,7.414512e-05,0.5,1.9805962e-06,2.4574292e-06,4.1807314e-05,160,1,1,1,1,1,1
1771685836676000,1771685836676000,1771685836524000,1310988,-8.8562425e-05,4.6903397e-06,4.0811745e-05,0.15,1.5089846e-07,1.5076023e-07,3.2401624e-07,1310988,-0.010801605,0.0021219316,0.0048129167,0.4,4.218041e-05,4.7159323e-05,8.591117e-06,197388,0.00026643445,0.0006380417,7.337525e-05,0.5,1.969934e-06,2.455848e-06,4.1796826e-05,160,1,1,1,1,1,1
1771685837676000,1771685837676000,1771685837524000,1310988,-8.432719e-05,2.1988413e-05,4.5695127e-05,0.15,1.5076894e-07,1.5063794e-07,3.2451803e-07,1310988,-0.010795465,0.0021237773,0.0047932914,0.4,4.2249994e-05,4.723099e-05,8.591651e-06,197388,0.00025384282,0.0006399374,6.430873e-05,0.5,1.958882e-06,2.454457e-06,4.1786174e-05,160,1,1,1,1,1,1
1771685838676000,1771685838676000,1771685838524000,1310988,-8.411908e-05,3.252789e-05,5.11706e-05,0.15,1.5066476e-07,1.5053018e-07,3.2498852e-07,1310988,-0.010793811,0.0021248162,0.0047813463,0.4,4.2319618e-05,4.7302732e-05,8.592101e-06,197388,0.00024194313,0.0006416225,6.44829e-05,0.5,1.9481529e-06,2.4533185e-06,4.177572e-05,160,1,1,1,1,1,1
1771685839676000,1771685839676000,1771685839524000,1310988,-8.707562e-05,3.2018233e-05,6.859171e-05,0.15,1.5060037e-07,1.5046041e-07,3.258933e-07,1310988,-0.010793753,0.0021268323,0.004754944,0.4,4.2389463e-05,4.737448e-05,8.592645e-06,197388,0.0002389268,0.00064750796,7.983556e-05,0.5,1.938375e-06,2.452471e-06,4.176591e-05,160,1,1,1,1,1,1
1771685840676000,1771685840676000,1771685840524000,1310988,-8.920534e-05,2.8857923e-05,6.517062e-05,0.15,1.5012102e-07,1.499818e-07,3.2614818e-07,1310988,-0.01079135,0.002126696,0.004722525,0.4,4.245919e-05,4.744622e-05,8.589492e-06,197388,0.00024559736,0.0006465204,7.4041585e-05,0.5,1.9281551e-06,2.4518183e-06,4.17554e-05,160,1,1,1,1,1,1
1771685841676000,1771685841676000,1771685841524000,1310988,-9.09559e-05,2.0938438e-05,7.0868395e-05,0.15,1.5006958e-07,1.4993206e-07,3.2628367e-07,1310988,-0.010788186,0.0021273359,0.0046751276,0.4,4.2528896e-05,4.7518017e-05,8.590026e-06,197388,0.00024065678,0.0006472984,7.064246e-05,0.5,1.9182323e-06,2.4513781e-06,4.1745283e-05,160,1,1,1,1,1,1
1771685842676000,1771685842676000,1771685842524000,1310988,-9.423139e-05,1.4076577e-05,7.519714e-05,0.15,1.5004642e-07,1.4991616e-07,3.2687007e-07,1310988,-0.010789067,0.0021278027,0.0046360916,0.4,4.2598756e-05,4.7589816e-05,8.590525e-06,197388,0.00023600753,0.00064787484,7.637249e-05,0.5,1.9091885e-06,2.4511128e-06,4.1736137e-05,160,1,1,1,1,1,1
1771685843676000,1771685843676000,1771685843524000,1310988,-9.790518e-05,2.1052006e-06,7.837851e-05,0.15,1.5002473e-07,1.4989755e-07,3.268812e-07,1310988,-0.010786391,0.002127977,0.0045994525,0.4,4.266855e-05,4.766161e-05,8.591087e-06,197388,0.0002391362,0.00064832496,7.193271e-05,0.5,1.8997616e-06,2.4509463e-06,4.1726642e-05,160,1,1,1,1,1,1
1771685844676000,1771685844676000,1771685844524000,1310988,-9.3613424e-05,-2.285578e-05,7.457103e-05,0.15,1.5002152e-07,1.4989706e-07,3.2683528e-07,1310988,-0.010790407,0.0021268693,0.004568299,0.4,4.2738393e-05,4.7733407e-05,8.5916645e-06,197388,0.00024326667,0.00064776797,7.9885685e-05,0.5,1.890573e-06,2.4508663e-06,4.1717318e-05,160,1,1,1,1,1,1
1771685845676000,1771685845676000,1771685845524000,1310988,-9.358055e-05,-4.329936e-05,8.124783e-05,0.15,1.4961951e-07,1.4950132e-07,3.26715e-07,1310988,-0.0107897585,0.0021267196,0.0045430698,0.4,4.2808224e-05,4.7805202e-05,8.588548e-06,197388,0.00023902864,0.0006480068,7.918245e-05,0.5,1.8815989e-06,2.4508495e-06,4.1708026e-05,160,1,1,1,1,1,1
1771685846676000,1771685846676000,1771685846524000,1310988,-9.252604e-05,-7.029072e-05,9.1200134e-05,0.15,1.4965107e-07,1.4954007e-07,3.2707894e-07,1310988,-0.010788941,0.0021265347,0.0045266845,0.4,4.287819e-05,4.7877e-05,8.589111e-06,197388,0.00024033953,0.00064836023,7.8758334e-05,0.5,1.8734321e-06,2.4508777e-06,4.169954e-05,160,1,1,1,1,1,1
1771685847676000,1771685847676000,1771685847524000,1310988,-9.7828866e-05,-9.758277e-05,9.39874e-05,0.15,1.4968383e-07,1.4957253e-07,3.2688882e-07,1310988,-0.01079428,0.0021257503,0.0045034527,0.4,4.2948086e-05,4.7948797e-05,8.5896345e-06,197388,0.0002378733,0.0006478888,8.994515e-05,0.5,1.8649154e-06,2.4509236e-06,4.1690797e-05,160,1,1,1,1,1,1
1771685848676000,1771685848676000,1771685848524000,1310988,-9.842669e-05,-0.000108051034,8.567592e-05,0.15,1.4972106e-07,1.4960717e-07,3.2667944e-07,1310988,-0.010796167,0.002125183,0.0044765472,0.4,4.3017983e-05,4.8020607e-05,8.590222e-06,197388,0.00024160856,0.0006478319,9.2401475e-05,0.5,1.8566084e-06,2.4509782e-06,4.168209e-05,160,1,1,1,1,1,1
1771685849676000,1771685849676000,1771685849524000,1310988,-9.946685e-05,-0.00010633548,8.6010325e-05,0.15,1.4937444e-07,1.4926663e-07,3.2698185e-07,1310988,-0.010796017,0.0021252185,0.004441603,0.4,4.3088072e-05,4.8092457e-05,8.5871325e-06,197388,0.00023186623,0.00064727676,9.15176e-05,0.5,1.8490377e-06,2.451026e-06,4.1674422e-05,160,1,1,1,1,1,1
1771685850676000,1771685850676000,1771685850524000,1310988,-9.973127e-05,-0.0001025638,8.429225e-05,0.15,1.4943087e-07,1.4931383e-07,3.2680703e-07,1310988,-0.010797664,0.0021253,0.004420929,0.4,4.315808e-05,4.8164307e-05,8.587736e-06,197388,0.00023372722,0.0006476057,9.849787e-05,0.5,1.8411545e-06,2.4510407e-06,4.1666528e-05,160,1,1,1,1,1,1
1771685851676000,1771685851676000,1771685851524000,1310988,-8.972476e-05,-8.9417495e-05,8.539207e-05,0.15,1.4948941e-07,1.4936222e-07,3.2663692e-07,1310988,-0.010795026,0.0021254227,0.004394293,0.4,4.3228105e-05,4.8236157e-05,8.58826e-06,197388,0.00024175935,0.0006488463,0.00010115926,0.5,1.8334526e-06,2.45104e-06,4.1658663e-05,160,1,1,1,1,1,1
1771685852676000,1771685852676000,1771685852524000,1310988,-7.350788e-05,-7.111946e-05,9.64195e-05,0.15,1.4955226e-07,1.4941912e-07,3.2642353e-07,1310988,-0.010791372,0.0021260907,0.00437839,0.4,4.3298303e-05,4.8308008e-05,8.588872e-06,197388,0.0002486116,0.0006489543,0.00010452335,0.5,1.8259394e-06,2.4510234e-06,4.1650976e-05,160,1,1,1,1,1,1
1771685853676000,1771685853676000,1771685853524000,1310988,-5.122415e-05,-5.1356674e-05,9.560092e-05,0.15,1.4922574e-07,1.4909912e-07,3.2673233e-07,1310988,-0.010792364,0.002126313,0.0043653944,0.4,4.336854e-05,4.8379858e-05,8.585795e-06,197388,0.00024975606,0.00064959,0.00011447437,0.5,1.8190694e-06,2.4509743e-06,4.1643943e-05,160,1,1,1,1,1,1
1771685854676000,1771685854676000,1771685854524000,1310988,-2.523343e-05,-4.722586e-05,8.7699824e-05,0.15,1.4929077e-07,1.4916009e-07,3.2649564e-07,1310988,-0.010794484,0.00212567,0.004349992,0.4,4.3438708e-05,4.8451708e-05,8.586405e-06,197388,0.00024989227,0.0006511459,0.00012306574,0.5,1.8118893e-06,2.450881e-06,4.163639e-05,160,1,1,1,1,1,1
1771685855676000,1771685855676000,1771685855524000,1310988,-4.111159e-07,-5.2468597e-05,8.763013e-05,0.15,1.4936019e-07,1.4923164e-07,3.2618547e-07,1310988,-0.010798578,0.0021254187,0.0043451334,0.4,4.3508957e-05,4.8523558e-05,8.586963e-06,197388,0.0002447479,0.0006506864,0.0001341446,0.5,1.8048677e-06,2.4507422e-06,4.1628886e-05,160,1,1,1,1,1,1
1771685856676000,1771685856676000,1771685856524000,1310988,2.0464442e-05,-5.504391e-05,9.305951e-05,0.15,1.4944543e-07,1.4932965e-07,3.2632803e-07,1310988,-0.010794513,0.0021264555,0.0043392368,0.4,4.357932e-05,4.8595408e-05,8.58758e-06,197388,0.00024644588,0.0006490543,0.00012753857,0.5,1.7984501e-06,2.4505493e-06,4.1622014e-05,160,1,1,1,1,1,1
1771685857676000,1771685857676000,1771685857524000,1310988,4.064805e-05,-5.1741226e-05,8.328379e-05,0.15,1.4951809e-07,1.4940481e-07,3.2590376e-07,1310988,-0.010794072,0.0021273438,0.00432452,0.4,4.3649627e-05,4.8667258e-05,8.588218e-06,197388,0.00025158905,0.0006504462,0.00012835897,0.5,1.7917481e-06,2.4502851e-06,4.161491e-05,160,1,1,1,1,1,1
1771685858676000,1771685858676000,1771685858524000,1310988,6.1705934e-05,-4.1223324e-05,7.277029e-05,0.15,1.4918547e-07,1.4907552e-07,3.254987e-07,1310988,-0.010794418,0.00212778,0.004294303,0.4,4.371994e-05,4.8739108e-05,8.585165e-06,197388,0.00024931718,0.00065219466,0.00012995246,0.5,1.7851987e-06,2.4499939e-06,4.1608095e-05,160,1,1,1,1,1,1
1771685859676000,1771685859676000,1771685859524000,1310988,7.022762e-05,-2.7334443e-05,7.739556e-05,0.15,1.4927349e-07,1.4916242e-07,3.257176e-07,1310988,-0.010793728,0.002127861,0.0042680604,0.4,4.37904e-05,4.8810958e-05,8.585787e-06,197388,0.00025295984,0.0006520096,0.00013535617,0.5,1.779226e-06,2.4497015e-06,4.160178e-05,160,1,1,1,1,1,1
1771685860676000,1771685860676000,1771685860524000,1310988,6.6732784e-05,-1.0189982e-05,9.0712616e-05,0.15,1.4935048e-07,1.492298e-07,3.2542738e-07,1310988,-0.010789867,0.0021278847,0.0042411736,0.4,4.3860786e-05,4.888281e-05,8.586364e-06,197388,0.00024310237,0.0006488151,0.00012695874,0.5,1.7729622e-06,2.4493515e-06,4.159488e-05,160,1,1,1,1,1,1
1771685861676000,1771685861676000,1771685861524000,1310988,5.969989e-05,-4.528055e-06,8.764623e-05,0.15,1.494332e-07,1.4930752e-07,3.2510127e-07,1310988,-0.010787293,0.0021281666,0.004235598,0.4,4.393121e-05,4.895466e-05,8.587012e-06,197388,0.00024810634,0.00064983644,0.000122006146,0.5,1.7668365e-06,2.4489682e-06,4.1588275e-05,160,1,1,1,1,1,1
1771685862676000,1771685862676000,1771685862524000,1310988,5.2069456e-05,-4.5366655e-06,7.947974e-05,0.15,1.4911535e-07,1.4899253e-07,3.2472605e-07,1310988,-0.0107841445,0.0021283494,0.004237538,0.4,4.400164e-05,4.902651e-05,8.5839865e-06,197388,0.00025658708,0.00065238663,0.00011449634,0.5,1.760841e-06,2.4485219e-06,4.1581847e-05,160,1,1,1,1,1,1
1771685863676000,1771685863676000,1771685863524000,1310988,4.0304552e-05,-1.3335942e-05,7.8903555e-05,0.15,1.492123e-07,1.4909608e-07,3.2487932e-07,1310988,-0.010787289,0.00212817,0.0042318827,0.4,4.4072207e-05,4.909836e-05,8.5846505e-06,197388,0.00025040813,0.00065200904,0.00011951313,0.5,1.755361e-06,2.4480569e-06,4.1575804e-05,160,1,1,1,1,1,1
1771685864676000,1771685864676000,1771685864524000,1310988,4.2266503e-05,-1.876569e-05,7.936221e-05,0.15,1.4928506e-07,1.4917107e-07,3.2445564e-07,1310988,-0.010787404,0.0021281946,0.004224103,0.4,4.4142693e-05,4.917021e-05,8.585228e-06,197388,0.00024795494,0.00065160217,0.000119501514,0.5,1.7496193e-06,2.4475075e-06,4.1569423e-05,160,1,1,1,1,1,1
1771685865676000,1771685865676000,1771685865524000,1310988,5.4090724e-05,-1.721944e-05,6.682936e-05,0.15,1.4936855e-07,1.4925446e-07,3.2404037e-07,1310988,-0.010783065,0.0021286365,0.0042173336,0.4,4.4213215e-05,4.924206e-05,8.585891e-06,197388,0.0002494237,0.0006548242,0.00010913666,0.5,1.7440154e-06,2.4469239e-06,4.1563326e-05,160,1,1,1,1,1,1
1771685866676000,1771685866676000,1771685866524000,1310988,7.110237e-05,-8.273773e-07,7.0812755e-05,0.15,1.4906749e-07,1.4895893e-07,3.2422898e-07,1310988,-0.010777955,0.0021291932,0.004201738,0.4,4.428384e-05,4.931391e-05,8.582866e-06,197388,0.00025325204,0.0006537337,0.00010137625,0.5,1.7388794e-06,2.4463677e-06,4.15576e-05,160,1,1,1,1,1,1
1771685867676000,1771685867676000,1771685867524000,1310988,9.5091265e-05,1.1751284e-05,8.0658756e-05,0.15,1.4905429e-07,1.4893939e-07,3.2392208e-07,1310988,-0.010774248,0.0021268758,0.0041504544,0.4,4.4354383e-05,4.9385635e-05,8.583523e-06,197388,0.00025134438,0.00065109646,0.00010045776,0.5,1.7334995e-06,2.4457318e-06,4.155165e-05,160,1,1,1,1,1,1
1771685868676000,1771685868676000,1771685868524000,1310988,0.00010942486,3.1320116e-05,8.092374e-05,0.15,1.4902324e-07,1.4890325e-07,3.2363405e-07,1310988,-0.010768227,0.002125341,0.0041139456,0.4,4.442491e-05,4.9457216e-05,8.584125e-06,197388,0.00025052487,0.0006508515,9.500713e-05,0.5,1.7282213e-06,2.4451003e-06,4.1545885e-05,160,1,1,1,1,1,1
1771685869676000,1771685869676000,1771685869524000,1310988,0.00010857721,3.2474047e-05,9.274285e-05,0.15,1.4905527e-07,1.4893126e-07,3.2334364e-07,1310988,-0.01076494,0.0021250276,0.004062652,0.4,4.449546e-05,4.9528895e-05,8.584789e-06,197388,0.0002450607,0.0006470549,9.014416e-05,0.5,1.7230572e-06,2.4444719e-06,4.154038e-05,160,1,1,1,1,1,1
1771685870676000,1771685870676000,1771685870524000,1310988,0.00010038919,1.1956628e-05,9.196228e-05,0.15,1.4915953e-07,1.4903802e-07,3.2358219e-07,1310988,-0.010766711,0.002126268,0.0040392014,0.4,4.456619e-05,4.9600687e-05,8.5854745e-06,197388,0.00024016267,0.0006461799,9.083304e-05,0.5,1.7183189e-06,2.4438693e-06,4.1535146e-05,160,1,1,1,1,1,1
1771685871676000,1771685871676000,1771685871524000,1310988,8.791926e-05,-2.3816205e-05,8.5902524e-05,0.15,1.4887111e-07,1.4875874e-07,3.2315702e-07,1310988,-0.010770642,0.0021277072,0.0040283655,0.4,4.4636836e-05,4.9672526e-05,8.582476e-06,197388,0.0002372413,0.0006464591,9.768705e-05,0.5,1.7133297e-06,2.4431022e-06,4.152908e-05,160,1,1,1,1,1,1
1771685872676000,1771685872676000,1771685872524000,1310988,7.210287e-05,-6.2394865e-05,8.287664e-05,0.15,1.4902923e-07,1.4892416e-07,3.2265433e-07,1310988,-0.010769077,0.0021275473,0.0040320973,0.4,4.4707416e-05,4.9744223e-05,8.5831525e-06,197388,0.0002422722,0.00064691395,9.9032084e-05,0.5,1.7084614e-06,2.4422295e-06,4.1523246e-05,160,1,1,1,1,1,1
1771685873676000,1771685873676000,1771685873524000,1310988,6.517003e-05,-0.000103008184,8.564574e-05,0.15,1.4920894e-07,1.4911278e-07,3.2272072e-07,1310988,-0.010761976,0.0021272977,0.004040886,0.4,4.4778008e-05,4.981585e-05,8.58378e-06,197388,0.00025023648,0.00064552494,9.269391e-05,0.5,1.7040164e-06,2.4414298e-06,4.1518153e-05,160,1,1,1,1,1,1
1771685874676000,1771685874676000,1771685874524000,1310988,5.417755e-05,-0.000120319564,8.697583e-05,0.15,1.4934234e-07,1.4924456e-07,3.2230759e-07,1310988,-0.010756451,0.0021256793,0.0040415707,0.4,4.4848475e-05,4.9887534e-05,8.584463e-06,197388,0.0002494365,0.0006451604,8.30796e-05,0.5,1.6993557e-06,2.4406295e-06,4.151265e-05,160,1,1,1,1,1,1
1771685875676000,1771685875676000,1771685875524000,1310988,4.2544503e-05,-0.000116426934,9.1259855e-05,0.15,1.490492e-07,1.4894964e-07,3.2196948e-07,1310988,-0.010750271,0.0021248728,0.004044336,0.4,4.4918976e-05,4.995933e-05,8.581474e-06,197388,0.00025632905,0.000644085,7.1482034e-05,0.5,1.6947984e-06,2.4398612e-06,4.1507545e-05,160,1,1,1,1,1,1
1771685876676000,1771685876676000,1771685876524000,1310988,3.376168e-05,-0.000111702924,8.4372616e-05,0.15,1.4916837e-07,1.4906362e-07,3.2229218e-07,1310988,-0.010751491,0.0021250437,0.0040527657,0.4,4.4989603e-05,5.003118e-05,8.582172e-06,197388,0.00026237607,0.00064587,7.693009e-05,0.5,1.6906413e-06,2.4391709e-06,4.1503004e-05,160,1,1,1,1,1,1
1771685877676000,1771685877676000,1771685877524000,1310988,2.5314723e-05,-0.000100620106,8.2063685e-05,0.15,1.4926424e-07,1.4914488e-07,3.2213478e-07,1310988,-0.010751788,0.0021253,0.004045062,0.4,4.5060184e-05,5.010303e-05,8.582784e-06,197388,0.00025778482,0.0006455966,7.4006726e-05,0.5,1.6862682e-06,2.4384517e-06,4.149816e-05,160,1,1,1,1,1,1
1771685878676000,1771685878676000,1771685878524000,1310988,1.707246e-05,-9.047626e-05,7.985922e-05,0.15,1.4935456e-07,1.4922352e-07,3.2197238e-07,1310988,-0.01074736,0.0021257463,0.00403437,0.4,4.5130782e-05,5.017488e-05,8.583486e-06,197388,0.00026051298,0.00064594415,6.500615e-05,0.5,1.6819754e-06,2.4377696e-06,4.1493287e-05,160,1,1,1,1,1,1
1771685879420000,1771685879420000,1771685879268000,1310988,1.2475812e-05,-7.92777e-05,8.508861e-05,0.15,1.4906871e-07,1.4893835e-07,3.2190445e-07,1310988,-0.010767634,0.002126454,0.00509821,0.4,4.518336e-05,5.0228336e-05,8.580831e-06,197388,0.00025794996,0.0006440759,5.576218e-05,0.5,1.6788686e-06,2.4372748e-06,4.1489668e-05,160,1,1,1,1,1,1
1771685880196000,1771685880196000,1771685880044000,1310988,1.1546467e-05,-7.4515614e-05,8.2691746e-05,0.15,1.4904195e-07,1.4891464e-07,3.2207407e-07,1310988,-0.010792138,0.002125623,0.0061365194,0.4,4.5238234e-05,5.0284092e-05,8.580433e-06,197388,0.00024997225,0.00064419257,5.866048e-05,0.5,1.6758106e-06,2.4367773e-06,4.1486117e-05,160,1,1,1,1,1,1
1771685881084000,1771685881084000,1771685880932000,1310988,2.04401e-05,-6.514286e-05,7.951459e-05,0.15,1.4906955e-07,1.4894304e-07,3.2204164e-07,1310988,-0.01080942,0.0021246348,0.0071733654,0.4,4.5300996e-05,5.0347895e-05,8.580581e-06,197388,0.00025283915,0.00064521027,5.2026215e-05,0.5,1.6722595e-06,2.4361832e-06,4.1482006e-05,160,1,1,1,1,1,1
1771685882084000,1771685882084000,1771685881932000,1310988,2.7122434e-05,-5.9446247e-05,7.993563e-05,0.15,1.4877553e-07,1.4864777e-07,3.2000946e-07,1310988,-0.010829697,0.0021224087,0.008088325,0.4,4.5371646e-05,5.0417068e-05,8.581306e-06,197388,0.00024464753,0.0006445551,5.3852546e-05,0.5,1.6682388e-06,2.4352914e-06,4.147737e-05,160,1,1,1,1,1,1
1771685883084000,1771685883084000,1771685882932000,1310988,3.6051257e-05,-4.542332e-05,8.5750224e-05,0.15,1.4843461e-07,1.483046e-07,3.1767243e-07,1310988,-0.010838654,0.002120312,0.008755527,0.4,4.5442295e-05,5.048557e-05,8.581944e-06,197388,0.00024433737,0.00064265035,4.7230107e-05,0.5,1.6642958e-06,2.4343815e-06,4.1472806e-05,160,1,1,1,1,1,1
1771685884084000,1771685884084000,1771685883932000,1310988,4.4003795e-05,-3.0123747e-05,9.952738e-05,0.15,1.4815755e-07,1.4803226e-07,3.159938e-07,1310988,-0.010843964,0.0021183863,0.00918878,0.4,4.5513065e-05,5.055433e-05,8.582669e-06,197388,0.0002490314,0.0006386621,4.56482e-05,0.5,1.6606828e-06,2.433555e-06,4.1468647e-05,160,1,1,1,1,1,1
