timestamp,ping_time,pub_timestamp,ping_sequence,dropped_packets,rtt_ms,system_id,component_id,publisher_id
1771685522812000,1771685522812000,0,598,0,0.0,245,190,0
1771685523812000,1771685523812000,0,599,0,0.0,245,190,0
1771685524812000,1771685524812000,0,600,0,0.0,245,190,0
1771685525812000,1771685525812000,0,601,0,0.0,245,190,0
1771685526812000,1771685526812000,0,602,0,0.0,245,190,0
1771685527812000,1771685527812000,0,603,0,0.0,245,190,0
1771685528812000,1771685528812000,0,604,0,0.0,245,190,0
1771685529812000,1771685529812000,0,605,0,0.0,245,190,0
1771685530812000,1771685530812000,0,606,0,0.0,245,190,0
1771685531812000,1771685531812000,0,607,0,0.0,245,190,0
1771685532812000,1771685532812000,0,608,0,0.0,245,190,0
1771685533812000,1771685533812000,0,609,0,0.0,245,190,0
1771685534812000,1771685534812000,0,610,0,0.0,245,190,0
1771685535812000,1771685535812000,0,611,0,0.0,245,190,0
1771685536812000,1771685536812000,0,612,0,0.0,245,190,0
1771685537812000,1771685537812000,0,613,0,0.0,245,190,0
1771685538812000,1771685538812000,0,614,0,0.0,245,190,0
1771685539812000,1771685539812000,0,615,0,0.0,245,190,0
1771685540812000,1771685540812000,0,616,0,0.0,245,190,0
1771685541812000,1771685541812000,0,617,0,0.0,245,190,0
1771685542812000,1771685542812000,0,618,0,0.0,245,190,0
1771685543812000,1771685543812000,0,619,0,0.0,245,190,0
1771685544812000,1771685544812000,0,620,0,0.0,245,190,0
1771685545812000,1771685545812000,0,621,0,0.0,245,190,0
1771685546812000,1771685546812000,0,622,0,0.0,245,190,0
1771685547812000,1771685547812000,0,623,0,0.0,245,190,0
1771685548812000,1771685548812000,0,624,0,0.0,245,190,0
1771685549812000,1771685549812000,0,625,0,0.0,245,190,0
1771685550812000,1771685550812000,0,626,0,0.0,245,190,0
1771685551812000,1771685551812000,0,627,0,0.0,245,190,0
1771685552812000,1771685552812000,0,628,0,0.0,245,190,0
1771685553812000,1771685553812000,0,629,0,0.0,245,190,0
1771685554812000,1771685554812000,0,630,0,0.0,245,190,0
1771685555812000,1771685555812000,0,631,0,0.0,245,190,0
1771685556812000,1771685556812000,0,632,0,0.0,245,190,0
1771685557812000,1771685557812000,0,633,0,0.0,245,190,0
1771685558812000,1771685558812000,0,634,0,0.0,245,190,0
1771685559812000,1771685559812000,0,635,0,0.0,245,190,0
1771685560812000,1771685560812000,0,636,0,0.0,245,190,0
1771685561812000,1771685561812000,0,637,0,0.0,245,190,0
1771685562812000,1771685562812000,0,638,0,0.0,245,190,0
1771685563812000,1771685563812000,0,639,0,0.0,245,190,0
1771685564812000,1771685564812000,0,640,0,0.0,245,190,0
1771685565812000,1771685565812000,0,641,0,0.0,245,190,0
1771685566812000,1771685566812000,0,642,0,0.0,245,190,0
1771685567812000,1771685567812000,0,643,0,0.0,245,190,0
1771685568812000,1771685568812000,0,644,0,0.0,245,190,0
1771685569812000,1771685569812000,0,645,0,0.0,245,190,0
1771685570812000,1771685570812000,0,646,0,0.0,245,190,0
1771685571812000,1771685571812000,0,647,0,0.0,245,190,0
1771685572812000,1771685572812000,0,648,0,0.0,245,190,0
1771685573812000,1771685573812000,0,649,0,0.0,245,190,0
1771685574812000,1771685574812000,0,650,0,0.0,245,190,0
1771685575812000,1771685575812000,0,651,0,0.0,245,190,0
1771685576812000,1771685576812000,0,652,0,0.0,245,190,0
1771685577812000,1771685577812000,0,653,0,0.0,245,190,0
1771685578812000,1771685578812000,0,654,0,0.0,245,190,0
1771685579812000,1771685579812000,0,655,0,0.0,245,190,0
1771685580812000,1771685580812000,0,656,0,0.0,245,190,0
1771685581812000,1771685581812000,0,657,0,0.0,245,190,0
1771685582812000,1771685582812000,0,658,0,0.0,245,190,0
1771685583812000,1771685583812000,0,659,0,0.0,245,190,0
1771685584812000,1771685584812000,0,660,0,0.0,245,190,0
1771685585812000,1771685585812000,0,661,0,0.0,245,190,0
1771685586812000,1771685586812000,0,662,0,0.0,245,190,0
1771685587812000,1771685587812000,0,663,0,0.0,245,190,0
1771685588812000,1771685588812000,0,664,0,0.0,245,190,0
1771685589812000,1771685589812000,0,665,0,0.0,245,190,0
1771685590812000,1771685590812000,0,666,0,0.0,245,190,0
1771685591812000,1771685591812000,0,667,0,0.0,245,190,0
1771685592812000,1771685592812000,0,668,0,0.0,245,190,0
1771685593812000,1771685593812000,0,669,0,0.0,245,190,0
1771685594812000,1771685594812000,0,670,0,0.0,245,190,0
1771685595812000,1771685595812000,0,671,0,0.0,245,190,0
1771685596812000,1771685596812000,0,672,0,0.0,245,190,0
1771685597812000,1771685597812000,0,673,0,0.0,245,190,0
1771685598812000,1771685598812000,0,674,0,0.0,245,190,0
1771685599812000,1771685599812000,0,675,0,0.0,245,190,0
1771685600812000,1771685600812000,0,676,0,0.0,245,190,0
1771685601812000,1771685601812000,0,677,0,0.0,245,190,0
1771685602812000,1771685602812000,0,678,0,0.0,245,190,0
1771685603812000,1771685603812000,0,679,0,0.0,245,190,0
1771685604812000,1771685604812000,0,680,0,0.0,245,190,0
1771685605812000,1771685605812000,0,681,0,0.0,245,190,0
1771685606812000,1771685606812000,0,682,0,0.0,245,190,0
1771685607812000,1771685607812000,0,683,0,0.0,245,190,0
1771685608812000,1771685608812000,0,684,0,0.0,245,190,0
1771685609812000,1771685609812000,0,685,0,0.0,245,190,0
1771685610812000,1771685610812000,0,686,0,0.0,245,190,0
1771685611812000,1771685611812000,0,687,0,0.0,245,190,0
1771685612812000,1771685612812000,0,688,0,0.0,245,190,0
1771685613812000,1771685613812000,0,689,0,0.0,245,190,0
1771685614812000,1771685614812000,0,690,0,0.0,245,190,0
1771685615812000,1771685615812000,0,691,0,0.0,245,190,0
1771685616812000,1771685616812000,0,692,0,0.0,245,190,0
1771685617812000,1771685617812000,0,693,0,0.0,245,190,0
1771685618812000,1771685618812000,0,694,0,0.0,245,190,0
1771685619812000,1771685619812000,0,695,0,0.0,245,190,0
1771685620812000,1771685620812000,0,696,0,0.0,245,190,0
1771685621812000,1771685621812000,0,697,0,0.0,245,190,0
1771685622812000,1771685622812000,0,698,0,0.0,245,190,0
1771685623812000,1771685623812000,0,699,0,0.0,245,190,0
1771685624812000,1771685624812000,0,700,0,0.0,245,190,0
1771685625812000,1771685625812000,0,701,0,0.0,245,190,0
1771685626812000,1771685626812000,0,702,0,0.0,245,190,0
1771685627812000,1771685627812000,0,703,0,0.0,245,190,0
1771685628812000,1771685628812000,0,704,0,0.0,245,190,0
1771685629812000,1771685629812000,0,705,0,0.0,245,190,0
1771685630812000,1771685630812000,0,706,0,0.0,245,190,0
1771685631812000,1771685631812000,0,707,0,0.0,245,190,0
1771685632812000,1771685632812000,0,708,0,0.0,245,190,0
1771685633812000,1771685633812000,0,709,0,0.0,245,190,0
1771685634812000,1771685634812000,0,710,0,0.0,245,190,0
1771685635812000,1771685635812000,0,711,0,0.0,245,190,0
1771685636812000,1771685636812000,0,712,0,0.0,245,190,0
1771685637812000,1771685637812000,0,713,0,0.0,245,190,0
1771685638812000,1771685638812000,0,714,0,0.0,245,190,0
1771685639812000,1771685639812000,0,715,0,0.0,245,190,0
1771685640812000,1771685640812000,0,716,0,0.0,245,190,0
1771685641812000,1771685641812000,0,717,0,0.0,245,190,0
1771685642812000,1771685642812000,0,718,0,0.0,245,190,0
1771685643812000,1771685643812000,0,719,0,0.0,245,190,0
1771685644812000,1771685644812000,0,720,0,0.0,245,190,0
1771685645812000,1771685645812000,0,721,0,0.0,245,190,0
1771685646812000,1771685646812000,0,722,0,0.0,245,190,0
1771685647812000,1771685647812000,0,723,0,0.0,245,190,0
1771685648812000,1771685648812000,0,724,0,0.0,245,190,0
1771685649812000,1771685649812000,0,725,0,0.0,245,190,0
1771685650812000,1771685650812000,0,726,0,0.0,245,190,0
1771685651812000,1771685651812000,0,727,0,0.0,245,190,0
1771685652812000,1771685652812000,0,728,0,0.0,245,190,0
1771685653812000,1771685653812000,0,729,0,0.0,245,190,0
1771685654812000,1771685654812000,0,730,0,0.0,245,190,0
1771685655812000,1771685655812000,0,731,0,0.0,245,190,0
1771685656812000,1771685656812000,0,732,0,0.0,245,190,0
1771685657812000,1771685657812000,0,733,0,0.0,245,190,0
1771685658812000,1771685658812000,0,734,0,0.0,245,190,0
1771685659812000,1771685659812000,0,735,0,0.0,245,190,0
1771685660812000,1771685660812000,0,736,0,0.0,245,190,0
1771685661812000,1771685661812000,0,737,0,0.0,245,190,0
1771685662812000,1771685662812000,0,738,0,0.0,245,190,0
1771685663812000,1771685663812000,0,739,0,0.0,245,190,0
1771685664812000,1771685664812000,0,740,0,0.0,245,190,0
1771685665812000,1771685665812000,0,741,0,0.0,245,190,0
1771685666812000,1771685666812000,0,742,0,0.0,245,190,0
1771685667812000,1771685667812000,0,743,0,0.0,245,190,0
1771685668812000,1771685668812000,0,744,0,0.0,245,190,0
1771685669812000,1771685669812000,0,745,0,0.0,245,190,0
1771685670812000,1771685670812000,0,746,0,0.0,245,190,0
1771685671812000,1771685671812000,0,747,0,0.0,245,190,0
1771685672812000,1771685672812000,0,748,0,0.0,245,190,0
1771685673812000,1771685673812000,0,749,0,0.0,245,190,0
1771685674812000,1771685674812000,0,750,0,0.0,245,190,0
1771685675812000,1771685675812000,0,751,0,0.0,245,190,0
1771685676812000,1771685676812000,0,752,0,0.0,245,190,0
1771685677812000,1771685677812000,0,753,0,0.0,245,190,0
1771685678812000,1771685678812000,0,754,0,0.0,245,190,0
1771685679812000,1771685679812000,0,755,0,0.0,245,190,0
1771685680812000,1771685680812000,0,756,0,0.0,245,190,0
1771685681812000,1771685681812000,0,757,0,0.0,245,190,0
1771685682812000,1771685682812000,0,758,0,0.0,245,190,0
1771685683812000,1771685683812000,0,759,0,0.0,245,190,0
1771685684812000,1771685684812000,0,760,0,0.0,245,190,0
1771685685812000,1771685685812000,0,761,0,0.0,245,190,0
1771685686812000,1771685686812000,0,762,0,0.0,245,190,0
1771685687812000,1771685687812000,0,763,0,0.0,245,190,0
1771685688812000,1771685688812000,0,764,0,0.0,245,190,0
1771685689812000,1771685689812000,0,765,0,0.0,245,190,0
1771685690812000,1771685690812000,0,766,0,0.0,245,190,0
1771685691812000,1771685691812000,0,767,0,0.0,245,190,0
1771685692812000,1771685692812000,0,768,0,0.0,245,190,0
1771685693812000,1771685693812000,0,769,0,0.0,245,190,0
1771685694812000,1771685694812000,0,770,0,0.0,245,190,0
1771685695812000,1771685695812000,0,771,0,0.0,245,190,0
1771685696812000,1771685696812000,0,772,0,0.0,245,190,0
1771685697812000,1771685697812000,0,773,0,0.0,245,190,0
1771685698812000,1771685698812000,0,774,0,0.0,245,190,0
1771685699812000,1771685699812000,0,775,0,0.0,245,190,0
1771685700812000,1771685700812000,0,776,0,0.0,245,190,0
1771685701812000,1771685701812000,0,777,0,0.0,245,190,0
1771685702812000,1771685702812000,0,778,0,0.0,245,190,0
1771685703812000,1771685703812000,0,779,0,0.0,245,190,0
1771685704812000,1771685704812000,0,780,0,0.0,245,190,0
1771685705812000,1771685705812000,0,781,0,0.0,245,190,0
1771685706812000,1771685706812000,0,782,0,0.0,245,190,0
1771685707812000,1771685707812000,0,783,0,0.0,245,190,0
1771685708812000,1771685708812000,0,784,0,0.0,245,190,0
1771685709812000,1771685709812000,0,785,0,0.0,245,190,0
1771685710812000,1771685710812000,0,786,0,0.0,245,190,0
1771685711812000,1771685711812000,0,787,0,0.0,245,190,0
1771685712812000,1771685712812000,0,788,0,0.0,245,190,0
1771685713812000,1771685713812000,0,789,0,0.0,245,190,0
1771685714812000,1771685714812000,0,790,0,0.0,245,190,0
1771685715812000,1771685715812000,0,791,0,0.0,245,190,0
1771685716812000,1771685716812000,0,792,0,0.0,245,190,0
1771685717812000,1771685717812000,0,793,0,0.0,245,190,0
1771685718812000,1771685718812000,0,794,0,0.0,245,190,0
1771685719812000,1771685719812000,0,795,0,0.0,245,190,0
1771685720812000,1771685720812000,0,796,0,0.0,245,190,0
1771685721812000,1771685721812000,0,797,0,0.0,245,190,0
